stage,coefficient,max_relative_error,median_relative_error,method,relative_step,val_acc,train_acc,train_mse,mean_prefactor,diverged,scale,grid_edge
telescoping,0.4,1.1413987529099895e-11,,,,,,,,,,
telescoping,0.8,7.088822445121893e-12,,,,,,,,,,
telescoping,1.3,1.0842378245688057e-11,,,,,,,,,,
cf_residue,0.2,17470.595980706978,0.8639023339670762,,,,,,,,,
cf_residue,0.4,19629.132314236,0.8079179639652042,,,,,,,,,
cf_residue,0.6,14992.808875468836,0.7338336889971814,,,,,,,,,
cf_residue,0.8,25001.821334434993,0.6128222209571702,,,,,,,,,
cf_residue,0.95,8210.475094442072,0.27047523745545826,,,,,,,,,
cf_residue,0.999,13.466858297102602,0.004010019860807945,,,,,,,,,
step_gain,0.2,,,KarciFANN,0.5411249007126655,,,,,,,
step_gain,0.2,,,CF terminal,0.20438032190287558,,,,,,,
step_gain,0.2,,,CF chained,0.14712191457403034,,,,,,,
step_gain,0.4,,,KarciFANN,0.6011087126452029,,,,,,,
step_gain,0.4,,,CF terminal,0.25973269740981103,,,,,,,
step_gain,0.4,,,CF chained,0.23217333985873306,,,,,,,
step_gain,0.6,,,KarciFANN,0.6830874501356621,,,,,,,
step_gain,0.6,,,CF terminal,0.355200872671717,,,,,,,
step_gain,0.6,,,CF chained,0.38608545021704843,,,,,,,
step_gain,0.8,,,KarciFANN,0.8036743501398056,,,,,,,
step_gain,0.8,,,CF terminal,0.5529948836831038,,,,,,,
step_gain,0.8,,,CF chained,0.6584047289252778,,,,,,,
step_gain,0.95,,,KarciFANN,0.9402434151088058,,,,,,,
step_gain,0.95,,,CF terminal,0.864185186329338,,,,,,,
step_gain,0.95,,,CF chained,0.9193920763064389,,,,,,,
sweep,0.2,,,gradient descent,,0.901,0.8677454545454546,0.029170900545202386,nan,0,,
sweep,0.2,,,KarciFANN,,0.9584,0.9519090909090909,0.008788203327624618,9.662857445726491,0,,
sweep,0.2,,,CF terminal,,0.8686,0.8314,0.03293002539582497,0.06112411210780452,0,,
sweep,0.2,,,CF chained,,0.2926,0.29043636363636366,0.08433964273597043,nan,0,,
sweep,0.4,,,gradient descent,,0.9216,0.8926181818181819,0.02096161831246138,nan,0,,
sweep,0.4,,,KarciFANN,,0.9594,0.9483090909090909,0.009162965630370088,4.069863146709396,0,,
sweep,0.4,,,CF terminal,,0.892,0.8589454545454546,0.028272369871316944,0.08095022232876285,0,,
sweep,0.4,,,CF chained,,0.496,0.4773636363636364,0.07542288255474063,nan,0,,
sweep,0.6,,,gradient descent,,0.9292,0.9036,0.017910834041241157,nan,0,,
sweep,0.6,,,KarciFANN,,0.9522,0.9360727272727273,0.011061693616037116,1.8400404606381,0,,
sweep,0.6,,,CF terminal,,0.909,0.8765636363636363,0.02398895894341416,0.11861538121571813,0,,
sweep,0.6,,,CF chained,,0.7598,0.7190727272727273,0.046833086785484535,nan,0,,
sweep,0.8,,,gradient descent,,0.9346,0.911,0.01615405510412831,nan,0,,
sweep,0.8,,,KarciFANN,,0.9452,0.9256363636363636,0.013003116746109673,1.30541566157196,0,,
sweep,0.8,,,CF terminal,,0.919,0.892090909090909,0.02030259136222571,0.2171041044719199,0,,
sweep,0.8,,,CF chained,,0.9134,0.8828363636363636,0.022566180395942152,nan,0,,
sweep,0.95,,,gradient descent,,0.937,0.9153636363636364,0.015208593369114797,nan,0,,
sweep,0.95,,,KarciFANN,,0.9392,0.9187454545454545,0.014451266913724056,1.0608717357879203,0,,
sweep,0.95,,,CF terminal,,0.9316,0.9050181818181818,0.01738399146324993,0.5278406849193485,0,,
sweep,0.95,,,CF chained,,0.9324,0.9068545454545455,0.017061030100965355,nan,0,,
sweep,1.0,,,gradient descent,,0.9376,0.9164909090909091,0.01493816621076448,nan,0,,
sweep,1.0,,,KarciFANN,,0.9376,0.9164909090909091,0.01493816621076448,1.0,0,,
sweep,1.0,,,CF terminal,,0.9376,0.9164909090909091,0.01493816621076448,1.0,0,,
sweep,1.0,,,CF chained,,0.9376,0.9164909090909091,0.01493816621076448,nan,0,,
tune,0.2,,,gradient descent,,0.689,0.6591818181818182,0.061002033019424126,,0,0.25,
tune,0.2,,,KarciFANN,,0.9368,0.9142181818181818,0.015092533411009353,,0,0.25,
tune,0.2,,,CF terminal,,0.514,0.4898,0.07707165377325241,,0,0.25,
tune,0.2,,,CF chained,,0.2526,0.2565272727272727,0.08916901868467587,,0,0.25,
tune,0.2,,,gradient descent,,0.8418,0.8019272727272727,0.04297528636002284,,0,0.5,
tune,0.2,,,KarciFANN,,0.953,0.939509090909091,0.010683639890652739,,0,0.5,
tune,0.2,,,CF terminal,,0.6928,0.6597272727272727,0.05537216198837268,,0,0.5,
tune,0.2,,,CF chained,,0.2456,0.2493090909090909,0.08810344590914798,,0,0.5,
tune,0.2,,,gradient descent,,0.901,0.8677454545454546,0.029170900545202386,,0,1,
tune,0.2,,,KarciFANN,,0.9584,0.9519090909090909,0.008788203327624618,,0,1,
tune,0.2,,,CF terminal,,0.8686,0.8314,0.03293002539582497,,0,1,
tune,0.2,,,CF chained,,0.2926,0.29043636363636366,0.08433964273597043,,0,1,
tune,0.2,,,gradient descent,,0.9216,0.8926181818181819,0.02096161831246138,,0,2,
tune,0.2,,,KarciFANN,,0.9564,0.9531636363636363,0.009256661209650139,,0,2,
tune,0.2,,,CF terminal,,0.9156,0.8846909090909091,0.02133343756274902,,0,2,
tune,0.2,,,CF chained,,0.5072,0.4894909090909091,0.07448836735543879,,0,2,
tune,0.2,,,gradient descent,,0.9346,0.911,0.01615405510412831,,0,4,
tune,0.2,,,KarciFANN,,0.9652,0.9640727272727273,0.0070428753922982855,,0,4,
tune,0.2,,,CF terminal,,0.932,0.9080363636363636,0.016666743691381686,,0,4,
tune,0.2,,,CF chained,,0.7812,0.7395090909090909,0.047013697710120234,,0,4,
tune,0.2,,,gradient descent,,0.947,0.9278,0.012671963746105018,,0,8,
tune,0.2,,,KarciFANN,,0.9666,0.9632181818181819,0.0073732766509864685,,0,8,
tune,0.2,,,CF terminal,,0.9456,0.9256363636363636,0.013226593189373515,,0,8,
tune,0.2,,,CF chained,,0.8972,0.866,0.024915932207428926,,0,8,
tune,0.2,,,gradient descent,,0.9578,0.9442545454545455,0.009838331013687295,,0,16,
tune,0.2,,,KarciFANN,,0.9586,0.9514545454545454,0.010178541554246082,,0,16,
tune,0.2,,,CF terminal,,0.9542,0.9415818181818182,0.010329581819561486,,0,16,
tune,0.2,,,CF chained,,0.9218,0.8966181818181819,0.018409167900746044,,0,16,
tune,0.2,,,gradient descent,,0.9658,0.9592545454545455,0.007369600718726464,,0,32,
tune,0.2,,,KarciFANN,,0.9468,0.9365454545454546,0.01240128236495698,,0,32,
tune,0.2,,,CF terminal,,0.9618,0.9537454545454546,0.008262673060041683,,0,32,
tune,0.2,,,CF chained,,0.9326,0.9120909090909091,0.014968415157783705,,0,32,
tune,0.2,,,gradient descent,,0.9706,0.9714545454545455,0.005491345029830605,,0,64,
tune,0.2,,,KarciFANN,,0.682,0.6755636363636364,0.03650560029100383,,0,64,
tune,0.2,,,CF terminal,,0.9674,0.9620363636363637,0.007098350752700725,,0,64,
tune,0.2,,,CF chained,,0.9392,0.9205272727272727,0.013363937865945148,,0,64,
tune,0.2,,,gradient descent,,0.974,0.9779636363636364,0.0043204639903498205,,0,128,
tune,0.2,,,KarciFANN,,0.1352,0.12690909090909092,0.0999999984697029,,0,128,
tune,0.2,,,CF terminal,,0.9632,0.9591636363636363,0.007902513285487266,,0,128,
tune,0.2,,,CF chained,,0.8626,0.8466545454545454,0.02330426623933649,,0,128,
tune,0.4,,,gradient descent,,0.8418,0.8019272727272727,0.04297528636002284,,0,0.25,
tune,0.4,,,KarciFANN,,0.9266,0.9018909090909091,0.017778918998540956,,0,0.25,
tune,0.4,,,CF terminal,,0.5826,0.5557818181818182,0.07122532031731627,,0,0.25,
tune,0.4,,,CF chained,,0.234,0.24216363636363636,0.08817863188778502,,0,0.25,
tune,0.4,,,gradient descent,,0.901,0.8677454545454546,0.029170900545202386,,0,0.5,
tune,0.4,,,KarciFANN,,0.9466,0.9274363636363636,0.012733577143245635,,0,0.5,
tune,0.4,,,CF terminal,,0.7842,0.7411454545454546,0.04674878264831151,,0,0.5,
tune,0.4,,,CF chained,,0.2726,0.27396363636363635,0.0846895272204631,,0,0.5,
tune,0.4,,,gradient descent,,0.9216,0.8926181818181819,0.02096161831246138,,0,1,
tune,0.4,,,KarciFANN,,0.9594,0.9483090909090909,0.009162965630370088,,0,1,
tune,0.4,,,CF terminal,,0.892,0.8589454545454546,0.028272369871316944,,0,1,
tune,0.4,,,CF chained,,0.496,0.4773636363636364,0.07542288255474063,,0,1,
tune,0.4,,,gradient descent,,0.9346,0.911,0.01615405510412831,,0,2,
tune,0.4,,,KarciFANN,,0.9668,0.9639818181818182,0.006635274223219855,,0,2,
tune,0.4,,,CF terminal,,0.9208,0.8922181818181818,0.019752195522788712,,0,2,
tune,0.4,,,CF chained,,0.7584,0.7133636363636363,0.05085351417428071,,0,2,
tune,0.4,,,gradient descent,,0.947,0.9278,0.012671963746105018,,0,4,
tune,0.4,,,KarciFANN,,0.9686,0.9708909090909091,0.005454593072867692,,0,4,
tune,0.4,,,CF terminal,,0.9362,0.9135090909090909,0.01560335033456566,,0,4,
tune,0.4,,,CF chained,,0.89,0.8556,0.027046451172478267,,0,4,
tune,0.4,,,gradient descent,,0.9578,0.9442545454545455,0.009838331013687295,,0,8,
tune,0.4,,,KarciFANN,,0.9646,0.9648909090909091,0.007172367680744606,,0,8,
tune,0.4,,,CF terminal,,0.9478,0.9313272727272728,0.012155350649793478,,0,8,
tune,0.4,,,CF chained,,0.9212,0.8950181818181818,0.01871645757253143,,0,8,
tune,0.4,,,gradient descent,,0.9658,0.9592545454545455,0.007369600718726464,,0,16,
tune,0.4,,,KarciFANN,,0.9686,0.9666181818181818,0.006693747293254784,,0,16,
tune,0.4,,,CF terminal,,0.957,0.946,0.009493797865553938,,0,16,
tune,0.4,,,CF chained,,0.9304,0.9138363636363637,0.014827945524053004,,0,16,
tune,0.4,,,gradient descent,,0.9706,0.9714545454545455,0.005491345029830605,,0,32,
tune,0.4,,,KarciFANN,,0.964,0.959690909090909,0.007733950907076525,,0,32,
tune,0.4,,,CF terminal,,0.9644,0.9569090909090909,0.007804067279007989,,0,32,
tune,0.4,,,CF chained,,0.9446,0.9271090909090909,0.012312450359707957,,0,32,
tune,0.4,,,gradient descent,,0.974,0.9779636363636364,0.0043204639903498205,,0,64,
tune,0.4,,,KarciFANN,,0.9384,0.926290909090909,0.014333243667213164,,0,64,
tune,0.4,,,CF terminal,,0.9664,0.9626727272727272,0.0071223004768562245,,0,64,
tune,0.4,,,CF chained,,0.8716,0.8548181818181818,0.01893473079348723,,0,64,
tune,0.4,,,gradient descent,,0.0916,0.09023636363636364,0.0999999679083211,,0,128,
tune,0.4,,,KarciFANN,,0.1126,0.10367272727272728,0.0999999999908481,,0,128,
tune,0.4,,,CF terminal,,0.9594,0.9536181818181818,0.008586505301547774,,0,128,
tune,0.4,,,CF chained,,0.6832,0.6736181818181818,0.03574288232578234,,0,128,
tune,0.6,,,gradient descent,,0.8814,0.8486545454545454,0.034201639493514464,,0,0.25,
tune,0.6,,,KarciFANN,,0.9186,0.8912363636363636,0.020528938246459325,,0,0.25,
tune,0.6,,,CF terminal,,0.6552,0.6284727272727273,0.0605614826606739,,0,0.25,
tune,0.6,,,CF chained,,0.2934,0.2892363636363636,0.08321648962751416,,0,0.25,
tune,0.6,,,gradient descent,,0.914,0.8846363636363637,0.02377453010210872,,0,0.5,
tune,0.6,,,KarciFANN,,0.9366,0.9146181818181818,0.014972608034532141,,0,0.5,
tune,0.6,,,CF terminal,,0.8474,0.8096181818181818,0.037524515592808456,,0,0.5,
tune,0.6,,,CF chained,,0.5474,0.5268181818181819,0.0728529672398245,,0,0.5,
tune,0.6,,,gradient descent,,0.9292,0.9036,0.017910834041241157,,0,1,
tune,0.6,,,KarciFANN,,0.9522,0.9360727272727273,0.011061693616037116,,0,1,
tune,0.6,,,CF terminal,,0.909,0.8765636363636363,0.02398895894341416,,0,1,
tune,0.6,,,CF chained,,0.7598,0.7190727272727273,0.046833086785484535,,0,1,
tune,0.6,,,gradient descent,,0.9408,0.9210909090909091,0.01401579834467968,,0,2,
tune,0.6,,,KarciFANN,,0.9644,0.9560181818181818,0.007943871528064191,,0,2,
tune,0.6,,,CF terminal,,0.9276,0.9016909090909091,0.018021262238433658,,0,2,
tune,0.6,,,CF chained,,0.8986,0.8663636363636363,0.0263947522940928,,0,2,
tune,0.6,,,gradient descent,,0.9524,0.9378181818181818,0.010961759596410813,,0,4,
tune,0.6,,,KarciFANN,,0.9736,0.9698545454545454,0.005458523397412808,,0,4,
tune,0.6,,,CF terminal,,0.9398,0.9209636363636363,0.014165863499736905,,0,4,
tune,0.6,,,CF chained,,0.922,0.8970363636363636,0.018559204026921492,,0,4,
tune,0.6,,,gradient descent,,0.963,0.9535636363636364,0.008353787178060448,,0,8,
tune,0.6,,,KarciFANN,,0.975,0.9757818181818182,0.004513772279053107,,0,8,
tune,0.6,,,CF terminal,,0.953,0.9376727272727273,0.010993527640454285,,0,8,
tune,0.6,,,CF chained,,0.9348,0.9154181818181818,0.014462832752382918,,0,8,
tune,0.6,,,gradient descent,,0.9696,0.9670545454545455,0.00613043131164202,,0,16,
tune,0.6,,,KarciFANN,,0.9706,0.9745090909090909,0.004802338022732099,,0,16,
tune,0.6,,,CF terminal,,0.963,0.9523818181818182,0.008570183455164183,,0,16,
tune,0.6,,,CF chained,,0.946,0.9313454545454546,0.011542780835516553,,0,16,
tune,0.6,,,gradient descent,,0.976,0.9750363636363636,0.004728187139875468,,0,32,
tune,0.6,,,KarciFANN,,0.9716,0.9735818181818182,0.005083449329789686,,0,32,
tune,0.6,,,CF terminal,,0.9684,0.9647636363636364,0.006583124129431175,,0,32,
tune,0.6,,,CF chained,,0.953,0.9427272727272727,0.009793399451820272,,0,32,
tune,0.6,,,gradient descent,,0.9724,0.9739818181818182,0.004874717194713561,,0,64,
tune,0.6,,,KarciFANN,,0.869,0.868,0.016870056968848027,,0,64,
tune,0.6,,,CF terminal,,0.966,0.9636181818181818,0.006800437788941154,,0,64,
tune,0.6,,,CF chained,,0.6856,0.6786,0.034844651924328895,,0,64,
tune,0.6,,,gradient descent,,0.0986,0.09936363636363636,0.09999999363598115,,0,128,
tune,0.6,,,KarciFANN,,0.0964,0.09918181818181818,0.09999999532769821,,0,128,
tune,0.6,,,CF terminal,,0.9594,0.9576545454545454,0.007805549144290183,,0,128,
tune,0.6,,,CF chained,,0.472,0.47034545454545457,0.05535467188282937,,0,128,
tune,0.8,,,gradient descent,,0.901,0.8677454545454546,0.029170900545202386,,0,0.25,
tune,0.8,,,KarciFANN,,0.9132,0.8840363636363636,0.023308126773625547,,0,0.25,
tune,0.8,,,CF terminal,,0.8126,0.7722181818181818,0.04433537779493062,,0,0.25,
tune,0.8,,,CF chained,,0.6438,0.6232,0.05760566265620113,,0,0.25,
tune,0.8,,,gradient descent,,0.9216,0.8926181818181819,0.02096161831246138,,0,0.5,
tune,0.8,,,KarciFANN,,0.9302,0.9063818181818182,0.01703111152157107,,0,0.5,
tune,0.8,,,CF terminal,,0.8968,0.8631818181818182,0.028496303788484167,,0,0.5,
tune,0.8,,,CF chained,,0.8626,0.8243090909090909,0.03572677709949135,,0,0.5,
tune,0.8,,,gradient descent,,0.9346,0.911,0.01615405510412831,,0,1,
tune,0.8,,,KarciFANN,,0.9452,0.9256363636363636,0.013003116746109673,,0,1,
tune,0.8,,,CF terminal,,0.919,0.892090909090909,0.02030259136222571,,0,1,
tune,0.8,,,CF chained,,0.9134,0.8828363636363636,0.022566180395942152,,0,1,
tune,0.8,,,gradient descent,,0.947,0.9278,0.012671963746105018,,0,2,
tune,0.8,,,KarciFANN,,0.9566,0.9445818181818182,0.009778400193320932,,0,2,
tune,0.8,,,CF terminal,,0.9352,0.9119636363636363,0.015842156088951783,,0,2,
tune,0.8,,,CF chained,,0.9272,0.9050181818181818,0.01708898776188049,,0,2,
tune,0.8,,,gradient descent,,0.9578,0.9442545454545455,0.009838331013687295,,0,4,
tune,0.8,,,KarciFANN,,0.9686,0.9612909090909091,0.007031571600601576,,0,4,
tune,0.8,,,CF terminal,,0.9488,0.9298909090909091,0.01245162648846519,,0,4,
tune,0.8,,,CF chained,,0.9424,0.9224,0.013484715729955804,,0,4,
tune,0.8,,,gradient descent,,0.9658,0.9592545454545455,0.007369600718726464,,0,8,
tune,0.8,,,KarciFANN,,0.9748,0.973690909090909,0.004958511852652262,,0,8,
tune,0.8,,,CF terminal,,0.9592,0.9462181818181818,0.009623986998599262,,0,8,
tune,0.8,,,CF chained,,0.9552,0.9400909090909091,0.010401554802075661,,0,8,
tune,0.8,,,gradient descent,,0.9706,0.9714545454545455,0.005491345029830605,,0,16,
tune,0.8,,,KarciFANN,,0.9754,0.9782909090909091,0.004077125712161047,,0,16,
tune,0.8,,,CF terminal,,0.9658,0.9598727272727273,0.007413150353391608,,0,16,
tune,0.8,,,CF chained,,0.9634,0.9537454545454546,0.008187497783592514,,0,16,
tune,0.8,,,gradient descent,,0.974,0.9779636363636364,0.0043204639903498205,,0,32,
tune,0.8,,,KarciFANN,,0.9768,0.9804909090909091,0.0037851754836099034,,0,32,
tune,0.8,,,CF terminal,,0.9666,0.9628545454545454,0.00671210461946177,,0,32,
tune,0.8,,,CF chained,,0.775,0.7694909090909091,0.02651005213048826,,0,32,
tune,0.8,,,gradient descent,,0.0916,0.09023636363636364,0.0999999679083211,,0,64,
tune,0.8,,,KarciFANN,,0.1202,0.1112909090909091,0.09999999285563056,,0,64,
tune,0.8,,,CF terminal,,0.9666,0.9626181818181818,0.006894691747770162,,0,64,
tune,0.8,,,CF chained,,0.2838,0.2864,0.07321286309737353,,0,64,
tune,0.8,,,gradient descent,,0.0968,0.0993090909090909,0.09999998897366787,,0,128,
tune,0.8,,,KarciFANN,,0.0964,0.09883636363636364,0.09999999911193148,,0,128,
tune,0.8,,,CF terminal,,0.281,0.28401818181818184,0.07328556767058467,,0,128,
tune,0.8,,,CF chained,,0.0916,0.09023636363636364,0.09999853356938515,,0,128,
tune,0.95,,,gradient descent,,0.9068,0.8756545454545455,0.026647431625090208,,0,0.25,
tune,0.95,,,KarciFANN,,0.9098,0.8793454545454545,0.025320461481168007,,0,0.25,
tune,0.95,,,CF terminal,,0.8902,0.8556545454545454,0.03153971253400058,,0,0.25,
tune,0.95,,,CF chained,,0.8938,0.8595818181818182,0.030740934873535866,,0,0.25,
tune,0.95,,,gradient descent,,0.9264,0.8975090909090909,0.01956473990091874,,0,0.5,
tune,0.95,,,KarciFANN,,0.9276,0.9005818181818182,0.018635351610428414,,0,0.5,
tune,0.95,,,CF terminal,,0.916,0.8869272727272727,0.022377809857669437,,0,0.5,
tune,0.95,,,CF chained,,0.9162,0.8884727272727273,0.021930368357697853,,0,0.5,
tune,0.95,,,gradient descent,,0.937,0.9153636363636364,0.015208593369114797,,0,1,
tune,0.95,,,KarciFANN,,0.9392,0.9187454545454545,0.014451266913724056,,0,1,
tune,0.95,,,CF terminal,,0.9316,0.9050181818181818,0.01738399146324993,,0,1,
tune,0.95,,,CF chained,,0.9324,0.9068545454545455,0.017061030100965355,,0,1,
tune,0.95,,,gradient descent,,0.9496,0.9318727272727273,0.011925256912071679,,0,2,
tune,0.95,,,KarciFANN,,0.9516,0.9357636363636364,0.011244183680608736,,0,2,
tune,0.95,,,CF terminal,,0.9422,0.9224181818181818,0.013865617081714379,,0,2,
tune,0.95,,,CF chained,,0.9436,0.9240181818181818,0.013551695650466057,,0,2,
tune,0.95,,,gradient descent,,0.9598,0.9483090909090909,0.009205346163558907,,0,4,
tune,0.95,,,KarciFANN,,0.962,0.9522727272727273,0.008523326064635578,,0,4,
tune,0.95,,,CF terminal,,0.9548,0.9392545454545455,0.010889666738614695,,0,4,
tune,0.95,,,CF chained,,0.9558,0.9406545454545454,0.010599724788613249,,0,4,
tune,0.95,,,gradient descent,,0.9688,0.9629090909090909,0.006802861814401172,,0,8,
tune,0.95,,,KarciFANN,,0.9706,0.9666363636363636,0.006213303918130433,,0,8,
tune,0.95,,,CF terminal,,0.9632,0.9529636363636363,0.008451838649842796,,0,8,
tune,0.95,,,CF chained,,0.9642,0.9544727272727273,0.008228067807872936,,0,8,
tune,0.95,,,gradient descent,,0.9736,0.9732909090909091,0.0050352299003796975,,0,16,
tune,0.95,,,KarciFANN,,0.9738,0.9752909090909091,0.004655528774929462,,0,16,
tune,0.95,,,CF terminal,,0.9662,0.961690909090909,0.0068597588671449015,,0,16,
tune,0.95,,,CF chained,,0.968,0.9630545454545455,0.00673372109559636,,0,16,
tune,0.95,,,gradient descent,,0.9716,0.9761636363636363,0.004527572142815478,,0,32,
tune,0.95,,,KarciFANN,,0.9732,0.9783818181818181,0.0041468780670324895,,0,32,
tune,0.95,,,CF terminal,,0.9674,0.9627454545454546,0.006515628066330391,,0,32,
tune,0.95,,,CF chained,,0.379,0.3779272727272727,0.06424208292814297,,0,32,
tune,0.95,,,gradient descent,,0.1862,0.18783636363636363,0.08214797914517871,,0,64,
tune,0.95,,,KarciFANN,,0.1864,0.1878,0.08192511485305154,,0,64,
tune,0.95,,,CF terminal,,0.2826,0.28507272727272726,0.07267893139762434,,0,64,
tune,0.95,,,CF chained,,0.0916,0.09023636363636364,0.09999066537356618,,0,64,
tune,0.95,,,gradient descent,,0.0916,0.09023636363636364,0.09999998446219494,,0,128,
tune,0.95,,,KarciFANN,,0.0916,0.09023636363636364,0.09999998208865483,,0,128,
tune,0.95,,,CF terminal,,0.0916,0.09023636363636364,0.09999988512819422,,0,128,
tune,0.95,,,CF chained,,0.0916,0.09023636363636364,0.09999999031186384,,0,128,
tune,0.999,,,gradient descent,,0.9084,0.8780181818181818,0.025976811506434883,,0,0.25,
tune,0.999,,,KarciFANN,,0.9084,0.8780363636363636,0.02595106154049242,,0,0.25,
tune,0.999,,,CF terminal,,0.9052,0.8733454545454545,0.02720466982250783,,0,0.25,
tune,0.999,,,CF chained,,0.9054,0.8733818181818181,0.027175341172956467,,0,0.25,
tune,0.999,,,gradient descent,,0.9274,0.8988363636363637,0.01918729665020159,,0,0.5,
tune,0.999,,,KarciFANN,,0.9274,0.8988727272727273,0.019168949960146012,,0,0.5,
tune,0.999,,,CF terminal,,0.9238,0.896,0.019907472705986817,,0,0.5,
tune,0.999,,,CF chained,,0.9236,0.8959818181818182,0.019896586781443886,,0,0.5,
tune,0.999,,,gradient descent,,0.9376,0.9164545454545454,0.014943393190850071,,0,1,
tune,0.999,,,KarciFANN,,0.9376,0.9165272727272727,0.014928292422807096,,0,1,
tune,0.999,,,CF terminal,,0.9362,0.913309090909091,0.015522872934211323,,0,1,
tune,0.999,,,CF chained,,0.9358,0.9132545454545454,0.015515100425616732,,0,1,
tune,0.999,,,gradient descent,,0.9502,0.9329636363636363,0.01171336599536157,,0,2,
tune,0.999,,,KarciFANN,,0.9502,0.9329818181818181,0.011699793932070022,,0,2,
tune,0.999,,,CF terminal,,0.9466,0.9283272727272728,0.01250161478068341,,0,2,
tune,0.999,,,CF chained,,0.9464,0.9280727272727273,0.012503703008003629,,0,2,
tune,0.999,,,gradient descent,,0.96,0.9495090909090909,0.009012944487320046,,0,4,
tune,0.999,,,KarciFANN,,0.9602,0.9495818181818182,0.009000039243769471,,0,4,
tune,0.999,,,CF terminal,,0.9548,0.9428,0.010052508639882647,,0,4,
tune,0.999,,,CF chained,,0.9536,0.9431818181818182,0.010056407876623139,,0,4,
tune,0.999,,,gradient descent,,0.9684,0.9639090909090909,0.006648198373050597,,0,8,
tune,0.999,,,KarciFANN,,0.9686,0.9639454545454545,0.006635819478285816,,0,8,
tune,0.999,,,CF terminal,,0.9652,0.9566545454545454,0.007749919997399646,,0,8,
tune,0.999,,,CF chained,,0.9646,0.9567272727272728,0.007741598312317937,,0,8,
tune,0.999,,,gradient descent,,0.9738,0.9741818181818181,0.004900015078193094,,0,16,
tune,0.999,,,KarciFANN,,0.9738,0.9742909090909091,0.004891813808735546,,0,16,
tune,0.999,,,CF terminal,,0.9726,0.9710181818181818,0.005442879649723173,,0,16,
tune,0.999,,,CF chained,,0.9732,0.9709454545454546,0.005444314513198435,,0,16,
tune,0.999,,,gradient descent,,0.9684,0.9749272727272728,0.004617345234851612,,0,32,
tune,0.999,,,KarciFANN,,0.9688,0.9744545454545455,0.004709707684466,,0,32,
tune,0.999,,,CF terminal,,0.9698,0.9750181818181818,0.004756184158735918,,0,32,
tune,0.999,,,CF chained,,0.9714,0.9722363636363637,0.005090745117795676,,0,32,
tune,0.999,,,gradient descent,,0.0916,0.09023636363636364,0.09999987611744031,,0,64,
tune,0.999,,,KarciFANN,,0.0964,0.09883636363636364,0.09999996493274423,,0,64,
tune,0.999,,,CF terminal,,0.0986,0.09936363636363636,0.09999873058843745,,0,64,
tune,0.999,,,CF chained,,0.0964,0.09883636363636364,0.09999887412238102,,0,64,
tune,0.999,,,gradient descent,,0.0916,0.09023636363636364,0.09999999294859994,,0,128,
tune,0.999,,,KarciFANN,,0.0916,0.09023636363636364,0.09999999292480073,,0,128,
tune,0.999,,,CF terminal,,0.0916,0.09023636363636364,0.09999998710065088,,0,128,
tune,0.999,,,CF chained,,0.0916,0.09023636363636364,0.09999999031059385,,0,128,
best,0.6,,,gradient descent,,0.976,0.9750363636363636,0.004728187139875468,,,32,0
best,0.8,,,KarciFANN,,0.9768,0.9804909090909091,0.0037851754836099034,,,32,0
best,0.999,,,CF terminal,,0.9726,0.9710181818181818,0.005442879649723173,,,16,1
best,0.999,,,CF chained,,0.9732,0.9709454545454546,0.005444314513198435,,,16,1
