coefficient,method,train_acc,val_acc,test_acc,train_mse,diverged
0.2,KarciFANN,0.9729944400317713,0.9442379182156134,0.9479553903345725,0.006834977940760992,0
0.2,classical ANN,0.4964257347100874,0.5130111524163569,0.5092936802973977,0.0816707704768714,0
0.4,KarciFANN,0.9785544082605242,0.9628252788104089,0.9330855018587361,0.006502454670459975,0
0.4,classical ANN,0.7823669579030977,0.7881040892193308,0.7620817843866171,0.06380057597483675,0
0.6,KarciFANN,0.9674344718030182,0.9553903345724907,0.9219330855018587,0.011172879037809506,0
0.6,classical ANN,0.8657664813343924,0.8587360594795539,0.8438661710037175,0.045247507046473505,0
0.8,KarciFANN,0.9467831612390787,0.9442379182156134,0.9033457249070632,0.01837732452164849,0
0.8,classical ANN,0.9134233518665608,0.9144981412639405,0.8921933085501859,0.033832457212343944,0
1.0,KarciFANN,0.9332803812549643,0.9368029739776952,0.8996282527881041,0.026802172732713632,0
1.0,classical ANN,0.9332803812549643,0.9368029739776952,0.8996282527881041,0.026802172732713632,0
1.2,KarciFANN,0.9158061953931692,0.9182156133828996,0.8921933085501859,0.03420105178760402,0
1.2,classical ANN,0.9444003177124702,0.9442379182156134,0.9070631970260223,0.02196579455275427,0
1.4,KarciFANN,0.8927720413026211,0.8736059479553904,0.8773234200743495,0.040464313769021334,0
1.4,classical ANN,0.949166004765687,0.9479553903345725,0.9033457249070632,0.018621200288462335,0
1.6,KarciFANN,0.9030976965845909,0.8773234200743495,0.8884758364312267,0.04512867153958748,0
1.6,classical ANN,0.9515488482922955,0.9553903345724907,0.9070631970260223,0.016295333389099317,0
1.8,KarciFANN,0.8649722001588562,0.8401486988847584,0.8438661710037175,0.048305435676479436,0
1.8,classical ANN,0.9586973788721207,0.9553903345724907,0.9144981412639405,0.014614594897567133,0
2.0,KarciFANN,0.8673550436854647,0.8475836431226765,0.8364312267657993,0.048715316069398655,0
2.0,classical ANN,0.9626687847498014,0.9628252788104089,0.9107806691449815,0.01334205549794829,0
