dataset,method,seed,val_acc,test_acc,test_precision,test_recall,test_f1,train_mse,diverged
dry_bean,gradient descent,100,0.9254901960784314,0.9254901960784314,0.9397484120733719,0.9360939320064541,0.9378660898823616,0.01392410059872709,0
dry_bean,gradient descent,101,0.9299019607843138,0.9205882352941176,0.9362384580192546,0.9320540031326094,0.9338811754091892,0.014195363756306052,0
dry_bean,gradient descent,102,0.9264705882352942,0.9245098039215687,0.9385768420765584,0.9366467106048215,0.9374343468326137,0.01426497250578903,0
dry_bean,gradient descent,103,0.928921568627451,0.9220588235294118,0.9383063342163066,0.933030732931791,0.9354704346364462,0.014064957744679425,0
dry_bean,gradient descent,104,0.9215686274509803,0.9166666666666666,0.9329489540780646,0.9301126086029402,0.9311158151117397,0.014440776239495653,0
dry_bean,gradient descent,105,0.9254901960784314,0.9220588235294118,0.9369256253539449,0.931694681034698,0.9341040868237371,0.014253955195813508,0
dry_bean,gradient descent,106,0.9274509803921569,0.9259803921568628,0.9397817598820303,0.9366028013208885,0.9381308359969305,0.013887365333564864,0
dry_bean,gradient descent,107,0.9235294117647059,0.9240196078431373,0.938620330684827,0.9362284067854141,0.9371441326206773,0.014350103057471936,0
dry_bean,gradient descent,108,0.9259803921568628,0.9264705882352942,0.9407263616578202,0.9377899779863178,0.9392336477623073,0.013895929862905028,0
dry_bean,gradient descent,109,0.9269607843137255,0.9254901960784314,0.9377761194854694,0.9362802382687023,0.9369360020275114,0.01406802036008833,0
dry_bean,gradient descent,110,0.928921568627451,0.921078431372549,0.9374765849927514,0.9324400573465903,0.9347023243472573,0.013969954069722214,0
dry_bean,gradient descent,111,0.9240196078431373,0.9259803921568628,0.9404558184651847,0.9359078923388777,0.9380999292858602,0.01419830910617781,0
dry_bean,gradient descent,112,0.9284313725490196,0.9205882352941176,0.9377916315616658,0.9325220311722446,0.9347708942506313,0.014207893850629668,0
dry_bean,gradient descent,113,0.9279411764705883,0.9215686274509803,0.9373044785975386,0.9329411105346358,0.9349271042181345,0.013954768752920354,0
dry_bean,gradient descent,114,0.9274509803921569,0.9220588235294118,0.9387184349147744,0.9326065439877987,0.935240275086288,0.01414083266447393,0
dry_bean,gradient descent,115,0.9279411764705883,0.9254901960784314,0.9387002256199491,0.9363654012328866,0.9374881139279925,0.013954972999922122,0
dry_bean,KarciFANN,100,0.9269607843137255,0.9264705882352942,0.9407535408561085,0.9361609202382466,0.938377021909005,0.014081829204847648,0
dry_bean,KarciFANN,101,0.9284313725490196,0.921078431372549,0.9368695427026645,0.9324400573465903,0.9343838161246996,0.01433298563383091,0
dry_bean,KarciFANN,102,0.9284313725490196,0.9230392156862746,0.9368100392738182,0.9349126904166519,0.9356223828324689,0.014211619283445437,0
dry_bean,KarciFANN,103,0.9294117647058824,0.921078431372549,0.9373346858492646,0.9317632686482328,0.9342861351084197,0.014055845681440577,0
dry_bean,KarciFANN,104,0.9215686274509803,0.9205882352941176,0.9358716916246804,0.9337952902469719,0.9346465244698013,0.01449123805564551,0
dry_bean,KarciFANN,105,0.9279411764705883,0.9225490196078432,0.9372529575972791,0.9326834556653261,0.9348150094631401,0.014280138336498025,0
dry_bean,KarciFANN,106,0.9264705882352942,0.9235294117647059,0.9379790953585834,0.9339162980105036,0.9358424415661747,0.013989406365921029,0
dry_bean,KarciFANN,107,0.9230392156862746,0.9220588235294118,0.9369064189001792,0.9350664971162954,0.9355742645053311,0.014399931695214504,0
dry_bean,KarciFANN,108,0.9274509803921569,0.925,0.9394800665840527,0.9360495945775178,0.9377016075691079,0.014052460686156175,0
dry_bean,KarciFANN,109,0.9279411764705883,0.9240196078431373,0.9370981226328853,0.9350987432140894,0.9359445775902527,0.013959247898890748,0
dry_bean,KarciFANN,110,0.9294117647058824,0.921078431372549,0.9372291501448878,0.9320802202778925,0.9344314651068041,0.014029618091004652,0
dry_bean,KarciFANN,111,0.9269607843137255,0.9235294117647059,0.9384490435168289,0.9345940333322833,0.9364714142913305,0.0139848787538255,0
dry_bean,KarciFANN,112,0.9279411764705883,0.9200980392156862,0.9360456538128629,0.9315284347284394,0.9333743007855368,0.014396712110165072,0
dry_bean,KarciFANN,113,0.9284313725490196,0.9230392156862746,0.9379763558801059,0.9333888293263065,0.9354770397228485,0.01387889637191798,0
dry_bean,KarciFANN,114,0.9264705882352942,0.9186274509803921,0.9363431045928712,0.9291967133718081,0.9321809947750394,0.014324204109882326,0
dry_bean,KarciFANN,115,0.9245098039215687,0.9230392156862746,0.9370441902723547,0.9336531089222221,0.9352675354059506,0.014097285197839777,0
dry_bean,exp,100,0.9259803921568628,0.9235294117647059,0.937663652102218,0.933927603257847,0.9357355625886777,0.014194938115976578,0
dry_bean,exp,101,0.9284313725490196,0.921078431372549,0.9366482447752947,0.9322142704373994,0.9341856512263588,0.01441011611545242,0
dry_bean,exp,102,0.9240196078431373,0.9254901960784314,0.9385664383310061,0.9370774768419456,0.9376765570294104,0.014446654065842696,0
dry_bean,exp,103,0.9303921568627451,0.9205882352941176,0.9366823687618382,0.9315859049046844,0.9339185432744658,0.014298332734371547,0
dry_bean,exp,104,0.9215686274509803,0.9181372549019607,0.9342713467015876,0.931221990122527,0.9322800627800605,0.014650825519851156,0
dry_bean,exp,105,0.9264705882352942,0.9225490196078432,0.9373185032359811,0.9319862016207915,0.9344730130299528,0.014435997355941673,0
dry_bean,exp,106,0.9259803921568628,0.9245098039215687,0.937920343182595,0.9341715972764743,0.9359808422451839,0.01412195885394935,0
dry_bean,exp,107,0.9240196078431373,0.9245098039215687,0.9390118012062774,0.9358148071753382,0.9372365839509433,0.014413731836834906,0
dry_bean,exp,108,0.9274509803921569,0.9245098039215687,0.9388614583296574,0.9350121660712523,0.9368859189381183,0.014099675843229593,0
dry_bean,exp,109,0.925,0.9240196078431373,0.93645795053275,0.9343673120136708,0.9353136623314321,0.014268536797794348,0
dry_bean,exp,110,0.9294117647058824,0.9200980392156862,0.9362392342270678,0.9306801042739291,0.9331974025003761,0.014186692952267165,0
dry_bean,exp,111,0.9254901960784314,0.9235294117647059,0.9382137730769156,0.9335520681894922,0.9358089058940566,0.014373255162520542,0
dry_bean,exp,112,0.9299019607843138,0.9196078431372549,0.936559415910735,0.9315748874257649,0.9336662655330924,0.014454784321162222,0
dry_bean,exp,113,0.9274509803921569,0.9215686274509803,0.9377196110587835,0.9332975786959148,0.9352917006372337,0.01419258104128021,0
dry_bean,exp,114,0.9269607843137255,0.9196078431372549,0.9366883739404717,0.9302648219639601,0.9330983730474545,0.014340861130179867,0
dry_bean,exp,115,0.9274509803921569,0.9230392156862746,0.9367861422896969,0.9338769253630961,0.9352618377820351,0.014173438073220086,0
dry_bean,tanh,100,0.9215686274509803,0.9196078431372549,0.9371594195418208,0.9312906715950279,0.9340939392361655,0.016244196060204937,0
dry_bean,tanh,101,0.9303921568627451,0.9225490196078432,0.9379177897798695,0.9340116414107841,0.9357239722558409,0.014023671854339776,0
dry_bean,tanh,102,0.9269607843137255,0.9245098039215687,0.9386017820181216,0.9364057977251891,0.9373750171287163,0.014211405964422845,0
dry_bean,tanh,103,0.9294117647058824,0.9220588235294118,0.9380552559232355,0.932670895863093,0.9351736523176186,0.014072570430440306,0
dry_bean,tanh,104,0.9215686274509803,0.917156862745098,0.933312166509521,0.9301539517186649,0.9313249678930572,0.014496542127753894,0
dry_bean,tanh,105,0.925,0.9235294117647059,0.938581258319522,0.9329518402451313,0.9355675663250783,0.01425946704227476,0
dry_bean,tanh,106,0.9279411764705883,0.9259803921568628,0.9400429588675482,0.9371211492985608,0.9385340383167049,0.013789340772682773,0
dry_bean,tanh,107,0.9230392156862746,0.9245098039215687,0.9395341403386073,0.9371737239477888,0.938116488147286,0.014366150143111751,0
dry_bean,tanh,108,0.9240196078431373,0.9264705882352942,0.9401914638670004,0.9368220266585803,0.9384635355013887,0.014142499813463022,0
dry_bean,tanh,109,0.9269607843137255,0.9254901960784314,0.9379006393806214,0.9357341308224331,0.9366973818647669,0.014012414806415841,0
dry_bean,tanh,110,0.9294117647058824,0.9205882352941176,0.9372142984450708,0.9314927697158986,0.9340992791029393,0.014016943849468999,0
dry_bean,tanh,111,0.9225490196078432,0.9254901960784314,0.9396201475196493,0.9352259081489965,0.9373454753254171,0.014275435059421505,0
dry_bean,tanh,112,0.928921568627451,0.9220588235294118,0.9383135610035652,0.9330491576213612,0.9353526587214903,0.014248252148987365,0
dry_bean,tanh,113,0.9269607843137255,0.9196078431372549,0.935924367359221,0.9310712136028544,0.9332103809947672,0.013993246400381971,0
dry_bean,tanh,114,0.9274509803921569,0.921078431372549,0.9381979147025145,0.9322801479985138,0.934923724433058,0.013987517572178625,0
dry_bean,tanh,115,0.9279411764705883,0.925,0.938961163084058,0.9358677169522599,0.9373700435904501,0.013910175744533527,0
dry_bean,log,100,0.925,0.9269607843137255,0.941514161127791,0.9378298524746508,0.939609561767459,0.013924049911616117,0
dry_bean,log,101,0.928921568627451,0.9205882352941176,0.9364205604003084,0.9323743236696876,0.9341598785023437,0.01414395374282048,0
dry_bean,log,102,0.9279411764705883,0.9235294117647059,0.9369791491998123,0.9344649838389819,0.9355703567223844,0.014068732273639886,0
dry_bean,log,103,0.928921568627451,0.9225490196078432,0.9387287176969961,0.9336610689328229,0.9360068393387923,0.013874756215465316,0
dry_bean,log,104,0.8833333333333333,0.8799019607843137,0.7570513865127769,0.7885628747059784,0.7709652250647074,0.01987801288967593,0
dry_bean,log,105,0.9245098039215687,0.9240196078431373,0.9388817439394195,0.9338478542811808,0.9362370080819747,0.0140349650932938,0
dry_bean,log,106,0.9269607843137255,0.9230392156862746,0.9365579171087184,0.9331567493847749,0.9347671126508791,0.013975321945287037,0
dry_bean,log,107,0.9220588235294118,0.9245098039215687,0.9389438016060502,0.9367358776607466,0.937675621014188,0.014252070448615034,0
dry_bean,log,108,0.9235294117647059,0.9254901960784314,0.9397538834581283,0.9363469765433162,0.938011641522997,0.013761375897417619,0
dry_bean,log,109,0.9259803921568628,0.9259803921568628,0.9386029603883524,0.9370915052715701,0.9377598235564474,0.013990004129711506,0
dry_bean,log,110,0.8892156862745098,0.8828431372549019,0.7591884965837182,0.7901719073747548,0.7733505855831738,0.019395451726602286,0
dry_bean,log,111,0.9245098039215687,0.9235294117647059,0.9382055192437735,0.9342614538912567,0.9361553197281498,0.014081845863688587,0
dry_bean,log,112,0.9284313725490196,0.9186274509803921,0.9361793161718894,0.929825597382942,0.9325454110497576,0.014126304575636534,0
dry_bean,log,113,0.7009803921568627,0.703921568627451,0.6961984130598414,0.8204319358961688,0.7438386776938678,0.04715584358289835,0
dry_bean,log,114,0.9240196078431373,0.9225490196078432,0.9391865372220701,0.9331939945497926,0.9358072397769958,0.014014532925040674,0
dry_bean,log,115,0.9264705882352942,0.9269607843137255,0.9407112288987215,0.9382320731414613,0.9394393439023195,0.013828498532229018,0
