stage,coefficient,weight,loss,method,prefactor,val_acc,train_acc,train_mse,mean_prefactor,diverged,setting
prefactor,0.2,0.01,0.09,Karci,0.1724272859905955,,,,,,
prefactor,0.2,0.01,0.09,Caputo-Fabrizio,0.012484388012699577,,,,,,
prefactor,0.2,0.01,0.09,Caputo,0.026969403051396564,,,,,,
prefactor,0.2,0.05,0.09,Karci,0.6248589517456082,,,,,,
prefactor,0.2,0.05,0.09,Caputo-Fabrizio,0.06211099753059279,,,,,,
prefactor,0.2,0.05,0.09,Caputo,0.09773437436589709,,,,,,
prefactor,0.2,0.2,0.09,Karci,1.89421812978628,,,,,,
prefactor,0.2,0.2,0.09,Caputo-Fabrizio,0.24385287749642992,,,,,,
prefactor,0.2,0.2,0.09,Caputo,0.2962752206878388,,,,,,
prefactor,0.2,0.5,0.09,Karci,3.9425934486808623,,,,,,
prefactor,0.2,0.5,0.09,Caputo-Fabrizio,0.5875154870770227,,,,,,
prefactor,0.2,0.5,0.09,Caputo,0.616662213143395,,,,,,
prefactor,0.2,1.0,0.09,Karci,6.864453895193467,,,,,,
prefactor,0.2,1.0,0.09,Caputo-Fabrizio,1.1059960846429755,,,,,,
prefactor,0.2,1.0,0.09,Caputo,1.073671274030834,,,,,,
prefactor,0.2,3.0,0.09,Karci,16.531147321376107,,,,,,
prefactor,0.2,3.0,0.09,Caputo-Fabrizio,2.6381672362949264,,,,,,
prefactor,0.2,3.0,0.09,Caputo,2.5856416659978256,,,,,,
prefactor,0.5,0.01,0.09,Karci,0.3333333333333333,,,,,,
prefactor,0.5,0.01,0.09,Caputo-Fabrizio,0.019900332501663787,,,,,,
prefactor,0.5,0.01,0.09,Caputo,0.11283791670955126,,,,,,
prefactor,0.5,0.05,0.09,Karci,0.7453559924999299,,,,,,
prefactor,0.5,0.05,0.09,Caputo-Fabrizio,0.09754115099857197,,,,,,
prefactor,0.5,0.05,0.09,Caputo,0.252313252202016,,,,,,
prefactor,0.5,0.2,0.09,Karci,1.4907119849998598,,,,,,
prefactor,0.5,0.2,0.09,Caputo-Fabrizio,0.36253849384403636,,,,,,
prefactor,0.5,0.2,0.09,Caputo,0.504626504404032,,,,,,
prefactor,0.5,0.5,0.09,Karci,2.3570226039551585,,,,,,
prefactor,0.5,0.5,0.09,Caputo-Fabrizio,0.7869386805747332,,,,,,
prefactor,0.5,0.5,0.09,Caputo,0.7978845608028654,,,,,,
prefactor,0.5,1.0,0.09,Karci,3.3333333333333335,,,,,,
prefactor,0.5,1.0,0.09,Caputo-Fabrizio,1.2642411176571153,,,,,,
prefactor,0.5,1.0,0.09,Caputo,1.1283791670955126,,,,,,
prefactor,0.5,3.0,0.09,Karci,5.773502691896257,,,,,,
prefactor,0.5,3.0,0.09,Caputo-Fabrizio,1.900425863264272,,,,,,
prefactor,0.5,3.0,0.09,Caputo,1.9544100476116795,,,,,,
prefactor,0.8,0.01,0.09,Karci,0.6443940149772543,,,,,,
prefactor,0.8,0.01,0.09,Caputo-Fabrizio,0.04901320105959603,,,,,,
prefactor,0.8,0.01,0.09,Caputo,0.4335882416482502,,,,,,
prefactor,0.8,0.05,0.09,Karci,0.8890895361322001,,,,,,
prefactor,0.8,0.05,0.09,Caputo-Fabrizio,0.22658655865252272,,,,,,
prefactor,0.8,0.05,0.09,Caputo,0.5982345578629036,,,,,,
prefactor,0.8,0.2,0.09,Karci,1.173160676311841,,,,,,
prefactor,0.8,0.2,0.09,Caputo-Fabrizio,0.6883387948534732,,,,,,
prefactor,0.8,0.2,0.09,Caputo,0.7893752315978261,,,,,,
prefactor,0.8,0.5,0.09,Karci,1.4091119533043328,,,,,,
prefactor,0.8,0.5,0.09,Caputo-Fabrizio,1.0808308959542343,,,,,,
prefactor,0.8,0.5,0.09,Caputo,0.9481378782518999,,,,,,
prefactor,0.8,1.0,0.09,Karci,1.618644582767346,,,,,,
prefactor,0.8,1.0,0.09,Caputo-Fabrizio,1.2271054513890822,,,,,,
prefactor,0.8,1.0,0.09,Caputo,1.0891244210583366,,,,,,
prefactor,0.8,3.0,0.09,Karci,2.0163956369943326,,,,,,
prefactor,0.8,3.0,0.09,Caputo-Fabrizio,1.2499923197345584,,,,,,
prefactor,0.8,3.0,0.09,Caputo,1.3567559884032077,,,,,,
prefactor,1.0,0.01,0.09,Karci,1.0,,,,,,
prefactor,1.0,0.01,0.09,Caputo-Fabrizio,1.0,,,,,,
prefactor,1.0,0.01,0.09,Caputo,1.0,,,,,,
prefactor,1.0,0.05,0.09,Karci,1.0,,,,,,
prefactor,1.0,0.05,0.09,Caputo-Fabrizio,1.0,,,,,,
prefactor,1.0,0.05,0.09,Caputo,1.0,,,,,,
prefactor,1.0,0.2,0.09,Karci,1.0,,,,,,
prefactor,1.0,0.2,0.09,Caputo-Fabrizio,1.0,,,,,,
prefactor,1.0,0.2,0.09,Caputo,1.0,,,,,,
prefactor,1.0,0.5,0.09,Karci,1.0,,,,,,
prefactor,1.0,0.5,0.09,Caputo-Fabrizio,1.0,,,,,,
prefactor,1.0,0.5,0.09,Caputo,1.0,,,,,,
prefactor,1.0,1.0,0.09,Karci,1.0,,,,,,
prefactor,1.0,1.0,0.09,Caputo-Fabrizio,1.0,,,,,,
prefactor,1.0,1.0,0.09,Caputo,1.0,,,,,,
prefactor,1.0,3.0,0.09,Karci,1.0,,,,,,
prefactor,1.0,3.0,0.09,Caputo-Fabrizio,1.0,,,,,,
prefactor,1.0,3.0,0.09,Caputo,1.0,,,,,,
sweep,0.2,,,KarciFANN,,0.9442379182156134,0.9729944400317713,0.006834977940760992,170.04565217058513,0,
sweep,0.2,,,Caputo-Fabrizio,,0.4684014869888476,0.4551231135822081,0.08169529586903829,0.15470457091298837,0,
sweep,0.2,,,Caputo,,0.5315985130111525,0.5194598888006354,0.07796328059093176,0.19983144051659638,0,
sweep,0.4,,,KarciFANN,,0.9628252788104089,0.9785544082605242,0.006502454670459975,12.38578263853011,0,
sweep,0.4,,,Caputo-Fabrizio,,0.5539033457249071,0.5337569499602859,0.07652433644194147,0.2033438579831513,0,
sweep,0.4,,,Caputo,,0.7100371747211895,0.7037331215250199,0.06510648676228338,0.31425780850644586,0,
sweep,0.6,,,KarciFANN,,0.9553903345724907,0.9674344718030182,0.011172879037809506,3.526549551546049,0,
sweep,0.6,,,Caputo-Fabrizio,,0.7100371747211895,0.6886417791898332,0.0644948464900702,0.29471869086443564,0,
sweep,0.6,,,Caputo,,0.8438661710037175,0.8482922954725973,0.04792469285481884,0.4770742268037409,0,
sweep,0.8,,,KarciFANN,,0.9442379182156134,0.9467831612390787,0.01837732452164849,1.5753520009293536,0,
sweep,0.8,,,Caputo-Fabrizio,,0.8587360594795539,0.8594122319301033,0.04284222579509853,0.4884921109666998,0,
sweep,0.8,,,Caputo,,0.9107806691449815,0.90945194598888,0.03445549884365337,0.7104688415124705,0,
sweep,0.95,,,KarciFANN,,0.9368029739776952,0.9396346306592533,0.024753256164153838,1.0944641908748578,0,
sweep,0.95,,,Caputo-Fabrizio,,0.929368029739777,0.9173947577442415,0.031214024833745104,0.7632180837829916,0,
sweep,0.95,,,Caputo,,0.9330855018587361,0.9269261318506752,0.028312515278842036,0.9246837101403743,0,
sweep,1.0,,,KarciFANN,,0.9368029739776952,0.9332803812549643,0.026802172732713632,1.0,0,
sweep,1.0,,,Caputo-Fabrizio,,0.9368029739776952,0.9332803812549643,0.026802172732713632,1.0,0,
sweep,1.0,,,Caputo,,0.9368029739776952,0.9332803812549643,0.026802172732713632,1.0,0,
tune,,,,gradient descent,,0.8252788104089219,0.8395552025416998,0.05374907160466195,,0,lr=0.5
tune,,,,gradient descent,,0.9368029739776952,0.9332803812549643,0.026802172732713632,,0,lr=1
tune,,,,gradient descent,,0.9628252788104089,0.9626687847498014,0.01334205549794829,,0,lr=2
tune,,,,gradient descent,,0.9702602230483272,0.9785544082605242,0.00787353257863396,,0,lr=4
tune,,,,gradient descent,,0.9776951672862454,0.9841143764892772,0.004631721774492187,,0,lr=8
tune,,,,gradient descent,,0.9851301115241635,0.9952343129467831,0.0025878620422802785,,0,lr=16
tune,,,,gradient descent,,0.9814126394052045,0.9960285941223193,0.001310026207971575,,0,lr=32
best,,,,gradient descent,,0.9851301115241635,0.9952343129467831,0.0025878620422802785,,,lr=16
tune,,,,KarciFANN,,0.828996282527881,0.8308181096108023,0.047789536745026694,,0,"alpha=0.2, scale=0.25"
tune,,,,KarciFANN,,0.9516728624535316,0.9698173153296267,0.00903471281278437,,0,"alpha=0.2, scale=0.5"
tune,,,,KarciFANN,,0.9442379182156134,0.9729944400317713,0.006834977940760992,,0,"alpha=0.2, scale=1"
tune,,,,KarciFANN,,0.9628252788104089,0.9880857823669579,0.002486870524524554,,0,"alpha=0.2, scale=2"
tune,,,,KarciFANN,,0.9330855018587361,0.9420174741858618,0.01179302123231786,,0,"alpha=0.2, scale=4"
tune,,,,KarciFANN,,0.7100371747211895,0.7021445591739476,0.0648157569123639,,0,"alpha=0.4, scale=0.25"
tune,,,,KarciFANN,,0.929368029739777,0.9475774424146147,0.019007639954360344,,0,"alpha=0.4, scale=0.5"
tune,,,,KarciFANN,,0.9628252788104089,0.9785544082605242,0.006502454670459975,,0,"alpha=0.4, scale=1"
tune,,,,KarciFANN,,0.9814126394052045,0.9912629070691025,0.0019350906724005755,,0,"alpha=0.4, scale=2"
tune,,,,KarciFANN,,0.9776951672862454,0.9936457505957109,0.0011051095604982207,,0,"alpha=0.4, scale=4"
tune,,,,KarciFANN,,0.6505576208178439,0.6441620333598094,0.07243232849734035,,0,"alpha=0.6, scale=0.25"
tune,,,,KarciFANN,,0.9144981412639405,0.9038919777601271,0.03392451865771514,,0,"alpha=0.6, scale=0.5"
tune,,,,KarciFANN,,0.9553903345724907,0.9674344718030182,0.011172879037809506,,0,"alpha=0.6, scale=1"
tune,,,,KarciFANN,,0.966542750929368,0.982525814138205,0.005103078583242918,,0,"alpha=0.6, scale=2"
tune,,,,KarciFANN,,0.9814126394052045,0.9936457505957109,0.0019545422433909477,,0,"alpha=0.6, scale=4"
tune,,,,KarciFANN,,0.6319702602230484,0.6028594122319301,0.07617561229758403,,0,"alpha=0.8, scale=0.25"
tune,,,,KarciFANN,,0.8513011152416357,0.8594122319301033,0.045517656741120564,,0,"alpha=0.8, scale=0.5"
tune,,,,KarciFANN,,0.9442379182156134,0.9467831612390787,0.01837732452164849,,0,"alpha=0.8, scale=1"
tune,,,,KarciFANN,,0.9628252788104089,0.9737887212073074,0.008863638860884648,,0,"alpha=0.8, scale=2"
tune,,,,KarciFANN,,0.9702602230483272,0.9841143764892772,0.004666294253774936,,0,"alpha=0.8, scale=4"
tune,,,,KarciFANN,,0.6133828996282528,0.5790309769658459,0.07812034047704264,,0,"alpha=1.0, scale=0.25"
tune,,,,KarciFANN,,0.8252788104089219,0.8395552025416998,0.05374907160466195,,0,"alpha=1.0, scale=0.5"
tune,,,,KarciFANN,,0.9368029739776952,0.9332803812549643,0.026802172732713632,,0,"alpha=1.0, scale=1"
tune,,,,KarciFANN,,0.9628252788104089,0.9626687847498014,0.01334205549794829,,0,"alpha=1.0, scale=2"
tune,,,,KarciFANN,,0.9702602230483272,0.9785544082605242,0.00787353257863396,,0,"alpha=1.0, scale=4"
tune,,,,KarciFANN,,0.6022304832713755,0.5694996028594123,0.07919284988276215,,0,"alpha=1.2, scale=0.25"
tune,,,,KarciFANN,,0.8141263940520446,0.8173153296266878,0.05938025480328049,,0,"alpha=1.2, scale=0.5"
tune,,,,KarciFANN,,0.9182156133828996,0.9158061953931692,0.03420105178760402,,0,"alpha=1.2, scale=1"
tune,,,,KarciFANN,,0.9516728624535316,0.9515488482922955,0.01880413925011512,,0,"alpha=1.2, scale=2"
tune,,,,KarciFANN,,0.966542750929368,0.9690230341540905,0.011430517616846441,,0,"alpha=1.2, scale=4"
best,,,,KarciFANN,,0.9814126394052045,0.9912629070691025,0.0019350906724005755,,,"alpha=0.4, scale=2"
tune,,,,Caputo-Fabrizio,,0.4684014869888476,0.4551231135822081,0.08169529586903829,,0,"alpha=0.2, lr=1"
tune,,,,Caputo-Fabrizio,,0.7769516728624535,0.7934868943606036,0.05155725371478138,,0,"alpha=0.2, lr=2"
tune,,,,Caputo-Fabrizio,,0.9442379182156134,0.9467831612390787,0.017388397404804648,,0,"alpha=0.2, lr=4"
tune,,,,Caputo-Fabrizio,,0.9591078066914498,0.9753772835583797,0.008899685724612178,,0,"alpha=0.2, lr=8"
tune,,,,Caputo-Fabrizio,,0.9739776951672863,0.9841143764892772,0.005219482686035569,,0,"alpha=0.2, lr=16"
tune,,,,Caputo-Fabrizio,,0.9702602230483272,0.9904686258935663,0.002833784624048097,,0,"alpha=0.2, lr=32"
tune,,,,Caputo-Fabrizio,,0.5539033457249071,0.5337569499602859,0.07652433644194147,,0,"alpha=0.4, lr=1"
tune,,,,Caputo-Fabrizio,,0.8884758364312267,0.8729150119142176,0.03759206768418385,,0,"alpha=0.4, lr=2"
tune,,,,Caputo-Fabrizio,,0.9442379182156134,0.9579030976965845,0.01420945471799806,,0,"alpha=0.4, lr=4"
tune,,,,Caputo-Fabrizio,,0.9591078066914498,0.9769658459094519,0.008050986574131625,,0,"alpha=0.4, lr=8"
tune,,,,Caputo-Fabrizio,,0.9739776951672863,0.9872915011914217,0.004607076802984308,,0,"alpha=0.4, lr=16"
tune,,,,Caputo-Fabrizio,,0.9702602230483272,0.9936457505957109,0.0022511466964943903,,0,"alpha=0.4, lr=32"
tune,,,,Caputo-Fabrizio,,0.7100371747211895,0.6886417791898332,0.0644948464900702,,0,"alpha=0.6, lr=1"
tune,,,,Caputo-Fabrizio,,0.929368029739777,0.9293089753772835,0.02665197696969527,,0,"alpha=0.6, lr=2"
tune,,,,Caputo-Fabrizio,,0.9553903345724907,0.965845909451946,0.011917802034531317,,0,"alpha=0.6, lr=4"
tune,,,,Caputo-Fabrizio,,0.9591078066914498,0.9793486894360603,0.007118960889448644,,0,"alpha=0.6, lr=8"
tune,,,,Caputo-Fabrizio,,0.9739776951672863,0.9896743447180302,0.003945724052536662,,0,"alpha=0.6, lr=16"
tune,,,,Caputo-Fabrizio,,0.9702602230483272,0.9936457505957109,0.0018834145052375316,,0,"alpha=0.6, lr=32"
tune,,,,Caputo-Fabrizio,,0.8587360594795539,0.8594122319301033,0.04284222579509853,,0,"alpha=0.8, lr=1"
tune,,,,Caputo-Fabrizio,,0.9405204460966543,0.9515488482922955,0.018577799609221738,,0,"alpha=0.8, lr=2"
tune,,,,Caputo-Fabrizio,,0.9628252788104089,0.9690230341540905,0.010105935632710327,,0,"alpha=0.8, lr=4"
tune,,,,Caputo-Fabrizio,,0.9702602230483272,0.9793486894360603,0.0061960813090426205,,0,"alpha=0.8, lr=8"
tune,,,,Caputo-Fabrizio,,0.9702602230483272,0.9904686258935663,0.0033646536692833913,,0,"alpha=0.8, lr=16"
tune,,,,Caputo-Fabrizio,,0.9776951672862454,0.9944400317712471,0.0020274641202110153,,0,"alpha=0.8, lr=32"
tune,,,,Caputo-Fabrizio,,0.929368029739777,0.9173947577442415,0.031214024833745104,,0,"alpha=0.95, lr=1"
tune,,,,Caputo-Fabrizio,,0.9442379182156134,0.9555202541699762,0.015544581534428285,,0,"alpha=0.95, lr=2"
tune,,,,Caputo-Fabrizio,,0.966542750929368,0.9737887212073074,0.009357413671471655,,0,"alpha=0.95, lr=4"
tune,,,,Caputo-Fabrizio,,0.9739776951672863,0.9801429706115965,0.00580705335015209,,0,"alpha=0.95, lr=8"
tune,,,,Caputo-Fabrizio,,0.9702602230483272,0.9904686258935663,0.0034830704087365346,,0,"alpha=0.95, lr=16"
tune,,,,Caputo-Fabrizio,,0.9702602230483272,0.9912629070691025,0.0023647089592584904,,0,"alpha=0.95, lr=32"
best,,,,Caputo-Fabrizio,,0.9776951672862454,0.9944400317712471,0.0020274641202110153,,,"alpha=0.8, lr=32"
tune,,,,Caputo,,0.5315985130111525,0.5194598888006354,0.07796328059093176,,0,"alpha=0.2, lr=1"
tune,,,,Caputo,,0.8475836431226765,0.8586179507545671,0.041976143299813716,,0,"alpha=0.2, lr=2"
tune,,,,Caputo,,0.9442379182156134,0.9531374106433678,0.015163929303997334,,0,"alpha=0.2, lr=4"
tune,,,,Caputo,,0.9591078066914498,0.9769658459094519,0.00816857350674627,,0,"alpha=0.2, lr=8"
tune,,,,Caputo,,0.9702602230483272,0.9849086576648134,0.0046829685099993865,,0,"alpha=0.2, lr=16"
tune,,,,Caputo,,0.9702602230483272,0.9928514694201748,0.0022157764671574686,,0,"alpha=0.2, lr=32"
tune,,,,Caputo,,0.7100371747211895,0.7037331215250199,0.06510648676228338,,0,"alpha=0.4, lr=1"
tune,,,,Caputo,,0.9219330855018587,0.9237490071485306,0.028417104195775724,,0,"alpha=0.4, lr=2"
tune,,,,Caputo,,0.9553903345724907,0.9634630659253376,0.012145899167537314,,0,"alpha=0.4, lr=4"
tune,,,,Caputo,,0.9591078066914498,0.9785544082605242,0.00702666262646055,,0,"alpha=0.4, lr=8"
tune,,,,Caputo,,0.966542750929368,0.9880857823669579,0.0038420155258303453,,0,"alpha=0.4, lr=16"
tune,,,,Caputo,,0.9739776951672863,0.9936457505957109,0.001665623487432183,,0,"alpha=0.4, lr=32"
tune,,,,Caputo,,0.8438661710037175,0.8482922954725973,0.04792469285481884,,0,"alpha=0.6, lr=1"
tune,,,,Caputo,,0.9330855018587361,0.9459888800635425,0.020329722737080988,,0,"alpha=0.6, lr=2"
tune,,,,Caputo,,0.966542750929368,0.9698173153296267,0.010141588068279634,,0,"alpha=0.6, lr=4"
tune,,,,Caputo,,0.9628252788104089,0.9809372517871326,0.005912880219961206,,0,"alpha=0.6, lr=8"
tune,,,,Caputo,,0.9739776951672863,0.9904686258935663,0.003131833277691388,,0,"alpha=0.6, lr=16"
tune,,,,Caputo,,0.9814126394052045,0.9952343129467831,0.0013985277926533612,,0,"alpha=0.6, lr=32"
tune,,,,Caputo,,0.9107806691449815,0.90945194598888,0.03445549884365337,,0,"alpha=0.8, lr=1"
tune,,,,Caputo,,0.9516728624535316,0.9531374106433678,0.015620313001357078,,0,"alpha=0.8, lr=2"
tune,,,,Caputo,,0.966542750929368,0.9753772835583797,0.008740091512207305,,0,"alpha=0.8, lr=4"
tune,,,,Caputo,,0.9702602230483272,0.9833200953137411,0.005072425081208713,,0,"alpha=0.8, lr=8"
tune,,,,Caputo,,0.9814126394052045,0.9936457505957109,0.002738798526381673,,0,"alpha=0.8, lr=16"
tune,,,,Caputo,,0.9814126394052045,0.9960285941223193,0.00121271284858583,,0,"alpha=0.8, lr=32"
tune,,,,Caputo,,0.9330855018587361,0.9269261318506752,0.028312515278842036,,0,"alpha=0.95, lr=1"
tune,,,,Caputo,,0.9591078066914498,0.9610802223987291,0.013764561732292676,,0,"alpha=0.95, lr=2"
tune,,,,Caputo,,0.966542750929368,0.9785544082605242,0.008040215756822379,,0,"alpha=0.95, lr=4"
tune,,,,Caputo,,0.9776951672862454,0.9849086576648134,0.004704678472321047,,0,"alpha=0.95, lr=8"
tune,,,,Caputo,,0.9851301115241635,0.9944400317712471,0.002588541545484262,,0,"alpha=0.95, lr=16"
tune,,,,Caputo,,0.9814126394052045,0.9960285941223193,0.0012317239070377274,,0,"alpha=0.95, lr=32"
best,,,,Caputo,,0.9851301115241635,0.9944400317712471,0.002588541545484262,,,"alpha=0.95, lr=16"
