stage,method,shape,scale,val,test,mse,diverged,grid_edge,setting,seed,n_seeds,val_mean,val_ci95,test_mean,test_ci95
tune,gradient descent,,0.03,0.703125,0.6640625,0.12473605026521828,False,,,,,,,,
tune,gradient descent,,0.0625,0.71875,0.71875,0.09849729115741396,False,,,,,,,,
tune,gradient descent,,0.125,0.7578125,0.734375,0.08039789639592985,False,,,,,,,,
tune,gradient descent,,0.25,0.7890625,0.7421875,0.06785703753528934,False,,,,,,,,
tune,gradient descent,,0.5,0.84375,0.78125,0.055006424081590725,False,,,,,,,,
tune,gradient descent,,1.0,0.828125,0.8125,0.035648061746558844,False,,,,,,,,
tune,gradient descent,,2.0,0.828125,0.828125,0.017283043869228153,False,,,,,,,,
tune,gradient descent,,4.0,0.828125,0.8125,0.0063835853707501986,False,,,,,,,,
tune,gradient descent,,8.0,0.8203125,0.8046875,0.0021079197801203075,False,,,,,,,,
tune,gradient descent,,16.0,0.8203125,0.8046875,0.0019594199324956267,False,,,,,,,,
tune,gradient descent,,32.0,0.65625,0.65625,0.06086348758791673,False,,,,,,,,
tune,gradient descent,,64.0,0.3046875,0.359375,0.24999999999864347,False,,,,,,,,
tune,gradient descent,,128.0,0.3125,0.3828125,0.25,False,,,,,,,,
best,gradient descent,,0.5,0.84375,0.78125,0.055006424081590725,False,0,,,,,,,
tune,power,-1.5,0.03,0.8125,0.765625,0.07171185480662078,False,,,,,,,,
tune,power,-1.5,0.0625,0.734375,0.71875,0.07554957522735026,False,,,,,,,,
tune,power,-1.5,0.125,0.71875,0.7421875,0.05862452853755802,False,,,,,,,,
tune,power,-1.5,0.25,0.734375,0.6953125,0.07020135286549435,False,,,,,,,,
tune,power,-1.5,0.5,0.7109375,0.7109375,0.07667661761983037,False,,,,,,,,
tune,power,-1.5,1.0,0.6875,0.65625,0.107887915771144,False,,,,,,,,
tune,power,-1.5,2.0,0.53125,0.5078125,0.14217368021402857,False,,,,,,,,
tune,power,-1.5,4.0,0.4921875,0.4609375,0.16368572755340074,False,,,,,,,,
tune,power,-1.5,8.0,0.234375,0.25,0.19800132604825715,False,,,,,,,,
tune,power,-1.5,16.0,0.1953125,0.21875,0.22043728902842835,False,,,,,,,,
tune,power,-1.5,32.0,0.2578125,0.2578125,0.24851699210932934,False,,,,,,,,
tune,power,-1.5,64.0,0.2734375,0.28125,0.24267997952007228,False,,,,,,,,
tune,power,-1.5,128.0,0.2578125,0.2578125,0.24999999898215108,False,,,,,,,,
tune,power,-1.0,0.03,0.75,0.71875,0.0912540720371449,False,,,,,,,,
tune,power,-1.0,0.0625,0.8125,0.75,0.0669812400722654,False,,,,,,,,
tune,power,-1.0,0.125,0.7890625,0.7578125,0.052657882971348595,False,,,,,,,,
tune,power,-1.0,0.25,0.703125,0.734375,0.07077510009560149,False,,,,,,,,
tune,power,-1.0,0.5,0.7265625,0.703125,0.10074910030082164,False,,,,,,,,
tune,power,-1.0,1.0,0.765625,0.6875,0.04493333314455864,False,,,,,,,,
tune,power,-1.0,2.0,0.6796875,0.7421875,0.06173805334970273,False,,,,,,,,
tune,power,-1.0,4.0,0.765625,0.75,0.06859174745434048,False,,,,,,,,
tune,power,-1.0,8.0,0.40625,0.40625,0.2230322383314602,False,,,,,,,,
tune,power,-1.0,16.0,0.71875,0.640625,0.09283277908759215,False,,,,,,,,
tune,power,-1.0,32.0,0.46875,0.4296875,0.17483748058535434,False,,,,,,,,
tune,power,-1.0,64.0,0.234375,0.234375,0.24999990320947843,False,,,,,,,,
tune,power,-1.0,128.0,0.2578125,0.2578125,0.24999999999514827,False,,,,,,,,
tune,power,-0.8,0.03,0.734375,0.703125,0.1046998112776654,False,,,,,,,,
tune,power,-0.8,0.0625,0.796875,0.7421875,0.07375793084299068,False,,,,,,,,
tune,power,-0.8,0.125,0.828125,0.7890625,0.05889013261230291,False,,,,,,,,
tune,power,-0.8,0.25,0.765625,0.7578125,0.05159399118355787,False,,,,,,,,
tune,power,-0.8,0.5,0.703125,0.7578125,0.0616570119656297,False,,,,,,,,
tune,power,-0.8,1.0,0.7109375,0.7734375,0.0608781939780855,False,,,,,,,,
tune,power,-0.8,2.0,0.71875,0.671875,0.11044772317211458,False,,,,,,,,
tune,power,-0.8,4.0,0.7109375,0.7109375,0.07287803574644418,False,,,,,,,,
tune,power,-0.8,8.0,0.7734375,0.703125,0.10107499873009289,False,,,,,,,,
tune,power,-0.8,16.0,0.7265625,0.7109375,0.10823850896276882,False,,,,,,,,
tune,power,-0.8,32.0,0.5703125,0.59375,0.11048401205256567,False,,,,,,,,
tune,power,-0.8,64.0,0.21875,0.28125,0.24999979867923985,False,,,,,,,,
tune,power,-0.8,128.0,0.2578125,0.2578125,0.24999999999975533,False,,,,,,,,
tune,power,-0.6,0.03,0.7109375,0.6796875,0.11466002742756912,False,,,,,,,,
tune,power,-0.6,0.0625,0.78125,0.7265625,0.08094988971065083,False,,,,,,,,
tune,power,-0.6,0.125,0.8125,0.7578125,0.0656103948451191,False,,,,,,,,
tune,power,-0.6,0.25,0.8203125,0.8046875,0.04860042448708346,False,,,,,,,,
tune,power,-0.6,0.5,0.7890625,0.8125,0.03096725602235996,False,,,,,,,,
tune,power,-0.6,1.0,0.7578125,0.828125,0.01925766830799163,False,,,,,,,,
tune,power,-0.6,2.0,0.765625,0.75,0.02070162037429661,False,,,,,,,,
tune,power,-0.6,4.0,0.7265625,0.75,0.02689296922767854,False,,,,,,,,
tune,power,-0.6,8.0,0.7578125,0.75,0.04054978513820283,False,,,,,,,,
tune,power,-0.6,16.0,0.7890625,0.7890625,0.04702271806339488,False,,,,,,,,
tune,power,-0.6,32.0,0.6640625,0.6953125,0.0923462127249799,False,,,,,,,,
tune,power,-0.6,64.0,0.2578125,0.2734375,0.2499999249471532,False,,,,,,,,
tune,power,-0.6,128.0,0.2578125,0.2578125,0.2499999999999945,False,,,,,,,,
tune,power,-0.4,0.03,0.7109375,0.65625,0.12052322436548371,False,,,,,,,,
tune,power,-0.4,0.0625,0.765625,0.7421875,0.08838372150076891,False,,,,,,,,
tune,power,-0.4,0.125,0.7890625,0.7421875,0.07086441214886123,False,,,,,,,,
tune,power,-0.4,0.25,0.828125,0.796875,0.057522620417266045,False,,,,,,,,
tune,power,-0.4,0.5,0.7890625,0.859375,0.034968860774756756,False,,,,,,,,
tune,power,-0.4,1.0,0.78125,0.8515625,0.015252798255229686,False,,,,,,,,
tune,power,-0.4,2.0,0.78125,0.828125,0.005834836508636661,False,,,,,,,,
tune,power,-0.4,4.0,0.828125,0.8125,0.0035112677279794786,False,,,,,,,,
tune,power,-0.4,8.0,0.7421875,0.7421875,0.0707666071723505,False,,,,,,,,
tune,power,-0.4,16.0,0.796875,0.828125,0.01195558321233353,False,,,,,,,,
tune,power,-0.4,32.0,0.6875,0.6875,0.08144980814081008,False,,,,,,,,
tune,power,-0.4,64.0,0.296875,0.296875,0.2499999968857428,False,,,,,,,,
tune,power,-0.4,128.0,0.2734375,0.3046875,0.25,False,,,,,,,,
tune,power,-0.2,0.03,0.703125,0.65625,0.12342482674659923,False,,,,,,,,
tune,power,-0.2,0.0625,0.7421875,0.7265625,0.09437874469322115,False,,,,,,,,
tune,power,-0.2,0.125,0.7734375,0.734375,0.0758754587599788,False,,,,,,,,
tune,power,-0.2,0.25,0.8125,0.7578125,0.06309956097503036,False,,,,,,,,
tune,power,-0.2,0.5,0.8671875,0.8125,0.046202792293865605,False,,,,,,,,
tune,power,-0.2,1.0,0.8359375,0.8125,0.02555113971324712,False,,,,,,,,
tune,power,-0.2,2.0,0.828125,0.8046875,0.006913144540630406,False,,,,,,,,
tune,power,-0.2,4.0,0.78125,0.8203125,0.00309220422688291,False,,,,,,,,
tune,power,-0.2,8.0,0.796875,0.7890625,0.0005405324712167484,False,,,,,,,,
tune,power,-0.2,16.0,0.796875,0.8125,0.0017306921810597772,False,,,,,,,,
tune,power,-0.2,32.0,0.7890625,0.8125,0.002130942456473442,False,,,,,,,,
tune,power,-0.2,64.0,0.28125,0.328125,0.24999999988460006,False,,,,,,,,
tune,power,-0.2,128.0,0.3046875,0.359375,0.25,False,,,,,,,,
tune,power,0.2,0.03,0.6953125,0.6640625,0.1253119160046272,False,,,,,,,,
tune,power,0.2,0.0625,0.71875,0.71875,0.10133993001572786,False,,,,,,,,
tune,power,0.2,0.125,0.7578125,0.734375,0.08452547369291773,False,,,,,,,,
tune,power,0.2,0.25,0.7890625,0.734375,0.07197551693349055,False,,,,,,,,
tune,power,0.2,0.5,0.828125,0.7578125,0.060831062666968194,False,,,,,,,,
tune,power,0.2,1.0,0.8359375,0.78125,0.04751417056591058,False,,,,,,,,
tune,power,0.2,2.0,0.8203125,0.8046875,0.03093938041611508,False,,,,,,,,
tune,power,0.2,4.0,0.8125,0.8359375,0.015127085070101375,False,,,,,,,,
tune,power,0.2,8.0,0.8203125,0.8046875,0.006084359675087025,False,,,,,,,,
tune,power,0.2,16.0,0.8203125,0.8515625,0.002325430119620216,False,,,,,,,,
tune,power,0.2,32.0,0.3125,0.359375,0.24999998207120755,False,,,,,,,,
tune,power,0.2,64.0,0.359375,0.375,0.24999999999999725,False,,,,,,,,
tune,power,0.2,128.0,0.375,0.3828125,0.25,False,,,,,,,,
tune,power,0.5,0.03,0.6953125,0.671875,0.12590636005301536,False,,,,,,,,
tune,power,0.5,0.0625,0.703125,0.6953125,0.10465453939898119,False,,,,,,,,
tune,power,0.5,0.125,0.7421875,0.75,0.08963526163591318,False,,,,,,,,
tune,power,0.5,0.25,0.7734375,0.7421875,0.07752734556658847,False,,,,,,,,
tune,power,0.5,0.5,0.8203125,0.7421875,0.06755941209645001,False,,,,,,,,
tune,power,0.5,1.0,0.8515625,0.7734375,0.058327159699502466,False,,,,,,,,
tune,power,0.5,2.0,0.84375,0.7890625,0.045595063226264394,False,,,,,,,,
tune,power,0.5,4.0,0.828125,0.7890625,0.03141548385771442,False,,,,,,,,
tune,power,0.5,8.0,0.8046875,0.828125,0.0189382661796984,False,,,,,,,,
tune,power,0.5,16.0,0.5546875,0.578125,0.08095942190427322,False,,,,,,,,
tune,power,0.5,32.0,0.3828125,0.390625,0.24999999999617714,False,,,,,,,,
tune,power,0.5,64.0,0.375,0.3828125,0.25,False,,,,,,,,
tune,power,0.5,128.0,0.3828125,0.3984375,0.25,False,,,,,,,,
tune,power,1.0,0.03,0.6796875,0.6484375,0.1260788986527134,False,,,,,,,,
tune,power,1.0,0.0625,0.6796875,0.6875,0.10849266772943504,False,,,,,,,,
tune,power,1.0,0.125,0.7265625,0.71875,0.09682490017144396,False,,,,,,,,
tune,power,1.0,0.25,0.75,0.7265625,0.08263931204391194,False,,,,,,,,
tune,power,1.0,0.5,0.78125,0.734375,0.07618608575903149,False,,,,,,,,
tune,power,1.0,1.0,0.8125,0.734375,0.06855179000138073,False,,,,,,,,
tune,power,1.0,2.0,0.8125,0.765625,0.06750946894641303,False,,,,,,,,
tune,power,1.0,4.0,0.8125,0.7578125,0.04962231646612466,False,,,,,,,,
tune,power,1.0,8.0,0.3125,0.3828125,0.24999992553605765,False,,,,,,,,
tune,power,1.0,16.0,0.3359375,0.3515625,0.24999999999994507,False,,,,,,,,
tune,power,1.0,32.0,0.359375,0.3828125,0.25,False,,,,,,,,
tune,power,1.0,64.0,0.4296875,0.4140625,0.25,False,,,,,,,,
tune,power,1.0,128.0,0.4375,0.4140625,0.25,False,,,,,,,,
tune,power,1.5,0.03,0.609375,0.5703125,0.15969989910648155,False,,,,,,,,
tune,power,1.5,0.0625,0.7265625,0.6640625,0.10802713249309841,False,,,,,,,,
tune,power,1.5,0.125,0.6875,0.6328125,0.11601104800906036,False,,,,,,,,
tune,power,1.5,0.25,0.7109375,0.71875,0.09705169516452014,False,,,,,,,,
tune,power,1.5,0.5,0.6796875,0.6484375,0.09590397424943853,False,,,,,,,,
tune,power,1.5,1.0,0.6015625,0.6015625,0.12517108047811132,False,,,,,,,,
tune,power,1.5,2.0,0.359375,0.390625,0.17576606759362182,False,,,,,,,,
tune,power,1.5,4.0,0.3203125,0.34375,0.24999999881179397,False,,,,,,,,
tune,power,1.5,8.0,0.3203125,0.375,0.24999999999999992,False,,,,,,,,
tune,power,1.5,16.0,0.359375,0.375,0.25,False,,,,,,,,
tune,power,1.5,32.0,0.390625,0.3984375,0.25,False,,,,,,,,
tune,power,1.5,64.0,0.328125,0.3125,0.25,False,,,,,,,,
tune,power,1.5,128.0,0.265625,0.3046875,0.25,False,,,,,,,,
best,power,-0.2,0.5,0.8671875,0.8125,0.046202792293865605,False,0,,,,,,,
tune,log,0.0001,0.03,0.703125,0.6640625,0.1247935528477195,False,,,,,,,,
tune,log,0.0001,0.0625,0.7265625,0.7109375,0.10007598795679484,False,,,,,,,,
tune,log,0.0001,0.125,0.7578125,0.734375,0.08252427428264539,False,,,,,,,,
tune,log,0.0001,0.25,0.7890625,0.734375,0.07091785100572509,False,,,,,,,,
tune,log,0.0001,0.5,0.84375,0.7578125,0.059003474269640296,False,,,,,,,,
tune,log,0.0001,1.0,0.8515625,0.78125,0.044576605323456246,False,,,,,,,,
tune,log,0.0001,2.0,0.828125,0.8203125,0.026298676935405416,False,,,,,,,,
tune,log,0.0001,4.0,0.8125,0.8359375,0.012245884964316549,False,,,,,,,,
tune,log,0.0001,8.0,0.8046875,0.8125,0.004292895498848897,False,,,,,,,,
tune,log,0.0001,16.0,0.828125,0.8046875,0.0012075510780438932,False,,,,,,,,
tune,log,0.0001,32.0,0.3046875,0.34375,0.24999994323056515,False,,,,,,,,
tune,log,0.0001,64.0,0.359375,0.375,0.24999999999998132,False,,,,,,,,
tune,log,0.0001,128.0,0.375,0.3828125,0.25,False,,,,,,,,
tune,log,0.0003,0.03,0.703125,0.6640625,0.12477903873817218,False,,,,,,,,
tune,log,0.0003,0.0625,0.71875,0.71875,0.10038204256874408,False,,,,,,,,
tune,log,0.0003,0.125,0.7578125,0.734375,0.08351433156414162,False,,,,,,,,
tune,log,0.0003,0.25,0.7890625,0.734375,0.07100591976789387,False,,,,,,,,
tune,log,0.0003,0.5,0.84375,0.7578125,0.05955718910081612,False,,,,,,,,
tune,log,0.0003,1.0,0.828125,0.796875,0.04467279106289812,False,,,,,,,,
tune,log,0.0003,2.0,0.8359375,0.8046875,0.027169058941957275,False,,,,,,,,
tune,log,0.0003,4.0,0.859375,0.796875,0.013372095492520707,False,,,,,,,,
tune,log,0.0003,8.0,0.8203125,0.765625,0.006144904332230574,False,,,,,,,,
tune,log,0.0003,16.0,0.8125,0.7734375,0.0029047184574929256,False,,,,,,,,
tune,log,0.0003,32.0,0.328125,0.359375,0.24999996965812382,False,,,,,,,,
tune,log,0.0003,64.0,0.3828125,0.3828125,0.24999999999999292,False,,,,,,,,
tune,log,0.0003,128.0,0.3828125,0.390625,0.25,False,,,,,,,,
tune,log,0.001,0.03,0.6953125,0.6640625,0.12463937719835866,False,,,,,,,,
tune,log,0.001,0.0625,0.7265625,0.7109375,0.10054308746972901,False,,,,,,,,
tune,log,0.001,0.125,0.7578125,0.734375,0.08365132214240599,False,,,,,,,,
tune,log,0.001,0.25,0.7890625,0.734375,0.07150907950161982,False,,,,,,,,
tune,log,0.001,0.5,0.8359375,0.7421875,0.060522393642791134,False,,,,,,,,
tune,log,0.001,1.0,0.84375,0.796875,0.04725011769537116,False,,,,,,,,
tune,log,0.001,2.0,0.8203125,0.8046875,0.03276575584320414,False,,,,,,,,
tune,log,0.001,4.0,0.84375,0.84375,0.01543253209261086,False,,,,,,,,
tune,log,0.001,8.0,0.828125,0.8046875,0.0054171515011309,False,,,,,,,,
tune,log,0.001,16.0,0.859375,0.796875,0.003105983113749988,False,,,,,,,,
tune,log,0.001,32.0,0.3671875,0.375,0.2499999892175504,False,,,,,,,,
tune,log,0.001,64.0,0.3828125,0.3828125,0.24999999999999875,False,,,,,,,,
tune,log,0.001,128.0,0.375,0.3828125,0.25,False,,,,,,,,
tune,log,0.003,0.03,0.6953125,0.6640625,0.12429255286902409,False,,,,,,,,
tune,log,0.003,0.0625,0.7265625,0.703125,0.10071700897830997,False,,,,,,,,
tune,log,0.003,0.125,0.7421875,0.734375,0.08494778158778445,False,,,,,,,,
tune,log,0.003,0.25,0.7890625,0.7265625,0.07125049221190068,False,,,,,,,,
tune,log,0.003,0.5,0.8203125,0.765625,0.06191880562286374,False,,,,,,,,
tune,log,0.003,1.0,0.8515625,0.78125,0.048482872492556936,False,,,,,,,,
tune,log,0.003,2.0,0.8203125,0.8203125,0.03229294115113311,False,,,,,,,,
tune,log,0.003,4.0,0.8125,0.8046875,0.017610793132412213,False,,,,,,,,
tune,log,0.003,8.0,0.828125,0.8203125,0.008395836957492908,False,,,,,,,,
tune,log,0.003,16.0,0.765625,0.71875,0.01482391791666424,False,,,,,,,,
tune,log,0.003,32.0,0.3828125,0.390625,0.2499999978525196,False,,,,,,,,
tune,log,0.003,64.0,0.375,0.390625,0.24999999999999992,False,,,,,,,,
tune,log,0.003,128.0,0.375,0.390625,0.25,False,,,,,,,,
tune,log,0.01,0.03,0.6875,0.6875,0.12140309004366742,False,,,,,,,,
tune,log,0.01,0.0625,0.71875,0.7109375,0.1021869415837081,False,,,,,,,,
tune,log,0.01,0.125,0.6875,0.671875,0.10632194009418691,False,,,,,,,,
tune,log,0.01,0.25,0.78125,0.734375,0.07140957538202551,False,,,,,,,,
tune,log,0.01,0.5,0.8203125,0.7578125,0.06269053198046706,False,,,,,,,,
tune,log,0.01,1.0,0.875,0.78125,0.05215100260084436,False,,,,,,,,
tune,log,0.01,2.0,0.859375,0.8203125,0.03843209518714614,False,,,,,,,,
tune,log,0.01,4.0,0.8203125,0.796875,0.0238664314168489,False,,,,,,,,
tune,log,0.01,8.0,0.8203125,0.8046875,0.011200684547823404,False,,,,,,,,
tune,log,0.01,16.0,0.5703125,0.5625,0.06746462187966919,False,,,,,,,,
tune,log,0.01,32.0,0.375,0.390625,0.24999999992708385,False,,,,,,,,
tune,log,0.01,64.0,0.375,0.3984375,0.25,False,,,,,,,,
tune,log,0.01,128.0,0.375,0.390625,0.25,False,,,,,,,,
tune,log,0.03,0.03,0.6875,0.6640625,0.12510948395305527,False,,,,,,,,
tune,log,0.03,0.0625,0.671875,0.6640625,0.12719704268944096,False,,,,,,,,
tune,log,0.03,0.125,0.734375,0.7265625,0.08775728523432626,False,,,,,,,,
tune,log,0.03,0.25,0.78125,0.7421875,0.07590865250521323,False,,,,,,,,
tune,log,0.03,0.5,0.7890625,0.7265625,0.07206726416183072,False,,,,,,,,
tune,log,0.03,1.0,0.84375,0.7578125,0.055714480951838924,False,,,,,,,,
tune,log,0.03,2.0,0.8515625,0.8125,0.043485167888459623,False,,,,,,,,
tune,log,0.03,4.0,0.8515625,0.8125,0.02854808333072385,False,,,,,,,,
tune,log,0.03,8.0,0.7890625,0.7734375,0.0333765797074097,False,,,,,,,,
tune,log,0.03,16.0,0.4296875,0.4375,0.24999975786405332,False,,,,,,,,
tune,log,0.03,32.0,0.4296875,0.421875,0.24999999999977215,False,,,,,,,,
tune,log,0.03,64.0,0.4375,0.4140625,0.25,False,,,,,,,,
tune,log,0.03,128.0,0.4375,0.4296875,0.25,False,,,,,,,,
tune,log,0.1,0.03,0.703125,0.671875,0.12445301304576012,False,,,,,,,,
tune,log,0.1,0.0625,0.7109375,0.6875,0.10517104343218164,False,,,,,,,,
tune,log,0.1,0.125,0.7421875,0.75,0.09083811421197915,False,,,,,,,,
tune,log,0.1,0.25,0.78125,0.7265625,0.07805662977860792,False,,,,,,,,
tune,log,0.1,0.5,0.8203125,0.7578125,0.06893674608970941,False,,,,,,,,
tune,log,0.1,1.0,0.8359375,0.7265625,0.07130365995534092,False,,,,,,,,
tune,log,0.1,2.0,0.8359375,0.765625,0.051127618027892424,False,,,,,,,,
tune,log,0.1,4.0,0.8515625,0.8046875,0.038385766789714074,False,,,,,,,,
tune,log,0.1,8.0,0.8359375,0.78125,0.023413096558454236,False,,,,,,,,
tune,log,0.1,16.0,0.3671875,0.390625,0.24999999867173386,False,,,,,,,,
tune,log,0.1,32.0,0.3828125,0.4140625,0.25,False,,,,,,,,
tune,log,0.1,64.0,0.46875,0.4296875,0.25,False,,,,,,,,
tune,log,0.1,128.0,0.4453125,0.421875,0.25,False,,,,,,,,
tune,log,0.3,0.03,0.6875,0.6875,0.12609506185556343,False,,,,,,,,
tune,log,0.3,0.0625,0.6953125,0.6875,0.10676326117959863,False,,,,,,,,
tune,log,0.3,0.125,0.765625,0.7265625,0.09476032110758713,False,,,,,,,,
tune,log,0.3,0.25,0.765625,0.75,0.08098665012765853,False,,,,,,,,
tune,log,0.3,0.5,0.796875,0.75,0.07083145391571799,False,,,,,,,,
tune,log,0.3,1.0,0.8203125,0.7421875,0.06356873734895899,False,,,,,,,,
tune,log,0.3,2.0,0.8125,0.75,0.0531895709988147,False,,,,,,,,
tune,log,0.3,4.0,0.828125,0.78125,0.04394449342823811,False,,,,,,,,
tune,log,0.3,8.0,0.4609375,0.4375,0.14439714915985905,False,,,,,,,,
tune,log,0.3,16.0,0.34375,0.3671875,0.24999999998354555,False,,,,,,,,
tune,log,0.3,32.0,0.3515625,0.40625,0.25,False,,,,,,,,
tune,log,0.3,64.0,0.4296875,0.421875,0.25,False,,,,,,,,
tune,log,0.3,128.0,0.4375,0.4375,0.25,False,,,,,,,,
tune,log,1.0,0.03,0.7265625,0.6640625,0.12407896527236124,False,,,,,,,,
tune,log,1.0,0.0625,0.7109375,0.6796875,0.1083833712917834,False,,,,,,,,
tune,log,1.0,0.125,0.7421875,0.7109375,0.09536687794765618,False,,,,,,,,
tune,log,1.0,0.25,0.75,0.734375,0.08376808241847884,False,,,,,,,,
tune,log,1.0,0.5,0.78125,0.734375,0.07377011073650916,False,,,,,,,,
tune,log,1.0,1.0,0.8125,0.7265625,0.06408680405116135,False,,,,,,,,
tune,log,1.0,2.0,0.796875,0.78125,0.05772184856156438,False,,,,,,,,
tune,log,1.0,4.0,0.78125,0.7265625,0.05662143370465248,False,,,,,,,,
tune,log,1.0,8.0,0.3203125,0.375,0.24999948738337477,False,,,,,,,,
tune,log,1.0,16.0,0.3359375,0.3515625,0.24999999999942507,False,,,,,,,,
tune,log,1.0,32.0,0.359375,0.3984375,0.25,False,,,,,,,,
tune,log,1.0,64.0,0.4375,0.421875,0.25,False,,,,,,,,
tune,log,1.0,128.0,0.4375,0.421875,0.25,False,,,,,,,,
tune,log,3.0,0.03,0.6796875,0.6640625,0.12730427338464226,False,,,,,,,,
tune,log,3.0,0.0625,0.7109375,0.703125,0.10781255339567668,False,,,,,,,,
tune,log,3.0,0.125,0.734375,0.7265625,0.09483415683730888,False,,,,,,,,
tune,log,3.0,0.25,0.7578125,0.71875,0.08428438975283092,False,,,,,,,,
tune,log,3.0,0.5,0.7734375,0.734375,0.0747241362155216,False,,,,,,,,
tune,log,3.0,1.0,0.8359375,0.75,0.0681911505252659,False,,,,,,,,
tune,log,3.0,2.0,0.8515625,0.734375,0.05624185704363394,False,,,,,,,,
tune,log,3.0,4.0,0.8359375,0.7890625,0.04850735013557215,False,,,,,,,,
tune,log,3.0,8.0,0.3125,0.3828125,0.2499998630889903,False,,,,,,,,
tune,log,3.0,16.0,0.3359375,0.3515625,0.24999999999986733,False,,,,,,,,
tune,log,3.0,32.0,0.359375,0.3828125,0.25,False,,,,,,,,
tune,log,3.0,64.0,0.4296875,0.421875,0.25,False,,,,,,,,
tune,log,3.0,128.0,0.4375,0.421875,0.25,False,,,,,,,,
tune,log,10.0,0.03,0.6875,0.671875,0.12450127949260423,False,,,,,,,,
tune,log,10.0,0.0625,0.6796875,0.6953125,0.10894298898331045,False,,,,,,,,
tune,log,10.0,0.125,0.7421875,0.71875,0.09574439919076724,False,,,,,,,,
tune,log,10.0,0.25,0.765625,0.7265625,0.0838626702669668,False,,,,,,,,
tune,log,10.0,0.5,0.78125,0.7421875,0.07607526829368919,False,,,,,,,,
tune,log,10.0,1.0,0.8125,0.734375,0.06660064210404548,False,,,,,,,,
tune,log,10.0,2.0,0.8203125,0.7421875,0.060700429594455166,False,,,,,,,,
tune,log,10.0,4.0,0.828125,0.7578125,0.05231385325859712,False,,,,,,,,
tune,log,10.0,8.0,0.3125,0.3828125,0.24999991040982053,False,,,,,,,,
tune,log,10.0,16.0,0.3359375,0.3515625,0.24999999999992756,False,,,,,,,,
tune,log,10.0,32.0,0.359375,0.3828125,0.25,False,,,,,,,,
tune,log,10.0,64.0,0.4296875,0.4296875,0.25,False,,,,,,,,
tune,log,10.0,128.0,0.4375,0.421875,0.25,False,,,,,,,,
best,log,0.01,1.0,0.875,0.78125,0.05215100260084436,False,0,,,,,,,
tune,tanh,0.0001,0.03,0.703125,0.6640625,0.12473050002796916,False,,,,,,,,
tune,tanh,0.0001,0.0625,0.71875,0.71875,0.09849622764572989,False,,,,,,,,
tune,tanh,0.0001,0.125,0.7578125,0.734375,0.08039953679434025,False,,,,,,,,
tune,tanh,0.0001,0.25,0.7890625,0.7421875,0.06780162766503975,False,,,,,,,,
tune,tanh,0.0001,0.5,0.8515625,0.78125,0.054993566372953495,False,,,,,,,,
tune,tanh,0.0001,1.0,0.8203125,0.8203125,0.03531547290651896,False,,,,,,,,
tune,tanh,0.0001,2.0,0.8203125,0.8203125,0.018040907267570985,False,,,,,,,,
tune,tanh,0.0001,4.0,0.828125,0.796875,0.0063483836403052905,False,,,,,,,,
tune,tanh,0.0001,8.0,0.859375,0.8203125,0.002959373360798948,False,,,,,,,,
tune,tanh,0.0001,16.0,0.8359375,0.828125,0.001180329791298207,False,,,,,,,,
tune,tanh,0.0001,32.0,0.796875,0.8046875,0.00172426692182164,False,,,,,,,,
tune,tanh,0.0001,64.0,0.3046875,0.359375,0.24999999999864336,False,,,,,,,,
tune,tanh,0.0001,128.0,0.3125,0.3828125,0.25,False,,,,,,,,
tune,tanh,0.0003,0.03,0.703125,0.6640625,0.12468828627846998,False,,,,,,,,
tune,tanh,0.0003,0.0625,0.71875,0.71875,0.0985399990250759,False,,,,,,,,
tune,tanh,0.0003,0.125,0.7578125,0.7421875,0.08052632818975154,False,,,,,,,,
tune,tanh,0.0003,0.25,0.7890625,0.7421875,0.06795386358838508,False,,,,,,,,
tune,tanh,0.0003,0.5,0.8515625,0.796875,0.05529109442585349,False,,,,,,,,
tune,tanh,0.0003,1.0,0.828125,0.8359375,0.03610291083758379,False,,,,,,,,
tune,tanh,0.0003,2.0,0.8203125,0.8359375,0.01703198086707779,False,,,,,,,,
tune,tanh,0.0003,4.0,0.859375,0.7734375,0.005684906711324334,False,,,,,,,,
tune,tanh,0.0003,8.0,0.8125,0.8515625,0.0014599981629412416,False,,,,,,,,
tune,tanh,0.0003,16.0,0.828125,0.765625,0.0008680258989657384,False,,,,,,,,
tune,tanh,0.0003,32.0,0.625,0.609375,0.060453158460391634,False,,,,,,,,
tune,tanh,0.0003,64.0,0.3046875,0.359375,0.24999999999864178,False,,,,,,,,
tune,tanh,0.0003,128.0,0.3125,0.3828125,0.25,False,,,,,,,,
tune,tanh,0.001,0.03,0.703125,0.6640625,0.12463304851783294,False,,,,,,,,
tune,tanh,0.001,0.0625,0.71875,0.7265625,0.0983637563088386,False,,,,,,,,
tune,tanh,0.001,0.125,0.7578125,0.734375,0.08048389385659757,False,,,,,,,,
tune,tanh,0.001,0.25,0.7890625,0.7421875,0.0682366653455365,False,,,,,,,,
tune,tanh,0.001,0.5,0.8671875,0.7734375,0.055213495868745514,False,,,,,,,,
tune,tanh,0.001,1.0,0.828125,0.8203125,0.035878398349733484,False,,,,,,,,
tune,tanh,0.001,2.0,0.859375,0.8203125,0.01715962031164605,False,,,,,,,,
tune,tanh,0.001,4.0,0.8046875,0.8046875,0.006706072047397772,False,,,,,,,,
tune,tanh,0.001,8.0,0.796875,0.7890625,0.0008887160579684806,False,,,,,,,,
tune,tanh,0.001,16.0,0.7890625,0.8046875,0.001655497904275514,False,,,,,,,,
tune,tanh,0.001,32.0,0.8046875,0.8046875,0.002526677607949607,False,,,,,,,,
tune,tanh,0.001,64.0,0.3046875,0.359375,0.24999999999862887,False,,,,,,,,
tune,tanh,0.001,128.0,0.3125,0.3828125,0.25,False,,,,,,,,
tune,tanh,0.003,0.03,0.703125,0.6796875,0.12453242589594882,False,,,,,,,,
tune,tanh,0.003,0.0625,0.7265625,0.7265625,0.09842360304166999,False,,,,,,,,
tune,tanh,0.003,0.125,0.7578125,0.734375,0.08044370227966795,False,,,,,,,,
tune,tanh,0.003,0.25,0.7890625,0.7421875,0.06779614046432937,False,,,,,,,,
tune,tanh,0.003,0.5,0.8515625,0.7890625,0.05486919460125868,False,,,,,,,,
tune,tanh,0.003,1.0,0.84375,0.7890625,0.03772449966499522,False,,,,,,,,
tune,tanh,0.003,2.0,0.8125,0.8203125,0.02086662504773074,False,,,,,,,,
tune,tanh,0.003,4.0,0.8046875,0.8359375,0.004739327763381972,False,,,,,,,,
tune,tanh,0.003,8.0,0.8203125,0.78125,0.004551551054648117,False,,,,,,,,
tune,tanh,0.003,16.0,0.7109375,0.6875,0.06459813851221877,False,,,,,,,,
tune,tanh,0.003,32.0,0.5546875,0.5703125,0.07355498267885542,False,,,,,,,,
tune,tanh,0.003,64.0,0.3359375,0.3671875,0.2499999999986687,False,,,,,,,,
tune,tanh,0.003,128.0,0.3671875,0.3671875,0.25,False,,,,,,,,
tune,tanh,0.01,0.03,0.703125,0.671875,0.12395140991317123,False,,,,,,,,
tune,tanh,0.01,0.0625,0.7109375,0.7265625,0.09794964098691081,False,,,,,,,,
tune,tanh,0.01,0.125,0.7578125,0.7421875,0.07994958204618408,False,,,,,,,,
tune,tanh,0.01,0.25,0.7890625,0.734375,0.06776010594151793,False,,,,,,,,
tune,tanh,0.01,0.5,0.8515625,0.7578125,0.05329438753084854,False,,,,,,,,
tune,tanh,0.01,1.0,0.8359375,0.828125,0.03624488509209317,False,,,,,,,,
tune,tanh,0.01,2.0,0.828125,0.8515625,0.019712234979575135,False,,,,,,,,
tune,tanh,0.01,4.0,0.78125,0.78125,0.007216058386389507,False,,,,,,,,
tune,tanh,0.01,8.0,0.7734375,0.796875,0.008728882524748122,False,,,,,,,,
tune,tanh,0.01,16.0,0.734375,0.765625,0.03831925683044081,False,,,,,,,,
tune,tanh,0.01,32.0,0.546875,0.5859375,0.07070416067009164,False,,,,,,,,
tune,tanh,0.01,64.0,0.390625,0.3828125,0.24999999999924075,False,,,,,,,,
tune,tanh,0.01,128.0,0.375,0.390625,0.25,False,,,,,,,,
tune,tanh,0.03,0.03,0.703125,0.6640625,0.1226635585059807,False,,,,,,,,
tune,tanh,0.03,0.0625,0.7734375,0.7265625,0.09363270641129268,False,,,,,,,,
tune,tanh,0.03,0.125,0.7734375,0.7421875,0.08003021104162643,False,,,,,,,,
tune,tanh,0.03,0.25,0.8203125,0.734375,0.06742758387101316,False,,,,,,,,
tune,tanh,0.03,0.5,0.8515625,0.78125,0.05553095408418464,False,,,,,,,,
tune,tanh,0.03,1.0,0.8359375,0.78125,0.039174100080506244,False,,,,,,,,
tune,tanh,0.03,2.0,0.828125,0.8359375,0.021685745022801885,False,,,,,,,,
tune,tanh,0.03,4.0,0.8046875,0.8125,0.009978035759664982,False,,,,,,,,
tune,tanh,0.03,8.0,0.71875,0.71875,0.06403780711323957,False,,,,,,,,
tune,tanh,0.03,16.0,0.7890625,0.7734375,0.0347107305135596,False,,,,,,,,
tune,tanh,0.03,32.0,0.375,0.390625,0.24999996744889674,False,,,,,,,,
tune,tanh,0.03,64.0,0.375,0.390625,0.24999999999998515,False,,,,,,,,
tune,tanh,0.03,128.0,0.375,0.390625,0.25,False,,,,,,,,
tune,tanh,0.1,0.03,0.7265625,0.6640625,0.11882872938175332,False,,,,,,,,
tune,tanh,0.1,0.0625,0.7265625,0.7109375,0.09902145609471556,False,,,,,,,,
tune,tanh,0.1,0.125,0.7734375,0.734375,0.08106894508904858,False,,,,,,,,
tune,tanh,0.1,0.25,0.7890625,0.71875,0.07168512841512413,False,,,,,,,,
tune,tanh,0.1,0.5,0.7578125,0.7265625,0.07833040774355532,False,,,,,,,,
tune,tanh,0.1,1.0,0.859375,0.7890625,0.05020197389793638,False,,,,,,,,
tune,tanh,0.1,2.0,0.8359375,0.8125,0.03486281152808119,False,,,,,,,,
tune,tanh,0.1,4.0,0.796875,0.78125,0.020413853415388854,False,,,,,,,,
tune,tanh,0.1,8.0,0.828125,0.7734375,0.014966245216185314,False,,,,,,,,
tune,tanh,0.1,16.0,0.3984375,0.3984375,0.24999927280672535,False,,,,,,,,
tune,tanh,0.1,32.0,0.40625,0.40625,0.24999999999945127,False,,,,,,,,
tune,tanh,0.1,64.0,0.4765625,0.4453125,0.25,False,,,,,,,,
tune,tanh,0.1,128.0,0.4609375,0.4140625,0.25,False,,,,,,,,
tune,tanh,0.3,0.03,0.671875,0.6796875,0.12471894003721541,False,,,,,,,,
tune,tanh,0.3,0.0625,0.7109375,0.71875,0.10524785396831732,False,,,,,,,,
tune,tanh,0.3,0.125,0.7421875,0.734375,0.09236516408491832,False,,,,,,,,
tune,tanh,0.3,0.25,0.7734375,0.7578125,0.0806150537410219,False,,,,,,,,
tune,tanh,0.3,0.5,0.8046875,0.7421875,0.07001547288677007,False,,,,,,,,
tune,tanh,0.3,1.0,0.8359375,0.7578125,0.06120681816163056,False,,,,,,,,
tune,tanh,0.3,2.0,0.8515625,0.8046875,0.05107500923690162,False,,,,,,,,
tune,tanh,0.3,4.0,0.8046875,0.7890625,0.03724389100731773,False,,,,,,,,
tune,tanh,0.3,8.0,0.421875,0.3984375,0.13515308173046992,False,,,,,,,,
tune,tanh,0.3,16.0,0.34375,0.359375,0.2499999999881938,False,,,,,,,,
tune,tanh,0.3,32.0,0.3515625,0.3984375,0.25,False,,,,,,,,
tune,tanh,0.3,64.0,0.40625,0.4140625,0.25,False,,,,,,,,
tune,tanh,0.3,128.0,0.4296875,0.4296875,0.25,False,,,,,,,,
tune,tanh,1.0,0.03,0.703125,0.6875,0.1264723042262505,False,,,,,,,,
tune,tanh,1.0,0.0625,0.71875,0.6875,0.10621233465482832,False,,,,,,,,
tune,tanh,1.0,0.125,0.7421875,0.7109375,0.09533351125523741,False,,,,,,,,
tune,tanh,1.0,0.25,0.765625,0.71875,0.08484162382526715,False,,,,,,,,
tune,tanh,1.0,0.5,0.8125,0.7421875,0.07477351409739681,False,,,,,,,,
tune,tanh,1.0,1.0,0.8125,0.71875,0.06693658477449918,False,,,,,,,,
tune,tanh,1.0,2.0,0.5859375,0.5390625,0.11482313882554608,False,,,,,,,,
tune,tanh,1.0,4.0,0.8203125,0.7265625,0.05090013914822301,False,,,,,,,,
tune,tanh,1.0,8.0,0.3125,0.3828125,0.24999988313893165,False,,,,,,,,
tune,tanh,1.0,16.0,0.3359375,0.3515625,0.24999999999989436,False,,,,,,,,
tune,tanh,1.0,32.0,0.359375,0.3828125,0.25,False,,,,,,,,
tune,tanh,1.0,64.0,0.421875,0.4296875,0.25,False,,,,,,,,
tune,tanh,1.0,128.0,0.4375,0.421875,0.25,False,,,,,,,,
tune,tanh,3.0,0.03,0.6953125,0.65625,0.12739743638951853,False,,,,,,,,
tune,tanh,3.0,0.0625,0.703125,0.6796875,0.10691364164411483,False,,,,,,,,
tune,tanh,3.0,0.125,0.7109375,0.6953125,0.10076346693453131,False,,,,,,,,
tune,tanh,3.0,0.25,0.78125,0.7421875,0.08489621308175767,False,,,,,,,,
tune,tanh,3.0,0.5,0.78125,0.7421875,0.07608391229037487,False,,,,,,,,
tune,tanh,3.0,1.0,0.8359375,0.75,0.0625526613694841,False,,,,,,,,
tune,tanh,3.0,2.0,0.84375,0.7578125,0.05896136903952426,False,,,,,,,,
tune,tanh,3.0,4.0,0.84375,0.7890625,0.050193660260053306,False,,,,,,,,
tune,tanh,3.0,8.0,0.3125,0.3828125,0.24999992168799887,False,,,,,,,,
tune,tanh,3.0,16.0,0.3359375,0.3515625,0.24999999999994085,False,,,,,,,,
tune,tanh,3.0,32.0,0.359375,0.3828125,0.25,False,,,,,,,,
tune,tanh,3.0,64.0,0.4296875,0.4140625,0.25,False,,,,,,,,
tune,tanh,3.0,128.0,0.4375,0.4140625,0.25,False,,,,,,,,
tune,tanh,10.0,0.03,0.703125,0.65625,0.12587027159225492,False,,,,,,,,
tune,tanh,10.0,0.0625,0.6953125,0.6875,0.10828316354317676,False,,,,,,,,
tune,tanh,10.0,0.125,0.765625,0.7109375,0.09362162146623265,False,,,,,,,,
tune,tanh,10.0,0.25,0.7421875,0.7265625,0.0858238758993737,False,,,,,,,,
tune,tanh,10.0,0.5,0.78125,0.7265625,0.07643696349867056,False,,,,,,,,
tune,tanh,10.0,1.0,0.828125,0.7265625,0.06986639345301994,False,,,,,,,,
tune,tanh,10.0,2.0,0.84375,0.75,0.05997429176436625,False,,,,,,,,
tune,tanh,10.0,4.0,0.78125,0.7265625,0.061382743251151436,False,,,,,,,,
tune,tanh,10.0,8.0,0.3125,0.3828125,0.2499999252030108,False,,,,,,,,
tune,tanh,10.0,16.0,0.3359375,0.3515625,0.2499999999999448,False,,,,,,,,
tune,tanh,10.0,32.0,0.359375,0.3828125,0.25,False,,,,,,,,
tune,tanh,10.0,64.0,0.4296875,0.4140625,0.25,False,,,,,,,,
tune,tanh,10.0,128.0,0.4375,0.4140625,0.25,False,,,,,,,,
best,tanh,0.001,0.5,0.8671875,0.7734375,0.055213495868745514,False,0,,,,,,,
tune,exp,0.01,0.03,0.2578125,0.2578125,0.25,False,,,,,,,,
tune,exp,0.01,0.0625,0.2578125,0.2578125,0.25,False,,,,,,,,
tune,exp,0.01,0.125,0.2578125,0.2578125,0.25,False,,,,,,,,
tune,exp,0.01,0.25,0.2578125,0.2578125,0.25,False,,,,,,,,
tune,exp,0.01,0.5,0.2578125,0.2578125,0.25,False,,,,,,,,
tune,exp,0.01,1.0,0.2578125,0.2578125,0.25,False,,,,,,,,
tune,exp,0.01,2.0,0.2578125,0.2578125,0.25,False,,,,,,,,
tune,exp,0.01,4.0,0.2578125,0.2578125,0.25,False,,,,,,,,
tune,exp,0.01,8.0,0.2578125,0.2578125,0.25,False,,,,,,,,
tune,exp,0.01,16.0,0.2578125,0.2578125,0.25,False,,,,,,,,
tune,exp,0.01,32.0,0.2578125,0.2578125,0.25,False,,,,,,,,
tune,exp,0.01,64.0,0.2578125,0.2578125,0.25,False,,,,,,,,
tune,exp,0.01,128.0,0.2578125,0.2578125,0.25,False,,,,,,,,
tune,exp,0.03,0.03,0.3046875,0.359375,0.24999999999981173,False,,,,,,,,
tune,exp,0.03,0.0625,0.3125,0.3359375,0.25,False,,,,,,,,
tune,exp,0.03,0.125,0.296875,0.34375,0.25,False,,,,,,,,
tune,exp,0.03,0.25,0.25,0.2890625,0.25,False,,,,,,,,
tune,exp,0.03,0.5,0.2265625,0.25,0.25,False,,,,,,,,
tune,exp,0.03,1.0,0.2578125,0.28125,0.25,False,,,,,,,,
tune,exp,0.03,2.0,0.2578125,0.2578125,0.25,False,,,,,,,,
tune,exp,0.03,4.0,0.2578125,0.2578125,0.25,False,,,,,,,,
tune,exp,0.03,8.0,0.2578125,0.2578125,0.25,False,,,,,,,,
tune,exp,0.03,16.0,0.2578125,0.2578125,0.25,False,,,,,,,,
tune,exp,0.03,32.0,0.2578125,0.2578125,0.25,False,,,,,,,,
tune,exp,0.03,64.0,0.2578125,0.2578125,0.25,False,,,,,,,,
tune,exp,0.03,128.0,0.2578125,0.2578125,0.25,False,,,,,,,,
tune,exp,0.1,0.03,0.6796875,0.6484375,0.13327697460797422,False,,,,,,,,
tune,exp,0.1,0.0625,0.6953125,0.6796875,0.1179172536787451,False,,,,,,,,
tune,exp,0.1,0.125,0.6953125,0.703125,0.10659403776725253,False,,,,,,,,
tune,exp,0.1,0.25,0.7265625,0.7109375,0.09762711145471166,False,,,,,,,,
tune,exp,0.1,0.5,0.75,0.7421875,0.08938644549736915,False,,,,,,,,
tune,exp,0.1,1.0,0.7890625,0.7265625,0.08228568619962717,False,,,,,,,,
tune,exp,0.1,2.0,0.8046875,0.734375,0.07572440273582938,False,,,,,,,,
tune,exp,0.1,4.0,0.578125,0.5078125,0.12175439646865471,False,,,,,,,,
tune,exp,0.1,8.0,0.359375,0.3984375,0.24999999993946084,False,,,,,,,,
tune,exp,0.1,16.0,0.34375,0.359375,0.25,False,,,,,,,,
tune,exp,0.1,32.0,0.3125,0.359375,0.25,False,,,,,,,,
tune,exp,0.1,64.0,0.28125,0.3125,0.25,False,,,,,,,,
tune,exp,0.1,128.0,0.2265625,0.25,0.25,False,,,,,,,,
tune,exp,0.3,0.03,0.6875,0.65625,0.13026733468862298,False,,,,,,,,
tune,exp,0.3,0.0625,0.7109375,0.6953125,0.10872494620385306,False,,,,,,,,
tune,exp,0.3,0.125,0.7421875,0.7265625,0.09372654429648158,False,,,,,,,,
tune,exp,0.3,0.25,0.7734375,0.734375,0.08170050385562935,False,,,,,,,,
tune,exp,0.3,0.5,0.8046875,0.734375,0.0717037907247533,False,,,,,,,,
tune,exp,0.3,1.0,0.828125,0.765625,0.06336614473789631,False,,,,,,,,
tune,exp,0.3,2.0,0.828125,0.765625,0.05514981975069651,False,,,,,,,,
tune,exp,0.3,4.0,0.8125,0.8046875,0.04630540027278177,False,,,,,,,,
tune,exp,0.3,8.0,0.8125,0.7890625,0.03651275256874742,False,,,,,,,,
tune,exp,0.3,16.0,0.578125,0.546875,0.09469538353745016,False,,,,,,,,
tune,exp,0.3,32.0,0.3515625,0.3671875,0.24999999996687605,False,,,,,,,,
tune,exp,0.3,64.0,0.3828125,0.390625,0.25,False,,,,,,,,
tune,exp,0.3,128.0,0.375,0.3828125,0.25,False,,,,,,,,
tune,exp,1.0,0.03,0.6953125,0.6640625,0.12721536895642152,False,,,,,,,,
tune,exp,1.0,0.0625,0.71875,0.71875,0.10273527296328025,False,,,,,,,,
tune,exp,1.0,0.125,0.7421875,0.734375,0.08566664480327685,False,,,,,,,,
tune,exp,1.0,0.25,0.7890625,0.734375,0.07308477127459025,False,,,,,,,,
tune,exp,1.0,0.5,0.828125,0.765625,0.06215638034274228,False,,,,,,,,
tune,exp,1.0,1.0,0.8515625,0.7734375,0.0495357714364216,False,,,,,,,,
tune,exp,1.0,2.0,0.828125,0.8125,0.034952902340068336,False,,,,,,,,
tune,exp,1.0,4.0,0.796875,0.8046875,0.020966816310039858,False,,,,,,,,
tune,exp,1.0,8.0,0.8046875,0.8046875,0.010789888449713188,False,,,,,,,,
tune,exp,1.0,16.0,0.7734375,0.8203125,0.004188849695175328,False,,,,,,,,
tune,exp,1.0,32.0,0.3046875,0.3515625,0.24999994101195203,False,,,,,,,,
tune,exp,1.0,64.0,0.34375,0.375,0.24999999999998107,False,,,,,,,,
tune,exp,1.0,128.0,0.3515625,0.3671875,0.25,False,,,,,,,,
tune,exp,3.0,0.03,0.703125,0.6640625,0.1256930247466089,False,,,,,,,,
tune,exp,3.0,0.0625,0.71875,0.71875,0.10010785440261614,False,,,,,,,,
tune,exp,3.0,0.125,0.7578125,0.734375,0.08238329815608146,False,,,,,,,,
tune,exp,3.0,0.25,0.7890625,0.7421875,0.07007610902617295,False,,,,,,,,
tune,exp,3.0,0.5,0.8359375,0.7578125,0.057907467410353894,False,,,,,,,,
tune,exp,3.0,1.0,0.8359375,0.8046875,0.04144335963061459,False,,,,,,,,
tune,exp,3.0,2.0,0.8125,0.828125,0.023578452491133065,False,,,,,,,,
tune,exp,3.0,4.0,0.8125,0.796875,0.00969467408780684,False,,,,,,,,
tune,exp,3.0,8.0,0.8125,0.8046875,0.003190831130671333,False,,,,,,,,
tune,exp,3.0,16.0,0.8359375,0.8125,0.002590127053036658,False,,,,,,,,
tune,exp,3.0,32.0,0.328125,0.296875,0.1816363999304971,False,,,,,,,,
tune,exp,3.0,64.0,0.3125,0.359375,0.24999999999964645,False,,,,,,,,
tune,exp,3.0,128.0,0.34375,0.3671875,0.25,False,,,,,,,,
tune,exp,10.0,0.03,0.703125,0.6640625,0.1250399339053398,False,,,,,,,,
tune,exp,10.0,0.0625,0.71875,0.71875,0.09900748322491604,False,,,,,,,,
tune,exp,10.0,0.125,0.7578125,0.734375,0.08101490692902799,False,,,,,,,,
tune,exp,10.0,0.25,0.7890625,0.7421875,0.06861731798725985,False,,,,,,,,
tune,exp,10.0,0.5,0.84375,0.7734375,0.05595305710424913,False,,,,,,,,
tune,exp,10.0,1.0,0.8359375,0.8125,0.037540777176452926,False,,,,,,,,
tune,exp,10.0,2.0,0.828125,0.828125,0.01951043675590385,False,,,,,,,,
tune,exp,10.0,4.0,0.8203125,0.8046875,0.00737605528035209,False,,,,,,,,
tune,exp,10.0,8.0,0.8203125,0.8203125,0.001658911338456919,False,,,,,,,,
tune,exp,10.0,16.0,0.8046875,0.8203125,0.0016703132562087175,False,,,,,,,,
tune,exp,10.0,32.0,0.609375,0.6171875,0.06092497175790355,False,,,,,,,,
tune,exp,10.0,64.0,0.3046875,0.359375,0.24999999999908626,False,,,,,,,,
tune,exp,10.0,128.0,0.3125,0.375,0.25,False,,,,,,,,
tune,exp,30.0,0.03,0.703125,0.6640625,0.12483907166985067,False,,,,,,,,
tune,exp,30.0,0.0625,0.71875,0.71875,0.09867023068891984,False,,,,,,,,
tune,exp,30.0,0.125,0.7578125,0.734375,0.08060547102148555,False,,,,,,,,
tune,exp,30.0,0.25,0.7890625,0.734375,0.0681164513814861,False,,,,,,,,
tune,exp,30.0,0.5,0.84375,0.78125,0.05533162193903136,False,,,,,,,,
tune,exp,30.0,1.0,0.8203125,0.8125,0.036293839449947074,False,,,,,,,,
tune,exp,30.0,2.0,0.828125,0.828125,0.018124287682497322,False,,,,,,,,
tune,exp,30.0,4.0,0.8203125,0.8125,0.006965407701852563,False,,,,,,,,
tune,exp,30.0,8.0,0.796875,0.8046875,0.002230061834740813,False,,,,,,,,
tune,exp,30.0,16.0,0.8359375,0.8125,0.0015792336092710498,False,,,,,,,,
tune,exp,30.0,32.0,0.5859375,0.5859375,0.0625560304068189,False,,,,,,,,
tune,exp,30.0,64.0,0.3046875,0.359375,0.24999999999880995,False,,,,,,,,
tune,exp,30.0,128.0,0.3125,0.3828125,0.25,False,,,,,,,,
tune,exp,100.0,0.03,0.703125,0.6640625,0.12476714245999526,False,,,,,,,,
tune,exp,100.0,0.0625,0.71875,0.71875,0.09854948630775828,False,,,,,,,,
tune,exp,100.0,0.125,0.7578125,0.734375,0.08046037018535866,False,,,,,,,,
tune,exp,100.0,0.25,0.7890625,0.7421875,0.06793452812215049,False,,,,,,,,
tune,exp,100.0,0.5,0.84375,0.78125,0.05510508718487639,False,,,,,,,,
tune,exp,100.0,1.0,0.828125,0.8125,0.03584338362026577,False,,,,,,,,
tune,exp,100.0,2.0,0.8359375,0.828125,0.017564075560593008,False,,,,,,,,
tune,exp,100.0,4.0,0.828125,0.8125,0.006543315830928659,False,,,,,,,,
tune,exp,100.0,8.0,0.8359375,0.8203125,0.002143515309099776,False,,,,,,,,
tune,exp,100.0,16.0,0.859375,0.796875,0.0020007085788189016,False,,,,,,,,
tune,exp,100.0,32.0,0.8515625,0.84375,0.0029137405452415643,False,,,,,,,,
tune,exp,100.0,64.0,0.3046875,0.359375,0.24999999999869554,False,,,,,,,,
tune,exp,100.0,128.0,0.3125,0.3828125,0.25,False,,,,,,,,
tune,exp,300.0,0.03,0.703125,0.6640625,0.12474643216999419,False,,,,,,,,
tune,exp,300.0,0.0625,0.71875,0.71875,0.09851471975989941,False,,,,,,,,
tune,exp,300.0,0.125,0.7578125,0.734375,0.08041874027043595,False,,,,,,,,
tune,exp,300.0,0.25,0.7890625,0.7421875,0.06788281152917733,False,,,,,,,,
tune,exp,300.0,0.5,0.84375,0.78125,0.05503942002771739,False,,,,,,,,
tune,exp,300.0,1.0,0.828125,0.8125,0.03571332201674463,False,,,,,,,,
tune,exp,300.0,2.0,0.828125,0.828125,0.017378964365835012,False,,,,,,,,
tune,exp,300.0,4.0,0.828125,0.8125,0.006411491603232457,False,,,,,,,,
tune,exp,300.0,8.0,0.8203125,0.796875,0.0021241802265271684,False,,,,,,,,
tune,exp,300.0,16.0,0.8671875,0.7734375,0.00037805227774938266,False,,,,,,,,
tune,exp,300.0,32.0,0.828125,0.828125,0.001746831849543329,False,,,,,,,,
tune,exp,300.0,64.0,0.3046875,0.359375,0.249999999998661,False,,,,,,,,
tune,exp,300.0,128.0,0.3125,0.3828125,0.25,False,,,,,,,,
best,exp,300.0,16.0,0.8671875,0.7734375,0.00037805227774938266,False,1,,,,,,,
seed,gradient descent,,,0.8515625,0.78125,0.0549712083235265,False,,lr=0.5,100,,,,,
seed,gradient descent,,,0.8671875,0.7578125,0.054546965579397304,False,,lr=0.5,101,,,,,
seed,gradient descent,,,0.8515625,0.7734375,0.053432921977402494,False,,lr=0.5,102,,,,,
seed,gradient descent,,,0.8671875,0.7734375,0.054646062581343594,False,,lr=0.5,103,,,,,
seed,gradient descent,,,0.8515625,0.765625,0.05377464006725254,False,,lr=0.5,104,,,,,
seed,gradient descent,,,0.8671875,0.765625,0.05429231164133493,False,,lr=0.5,105,,,,,
seed,gradient descent,,,0.875,0.78125,0.05447176284777434,False,,lr=0.5,106,,,,,
seed,gradient descent,,,0.84375,0.7734375,0.05464998082811198,False,,lr=0.5,107,,,,,
seed,gradient descent,,,0.859375,0.78125,0.05479050228522705,False,,lr=0.5,108,,,,,
seed,gradient descent,,,0.8671875,0.7890625,0.05482262453997155,False,,lr=0.5,109,,,,,
seed,gradient descent,,,0.8359375,0.7734375,0.054175185784428384,False,,lr=0.5,110,,,,,
seed,gradient descent,,,0.8359375,0.78125,0.05451507439229187,False,,lr=0.5,111,,,,,
seed,gradient descent,,,0.8359375,0.78125,0.05589120008392974,False,,lr=0.5,112,,,,,
seed,gradient descent,,,0.84375,0.765625,0.05515147735711093,False,,lr=0.5,113,,,,,
seed,gradient descent,,,0.875,0.765625,0.054641238941751324,False,,lr=0.5,114,,,,,
seed,gradient descent,,,0.8359375,0.765625,0.054253347821980685,False,,lr=0.5,115,,,,,
summary,gradient descent,,,,,,,,lr=0.5,,16,0.85400390625,0.007088925416879538,0.7734375,0.004193500830898928
seed,power,,,0.875,0.7890625,0.04617547292818288,False,,"shape=-0.2, scale=0.5",100,,,,,
seed,power,,,0.890625,0.78125,0.04628711170327114,False,,"shape=-0.2, scale=0.5",101,,,,,
seed,power,,,0.8515625,0.8203125,0.044559101492992005,False,,"shape=-0.2, scale=0.5",102,,,,,
seed,power,,,0.859375,0.7734375,0.04562246333730179,False,,"shape=-0.2, scale=0.5",103,,,,,
seed,power,,,0.8515625,0.7890625,0.04463712116263741,False,,"shape=-0.2, scale=0.5",104,,,,,
seed,power,,,0.8671875,0.7890625,0.04521984466349793,False,,"shape=-0.2, scale=0.5",105,,,,,
seed,power,,,0.8828125,0.7890625,0.04521340469985031,False,,"shape=-0.2, scale=0.5",106,,,,,
seed,power,,,0.875,0.78125,0.04672658902783647,False,,"shape=-0.2, scale=0.5",107,,,,,
seed,power,,,0.8515625,0.7890625,0.04668980565322635,False,,"shape=-0.2, scale=0.5",108,,,,,
seed,power,,,0.828125,0.7890625,0.04518909511371706,False,,"shape=-0.2, scale=0.5",109,,,,,
seed,power,,,0.8671875,0.796875,0.0455021727239318,False,,"shape=-0.2, scale=0.5",110,,,,,
seed,power,,,0.859375,0.78125,0.04547003307009251,False,,"shape=-0.2, scale=0.5",111,,,,,
seed,power,,,0.8515625,0.796875,0.0480098307036657,False,,"shape=-0.2, scale=0.5",112,,,,,
seed,power,,,0.859375,0.7734375,0.04656254675147867,False,,"shape=-0.2, scale=0.5",113,,,,,
seed,power,,,0.8515625,0.7890625,0.04683425955944005,False,,"shape=-0.2, scale=0.5",114,,,,,
seed,power,,,0.8828125,0.7734375,0.04622109572266947,False,,"shape=-0.2, scale=0.5",115,,,,,
summary,power,,,,,,,,"shape=-0.2, scale=0.5",,16,0.86279296875,0.007778884385117073,0.78759765625,0.005629426697834253
seed,log,,,0.71875,0.734375,0.08891540962518822,False,,"shape=0.01, scale=1",100,,,,,
seed,log,,,0.8671875,0.765625,0.05173646934438329,False,,"shape=0.01, scale=1",101,,,,,
seed,log,,,0.859375,0.7890625,0.05171668778797669,False,,"shape=0.01, scale=1",102,,,,,
seed,log,,,0.8203125,0.765625,0.055067343978211454,False,,"shape=0.01, scale=1",103,,,,,
seed,log,,,0.8359375,0.7890625,0.05149120606511374,False,,"shape=0.01, scale=1",104,,,,,
seed,log,,,0.8515625,0.7734375,0.05269704139117153,False,,"shape=0.01, scale=1",105,,,,,
seed,log,,,0.8515625,0.8046875,0.0511827916063808,False,,"shape=0.01, scale=1",106,,,,,
seed,log,,,0.859375,0.7890625,0.051917946311047444,False,,"shape=0.01, scale=1",107,,,,,
seed,log,,,0.828125,0.78125,0.05318135431769658,False,,"shape=0.01, scale=1",108,,,,,
seed,log,,,0.859375,0.75,0.053264481967388824,False,,"shape=0.01, scale=1",109,,,,,
seed,log,,,0.8359375,0.7734375,0.0541683517892414,False,,"shape=0.01, scale=1",110,,,,,
seed,log,,,0.8515625,0.7890625,0.05241340597240365,False,,"shape=0.01, scale=1",111,,,,,
seed,log,,,0.8671875,0.7890625,0.052544386484844476,False,,"shape=0.01, scale=1",112,,,,,
seed,log,,,0.828125,0.765625,0.05130225604907996,False,,"shape=0.01, scale=1",113,,,,,
seed,log,,,0.859375,0.7890625,0.05099308317890527,False,,"shape=0.01, scale=1",114,,,,,
seed,log,,,0.8203125,0.7890625,0.05251339742102933,False,,"shape=0.01, scale=1",115,,,,,
summary,log,,,,,,,,"shape=0.01, scale=1",,16,0.83837890625,0.01749910988133389,0.77734375,0.008729468098415275
seed,tanh,,,0.859375,0.7890625,0.05470327007658294,False,,"shape=0.001, scale=0.5",100,,,,,
seed,tanh,,,0.8671875,0.7578125,0.05440498794991337,False,,"shape=0.001, scale=0.5",101,,,,,
seed,tanh,,,0.8515625,0.7734375,0.05344347585420608,False,,"shape=0.001, scale=0.5",102,,,,,
seed,tanh,,,0.8671875,0.765625,0.054570337532935394,False,,"shape=0.001, scale=0.5",103,,,,,
seed,tanh,,,0.8515625,0.7734375,0.0532029460113133,False,,"shape=0.001, scale=0.5",104,,,,,
seed,tanh,,,0.8515625,0.7734375,0.05700410618819834,False,,"shape=0.001, scale=0.5",105,,,,,
seed,tanh,,,0.875,0.7734375,0.05586259958656047,False,,"shape=0.001, scale=0.5",106,,,,,
seed,tanh,,,0.84375,0.765625,0.054741023008030035,False,,"shape=0.001, scale=0.5",107,,,,,
seed,tanh,,,0.8359375,0.78125,0.05507230511565505,False,,"shape=0.001, scale=0.5",108,,,,,
seed,tanh,,,0.8671875,0.78125,0.05477552909917461,False,,"shape=0.001, scale=0.5",109,,,,,
seed,tanh,,,0.859375,0.765625,0.054123746487254876,False,,"shape=0.001, scale=0.5",110,,,,,
seed,tanh,,,0.84375,0.765625,0.050534889193997075,False,,"shape=0.001, scale=0.5",111,,,,,
seed,tanh,,,0.8515625,0.78125,0.05497379702603663,False,,"shape=0.001, scale=0.5",112,,,,,
seed,tanh,,,0.8515625,0.765625,0.05501685992553985,False,,"shape=0.001, scale=0.5",113,,,,,
seed,tanh,,,0.8671875,0.765625,0.05485663955496666,False,,"shape=0.001, scale=0.5",114,,,,,
seed,tanh,,,0.8515625,0.7734375,0.05468841875806104,False,,"shape=0.001, scale=0.5",115,,,,,
summary,tanh,,,,,,,,"shape=0.001, scale=0.5",,16,0.85595703125,0.005224373899483226,0.77197265625,0.004007360044920146
seed,exp,,,0.8125,0.828125,0.0015737470557824595,False,,"shape=300, scale=16",100,,,,,
seed,exp,,,0.8125,0.8203125,0.0011820027158218572,False,,"shape=300, scale=16",101,,,,,
seed,exp,,,0.8203125,0.828125,0.001136932729807604,False,,"shape=300, scale=16",102,,,,,
seed,exp,,,0.828125,0.84375,0.0011237587246621902,False,,"shape=300, scale=16",103,,,,,
seed,exp,,,0.8359375,0.7890625,0.001117316663477708,False,,"shape=300, scale=16",104,,,,,
seed,exp,,,0.84375,0.84375,0.0018200383477491755,False,,"shape=300, scale=16",105,,,,,
seed,exp,,,0.8359375,0.8359375,0.0008393260359150995,False,,"shape=300, scale=16",106,,,,,
seed,exp,,,0.859375,0.8203125,0.0015153870712621522,False,,"shape=300, scale=16",107,,,,,
seed,exp,,,0.8359375,0.8125,0.00074004814127495,False,,"shape=300, scale=16",108,,,,,
seed,exp,,,0.84375,0.796875,0.0007302712706198968,False,,"shape=300, scale=16",109,,,,,
seed,exp,,,0.7890625,0.8359375,0.00033911761190847235,False,,"shape=300, scale=16",110,,,,,
seed,exp,,,0.7734375,0.8125,0.0006899981738510134,False,,"shape=300, scale=16",111,,,,,
seed,exp,,,0.8671875,0.828125,0.0015563011750856055,False,,"shape=300, scale=16",112,,,,,
seed,exp,,,0.7890625,0.8046875,0.0011335398607539237,False,,"shape=300, scale=16",113,,,,,
seed,exp,,,0.828125,0.8203125,0.0007167824308818556,False,,"shape=300, scale=16",114,,,,,
seed,exp,,,0.859375,0.84375,0.0007243327416613204,False,,"shape=300, scale=16",115,,,,,
summary,exp,,,,,,,,"shape=300, scale=16",,16,0.8271484375,0.013103525183441017,0.82275390625,0.008116918995699501
