stage,configuration,hidden,activation,loss,lr,val_acc,test_acc,seed,val_mean,val_ci95,test_mean,test_ci95,n_seeds,grid_edge
tune,"A  paper cell (sigmoid/MSE, 50)",50,sigmoid,mse,0.03125,0.803941908713693,0.7935684647302904,,,,,,,
tune,"A  paper cell (sigmoid/MSE, 50)",50,sigmoid,mse,0.0625,0.8246887966804979,0.8143153526970954,,,,,,,
tune,"A  paper cell (sigmoid/MSE, 50)",50,sigmoid,mse,0.125,0.8392116182572614,0.8340248962655602,,,,,,,
tune,"A  paper cell (sigmoid/MSE, 50)",50,sigmoid,mse,0.25,0.8433609958506224,0.8464730290456431,,,,,,,
tune,"A  paper cell (sigmoid/MSE, 50)",50,sigmoid,mse,0.5,0.8568464730290456,0.8558091286307054,,,,,,,
tune,"A  paper cell (sigmoid/MSE, 50)",50,sigmoid,mse,1,0.8703319502074689,0.8651452282157677,,,,,,,
tune,"A  paper cell (sigmoid/MSE, 50)",50,sigmoid,mse,2,0.8807053941908713,0.8703319502074689,,,,,,,
tune,"A  paper cell (sigmoid/MSE, 50)",50,sigmoid,mse,4,0.8962655601659751,0.8817427385892116,,,,,,,
tune,"A  paper cell (sigmoid/MSE, 50)",50,sigmoid,mse,8,0.9118257261410788,0.8993775933609959,,,,,,,
tune,"A  paper cell (sigmoid/MSE, 50)",50,sigmoid,mse,16,0.9232365145228216,0.9107883817427386,,,,,,,
tune,"A  paper cell (sigmoid/MSE, 50)",50,sigmoid,mse,32,0.9118257261410788,0.9045643153526971,,,,,,,
tune,"A  paper cell (sigmoid/MSE, 50)",50,sigmoid,mse,64,0.7219917012448133,0.7178423236514523,,,,,,,
tune,"A  paper cell (sigmoid/MSE, 50)",50,sigmoid,mse,128,0.5093360995850622,0.5197095435684648,,,,,,,
tune,"A  paper cell (sigmoid/MSE, 50)",50,sigmoid,mse,256,0.3309128630705394,0.3236514522821577,,,,,,,
seed,"A  paper cell (sigmoid/MSE, 50)",50,sigmoid,mse,16,0.9014522821576763,0.8910788381742739,100,,,,,,
seed,"A  paper cell (sigmoid/MSE, 50)",50,sigmoid,mse,16,0.9045643153526971,0.8983402489626556,101,,,,,,
seed,"A  paper cell (sigmoid/MSE, 50)",50,sigmoid,mse,16,0.9232365145228216,0.9076763485477178,102,,,,,,
seed,"A  paper cell (sigmoid/MSE, 50)",50,sigmoid,mse,16,0.9066390041493776,0.8921161825726142,103,,,,,,
seed,"A  paper cell (sigmoid/MSE, 50)",50,sigmoid,mse,16,0.9190871369294605,0.9045643153526971,104,,,,,,
seed,"A  paper cell (sigmoid/MSE, 50)",50,sigmoid,mse,16,0.8080912863070541,0.7977178423236515,105,,,,,,
seed,"A  paper cell (sigmoid/MSE, 50)",50,sigmoid,mse,16,0.9076763485477178,0.9004149377593361,106,,,,,,
seed,"A  paper cell (sigmoid/MSE, 50)",50,sigmoid,mse,16,0.9118257261410788,0.8993775933609959,107,,,,,,
seed,"A  paper cell (sigmoid/MSE, 50)",50,sigmoid,mse,16,0.8983402489626556,0.8807053941908713,108,,,,,,
seed,"A  paper cell (sigmoid/MSE, 50)",50,sigmoid,mse,16,0.9180497925311202,0.9024896265560166,109,,,,,,
seed,"A  paper cell (sigmoid/MSE, 50)",50,sigmoid,mse,16,0.9107883817427386,0.8993775933609959,110,,,,,,
seed,"A  paper cell (sigmoid/MSE, 50)",50,sigmoid,mse,16,0.9024896265560166,0.8931535269709543,111,,,,,,
seed,"A  paper cell (sigmoid/MSE, 50)",50,sigmoid,mse,16,0.9097510373443982,0.9066390041493776,112,,,,,,
seed,"A  paper cell (sigmoid/MSE, 50)",50,sigmoid,mse,16,0.9035269709543569,0.8941908713692946,113,,,,,,
seed,"A  paper cell (sigmoid/MSE, 50)",50,sigmoid,mse,16,0.9045643153526971,0.8983402489626556,114,,,,,,
seed,"A  paper cell (sigmoid/MSE, 50)",50,sigmoid,mse,16,0.9149377593360996,0.8879668049792531,115,,,,,,
summary,"A  paper cell (sigmoid/MSE, 50)",50,sigmoid,mse,16,,,,0.902813796680498,0.012835885541224739,0.8908843360995852,0.01265683463301516,16,0
tune,"A+ paper cell with Adam (sigmoid/MSE, 50)",50,sigmoid,mse,1e-05,0.7468879668049793,0.7375518672199171,,,,,,,
tune,"A+ paper cell with Adam (sigmoid/MSE, 50)",50,sigmoid,mse,3e-05,0.8143153526970954,0.803941908713693,,,,,,,
tune,"A+ paper cell with Adam (sigmoid/MSE, 50)",50,sigmoid,mse,0.0001,0.8402489626556017,0.8423236514522822,,,,,,,
tune,"A+ paper cell with Adam (sigmoid/MSE, 50)",50,sigmoid,mse,0.0003,0.8682572614107884,0.8568464730290456,,,,,,,
tune,"A+ paper cell with Adam (sigmoid/MSE, 50)",50,sigmoid,mse,0.001,0.8931535269709544,0.8817427385892116,,,,,,,
tune,"A+ paper cell with Adam (sigmoid/MSE, 50)",50,sigmoid,mse,0.003,0.9139004149377593,0.9045643153526971,,,,,,,
tune,"A+ paper cell with Adam (sigmoid/MSE, 50)",50,sigmoid,mse,0.01,0.9139004149377593,0.9045643153526971,,,,,,,
tune,"A+ paper cell with Adam (sigmoid/MSE, 50)",50,sigmoid,mse,0.03,0.8973029045643154,0.8910788381742739,,,,,,,
tune,"A+ paper cell with Adam (sigmoid/MSE, 50)",50,sigmoid,mse,0.1,0.8423236514522822,0.8298755186721992,,,,,,,
tune,"A+ paper cell with Adam (sigmoid/MSE, 50)",50,sigmoid,mse,0.3,0.23651452282157676,0.258298755186722,,,,,,,
seed,"A+ paper cell with Adam (sigmoid/MSE, 50)",50,sigmoid,mse,0.003,0.9128630705394191,0.9004149377593361,100,,,,,,
seed,"A+ paper cell with Adam (sigmoid/MSE, 50)",50,sigmoid,mse,0.003,0.9139004149377592,0.9045643153526971,101,,,,,,
seed,"A+ paper cell with Adam (sigmoid/MSE, 50)",50,sigmoid,mse,0.003,0.91701244813278,0.9014522821576763,102,,,,,,
seed,"A+ paper cell with Adam (sigmoid/MSE, 50)",50,sigmoid,mse,0.003,0.9097510373443982,0.9004149377593361,103,,,,,,
seed,"A+ paper cell with Adam (sigmoid/MSE, 50)",50,sigmoid,mse,0.003,0.9014522821576763,0.8983402489626556,104,,,,,,
seed,"A+ paper cell with Adam (sigmoid/MSE, 50)",50,sigmoid,mse,0.003,0.9066390041493776,0.8962655601659751,105,,,,,,
seed,"A+ paper cell with Adam (sigmoid/MSE, 50)",50,sigmoid,mse,0.003,0.9076763485477178,0.8983402489626556,106,,,,,,
seed,"A+ paper cell with Adam (sigmoid/MSE, 50)",50,sigmoid,mse,0.003,0.9118257261410788,0.9045643153526971,107,,,,,,
seed,"A+ paper cell with Adam (sigmoid/MSE, 50)",50,sigmoid,mse,0.003,0.9201244813278008,0.9035269709543569,108,,,,,,
seed,"A+ paper cell with Adam (sigmoid/MSE, 50)",50,sigmoid,mse,0.003,0.9118257261410788,0.9066390041493776,109,,,,,,
seed,"A+ paper cell with Adam (sigmoid/MSE, 50)",50,sigmoid,mse,0.003,0.9139004149377592,0.9004149377593361,110,,,,,,
seed,"A+ paper cell with Adam (sigmoid/MSE, 50)",50,sigmoid,mse,0.003,0.9139004149377592,0.9045643153526971,111,,,,,,
seed,"A+ paper cell with Adam (sigmoid/MSE, 50)",50,sigmoid,mse,0.003,0.9107883817427386,0.9014522821576763,112,,,,,,
seed,"A+ paper cell with Adam (sigmoid/MSE, 50)",50,sigmoid,mse,0.003,0.9066390041493776,0.8921161825726142,113,,,,,,
seed,"A+ paper cell with Adam (sigmoid/MSE, 50)",50,sigmoid,mse,0.003,0.9056016597510372,0.9004149377593361,114,,,,,,
seed,"A+ paper cell with Adam (sigmoid/MSE, 50)",50,sigmoid,mse,0.003,0.9087136929460581,0.9076763485477178,115,,,,,,
summary,"A+ paper cell with Adam (sigmoid/MSE, 50)",50,sigmoid,mse,0.003,,,,0.9107883817427385,0.0022807458225524973,0.9013226141078837,0.0019455296706249437,16,0
tune,"B  modern, same size (ReLU/CE, 50)",50,relu,categorical_crossentropy,1e-05,0.8070539419087137,0.8018672199170125,,,,,,,
tune,"B  modern, same size (ReLU/CE, 50)",50,relu,categorical_crossentropy,3e-05,0.8526970954356846,0.8360995850622407,,,,,,,
tune,"B  modern, same size (ReLU/CE, 50)",50,relu,categorical_crossentropy,0.0001,0.8807053941908713,0.8713692946058091,,,,,,,
tune,"B  modern, same size (ReLU/CE, 50)",50,relu,categorical_crossentropy,0.0003,0.8910788381742739,0.8879668049792531,,,,,,,
tune,"B  modern, same size (ReLU/CE, 50)",50,relu,categorical_crossentropy,0.001,0.9128630705394191,0.9097510373443983,,,,,,,
tune,"B  modern, same size (ReLU/CE, 50)",50,relu,categorical_crossentropy,0.003,0.9118257261410788,0.9097510373443983,,,,,,,
tune,"B  modern, same size (ReLU/CE, 50)",50,relu,categorical_crossentropy,0.01,0.9263485477178424,0.8962655601659751,,,,,,,
tune,"B  modern, same size (ReLU/CE, 50)",50,relu,categorical_crossentropy,0.03,0.9004149377593361,0.9035269709543569,,,,,,,
tune,"B  modern, same size (ReLU/CE, 50)",50,relu,categorical_crossentropy,0.1,0.799792531120332,0.7977178423236515,,,,,,,
tune,"B  modern, same size (ReLU/CE, 50)",50,relu,categorical_crossentropy,0.3,0.5145228215767634,0.529045643153527,,,,,,,
seed,"B  modern, same size (ReLU/CE, 50)",50,relu,categorical_crossentropy,0.01,0.8973029045643153,0.8931535269709543,100,,,,,,
seed,"B  modern, same size (ReLU/CE, 50)",50,relu,categorical_crossentropy,0.01,0.921161825726141,0.8900414937759336,101,,,,,,
seed,"B  modern, same size (ReLU/CE, 50)",50,relu,categorical_crossentropy,0.01,0.9087136929460581,0.8952282157676349,102,,,,,,
seed,"B  modern, same size (ReLU/CE, 50)",50,relu,categorical_crossentropy,0.01,0.9024896265560166,0.9128630705394191,103,,,,,,
seed,"B  modern, same size (ReLU/CE, 50)",50,relu,categorical_crossentropy,0.01,0.9076763485477178,0.9045643153526971,104,,,,,,
seed,"B  modern, same size (ReLU/CE, 50)",50,relu,categorical_crossentropy,0.01,0.9128630705394191,0.8993775933609959,105,,,,,,
seed,"B  modern, same size (ReLU/CE, 50)",50,relu,categorical_crossentropy,0.01,0.9107883817427386,0.8921161825726142,106,,,,,,
seed,"B  modern, same size (ReLU/CE, 50)",50,relu,categorical_crossentropy,0.01,0.9035269709543569,0.9118257261410788,107,,,,,,
seed,"B  modern, same size (ReLU/CE, 50)",50,relu,categorical_crossentropy,0.01,0.8921161825726142,0.9024896265560166,108,,,,,,
seed,"B  modern, same size (ReLU/CE, 50)",50,relu,categorical_crossentropy,0.01,0.9149377593360996,0.8962655601659751,109,,,,,,
seed,"B  modern, same size (ReLU/CE, 50)",50,relu,categorical_crossentropy,0.01,0.8900414937759336,0.8817427385892116,110,,,,,,
seed,"B  modern, same size (ReLU/CE, 50)",50,relu,categorical_crossentropy,0.01,0.9014522821576763,0.9118257261410788,111,,,,,,
seed,"B  modern, same size (ReLU/CE, 50)",50,relu,categorical_crossentropy,0.01,0.9066390041493776,0.9128630705394191,112,,,,,,
seed,"B  modern, same size (ReLU/CE, 50)",50,relu,categorical_crossentropy,0.01,0.8952282157676349,0.8921161825726142,113,,,,,,
seed,"B  modern, same size (ReLU/CE, 50)",50,relu,categorical_crossentropy,0.01,0.9180497925311202,0.9066390041493776,114,,,,,,
seed,"B  modern, same size (ReLU/CE, 50)",50,relu,categorical_crossentropy,0.01,0.8983402489626556,0.8973029045643153,115,,,,,,
summary,"B  modern, same size (ReLU/CE, 50)",50,relu,categorical_crossentropy,0.01,,,,0.9050829875518673,0.004489173054461244,0.9000259336099586,0.004613587122156989,16,0
tune,"C  modern, wider (ReLU/CE, 256)",256,relu,categorical_crossentropy,1e-05,0.8547717842323651,0.8319502074688797,,,,,,,
tune,"C  modern, wider (ReLU/CE, 256)",256,relu,categorical_crossentropy,3e-05,0.8848547717842323,0.8682572614107884,,,,,,,
tune,"C  modern, wider (ReLU/CE, 256)",256,relu,categorical_crossentropy,0.0001,0.8952282157676349,0.8983402489626556,,,,,,,
tune,"C  modern, wider (ReLU/CE, 256)",256,relu,categorical_crossentropy,0.0003,0.9128630705394191,0.9139004149377593,,,,,,,
tune,"C  modern, wider (ReLU/CE, 256)",256,relu,categorical_crossentropy,0.001,0.9253112033195021,0.9201244813278008,,,,,,,
tune,"C  modern, wider (ReLU/CE, 256)",256,relu,categorical_crossentropy,0.003,0.9253112033195021,0.9128630705394191,,,,,,,
tune,"C  modern, wider (ReLU/CE, 256)",256,relu,categorical_crossentropy,0.01,0.9056016597510373,0.9045643153526971,,,,,,,
tune,"C  modern, wider (ReLU/CE, 256)",256,relu,categorical_crossentropy,0.03,0.8952282157676349,0.8848547717842323,,,,,,,
tune,"C  modern, wider (ReLU/CE, 256)",256,relu,categorical_crossentropy,0.1,0.8475103734439834,0.8744813278008299,,,,,,,
tune,"C  modern, wider (ReLU/CE, 256)",256,relu,categorical_crossentropy,0.3,0.5912863070539419,0.6047717842323651,,,,,,,
seed,"C  modern, wider (ReLU/CE, 256)",256,relu,categorical_crossentropy,0.001,0.9232365145228216,0.9076763485477178,100,,,,,,
seed,"C  modern, wider (ReLU/CE, 256)",256,relu,categorical_crossentropy,0.001,0.9232365145228216,0.9159751037344398,101,,,,,,
seed,"C  modern, wider (ReLU/CE, 256)",256,relu,categorical_crossentropy,0.001,0.9232365145228216,0.9118257261410788,102,,,,,,
seed,"C  modern, wider (ReLU/CE, 256)",256,relu,categorical_crossentropy,0.001,0.9180497925311202,0.9076763485477178,103,,,,,,
seed,"C  modern, wider (ReLU/CE, 256)",256,relu,categorical_crossentropy,0.001,0.933609958506224,0.9087136929460581,104,,,,,,
seed,"C  modern, wider (ReLU/CE, 256)",256,relu,categorical_crossentropy,0.001,0.9232365145228216,0.9149377593360996,105,,,,,,
seed,"C  modern, wider (ReLU/CE, 256)",256,relu,categorical_crossentropy,0.001,0.9201244813278008,0.9118257261410788,106,,,,,,
seed,"C  modern, wider (ReLU/CE, 256)",256,relu,categorical_crossentropy,0.001,0.9139004149377592,0.9139004149377592,107,,,,,,
seed,"C  modern, wider (ReLU/CE, 256)",256,relu,categorical_crossentropy,0.001,0.9242738589211619,0.9076763485477178,108,,,,,,
seed,"C  modern, wider (ReLU/CE, 256)",256,relu,categorical_crossentropy,0.001,0.9149377593360996,0.9107883817427386,109,,,,,,
seed,"C  modern, wider (ReLU/CE, 256)",256,relu,categorical_crossentropy,0.001,0.921161825726141,0.9159751037344398,110,,,,,,
seed,"C  modern, wider (ReLU/CE, 256)",256,relu,categorical_crossentropy,0.001,0.925311203319502,0.9118257261410788,111,,,,,,
seed,"C  modern, wider (ReLU/CE, 256)",256,relu,categorical_crossentropy,0.001,0.921161825726141,0.9087136929460581,112,,,,,,
seed,"C  modern, wider (ReLU/CE, 256)",256,relu,categorical_crossentropy,0.001,0.921161825726141,0.9097510373443982,113,,,,,,
seed,"C  modern, wider (ReLU/CE, 256)",256,relu,categorical_crossentropy,0.001,0.9263485477178424,0.9221991701244814,114,,,,,,
seed,"C  modern, wider (ReLU/CE, 256)",256,relu,categorical_crossentropy,0.001,0.9190871369294605,0.9139004149377592,115,,,,,,
summary,"C  modern, wider (ReLU/CE, 256)",256,relu,categorical_crossentropy,0.001,,,,0.9220046680497925,0.002267253668266122,0.912085062240664,0.0019422068164991599,16,0
