stage,dataset,split,configuration,setting,val,seed,test,test_mean,grid_edge,paper_cell,best,gain,optimiser_only,best_configuration,n_splits,gain_mean,gain_median,gain_sd,gain_min,gain_max
tune,letter,0,"A  paper cell (sigmoid/MSE, 50)",lr=0.03125,0.09172781854569713,,,,,,,,,,,,,,,
tune,letter,0,"A  paper cell (sigmoid/MSE, 50)",lr=0.0625,0.13408939292861907,,,,,,,,,,,,,,,
tune,letter,0,"A  paper cell (sigmoid/MSE, 50)",lr=0.125,0.16144096064042696,,,,,,,,,,,,,,,
tune,letter,0,"A  paper cell (sigmoid/MSE, 50)",lr=0.25,0.22181454302868578,,,,,,,,,,,,,,,
tune,letter,0,"A  paper cell (sigmoid/MSE, 50)",lr=0.5,0.4199466310873916,,,,,,,,,,,,,,,
tune,letter,0,"A  paper cell (sigmoid/MSE, 50)",lr=1,0.5993995997331555,,,,,,,,,,,,,,,
tune,letter,0,"A  paper cell (sigmoid/MSE, 50)",lr=2,0.7041360907271514,,,,,,,,,,,,,,,
tune,letter,0,"A  paper cell (sigmoid/MSE, 50)",lr=4,0.7641761174116077,,,,,,,,,,,,,,,
tune,letter,0,"A  paper cell (sigmoid/MSE, 50)",lr=8,0.804869913275517,,,,,,,,,,,,,,,
tune,letter,0,"A  paper cell (sigmoid/MSE, 50)",lr=16,0.8388925950633755,,,,,,,,,,,,,,,
tune,letter,0,"A  paper cell (sigmoid/MSE, 50)",lr=32,0.8685790527018012,,,,,,,,,,,,,,,
tune,letter,0,"A  paper cell (sigmoid/MSE, 50)",lr=64,0.8795863909272849,,,,,,,,,,,,,,,
tune,letter,0,"A  paper cell (sigmoid/MSE, 50)",lr=128,0.31020680453635757,,,,,,,,,,,,,,,
tune,letter,0,"A  paper cell (sigmoid/MSE, 50)",lr=256,0.04169446297531688,,,,,,,,,,,,,,,
seed,letter,0,"A  paper cell (sigmoid/MSE, 50)",lr=64,0.8785857238158773,100,0.8815877251501001,,,,,,,,,,,,,
seed,letter,0,"A  paper cell (sigmoid/MSE, 50)",lr=64,0.8709139426284189,101,0.8705803869246164,,,,,,,,,,,,,
seed,letter,0,"A  paper cell (sigmoid/MSE, 50)",lr=64,0.8882588392261508,102,0.8822548365577051,,,,,,,,,,,,,
seed,letter,0,"A  paper cell (sigmoid/MSE, 50)",lr=64,0.8815877251501001,103,0.8789192795196797,,,,,,,,,,,,,
seed,letter,0,"A  paper cell (sigmoid/MSE, 50)",lr=64,0.8719146097398266,104,0.8785857238158773,,,,,,,,,,,,,
seed,letter,0,"A  paper cell (sigmoid/MSE, 50)",lr=64,0.8735823882588393,105,0.8725817211474316,,,,,,,,,,,,,
seed,letter,0,"A  paper cell (sigmoid/MSE, 50)",lr=64,0.8739159439626417,106,0.8822548365577051,,,,,,,,,,,,,
seed,letter,0,"A  paper cell (sigmoid/MSE, 50)",lr=64,0.8812541694462975,107,0.8872581721147431,,,,,,,,,,,,,
summary,letter,0,"A  paper cell (sigmoid/MSE, 50)",lr=64,,,,87.92528352234822,0,,,,,,,,,,,
tune,letter,0,"A+ paper cell with Adam (sigmoid/MSE, 50)",lr=1e-05,0.12008005336891261,,,,,,,,,,,,,,,
tune,letter,0,"A+ paper cell with Adam (sigmoid/MSE, 50)",lr=3e-05,0.3619079386257505,,,,,,,,,,,,,,,
tune,letter,0,"A+ paper cell with Adam (sigmoid/MSE, 50)",lr=0.0001,0.6077384923282189,,,,,,,,,,,,,,,
tune,letter,0,"A+ paper cell with Adam (sigmoid/MSE, 50)",lr=0.0003,0.7488325550366911,,,,,,,,,,,,,,,
tune,letter,0,"A+ paper cell with Adam (sigmoid/MSE, 50)",lr=0.001,0.8225483655770514,,,,,,,,,,,,,,,
tune,letter,0,"A+ paper cell with Adam (sigmoid/MSE, 50)",lr=0.003,0.871581054036024,,,,,,,,,,,,,,,
tune,letter,0,"A+ paper cell with Adam (sigmoid/MSE, 50)",lr=0.01,0.8789192795196797,,,,,,,,,,,,,,,
tune,letter,0,"A+ paper cell with Adam (sigmoid/MSE, 50)",lr=0.03,0.8662441627751835,,,,,,,,,,,,,,,
tune,letter,0,"A+ paper cell with Adam (sigmoid/MSE, 50)",lr=0.1,0.7408272181454303,,,,,,,,,,,,,,,
tune,letter,0,"A+ paper cell with Adam (sigmoid/MSE, 50)",lr=0.3,0.10507004669779853,,,,,,,,,,,,,,,
seed,letter,0,"A+ paper cell with Adam (sigmoid/MSE, 50)",lr=0.01,0.8819212808539026,100,0.8825883922615076,,,,,,,,,,,,,
seed,letter,0,"A+ paper cell with Adam (sigmoid/MSE, 50)",lr=0.01,0.8659106070713809,101,0.8762508338892595,,,,,,,,,,,,,
seed,letter,0,"A+ paper cell with Adam (sigmoid/MSE, 50)",lr=0.01,0.8799199466310874,102,0.8819212808539026,,,,,,,,,,,,,
seed,letter,0,"A+ paper cell with Adam (sigmoid/MSE, 50)",lr=0.01,0.8765843895930621,103,0.88025350233489,,,,,,,,,,,,,
seed,letter,0,"A+ paper cell with Adam (sigmoid/MSE, 50)",lr=0.01,0.880920613742495,104,0.8795863909272849,,,,,,,,,,,,,
seed,letter,0,"A+ paper cell with Adam (sigmoid/MSE, 50)",lr=0.01,0.885923949299533,105,0.8792528352234823,,,,,,,,,,,,,
seed,letter,0,"A+ paper cell with Adam (sigmoid/MSE, 50)",lr=0.01,0.8729152768512342,106,0.8762508338892595,,,,,,,,,,,,,
seed,letter,0,"A+ paper cell with Adam (sigmoid/MSE, 50)",lr=0.01,0.8835890593729153,107,0.8875917278185457,,,,,,,,,,,,,
summary,letter,0,"A+ paper cell with Adam (sigmoid/MSE, 50)",lr=0.01,,,,88.04619746497664,0,,,,,,,,,,,
tune,letter,0,"B  modern, same size (ReLU/CE, 50)",lr=1e-05,0.3552368245496998,,,,,,,,,,,,,,,
tune,letter,0,"B  modern, same size (ReLU/CE, 50)",lr=3e-05,0.6697798532354903,,,,,,,,,,,,,,,
tune,letter,0,"B  modern, same size (ReLU/CE, 50)",lr=0.0001,0.7961974649766511,,,,,,,,,,,,,,,
tune,letter,0,"B  modern, same size (ReLU/CE, 50)",lr=0.0003,0.8652434956637759,,,,,,,,,,,,,,,
tune,letter,0,"B  modern, same size (ReLU/CE, 50)",lr=0.001,0.9179452968645764,,,,,,,,,,,,,,,
tune,letter,0,"B  modern, same size (ReLU/CE, 50)",lr=0.003,0.9319546364242829,,,,,,,,,,,,,,,
tune,letter,0,"B  modern, same size (ReLU/CE, 50)",lr=0.01,0.9272848565710473,,,,,,,,,,,,,,,
tune,letter,0,"B  modern, same size (ReLU/CE, 50)",lr=0.03,0.9029352901934623,,,,,,,,,,,,,,,
tune,letter,0,"B  modern, same size (ReLU/CE, 50)",lr=0.1,0.7638425617078052,,,,,,,,,,,,,,,
tune,letter,0,"B  modern, same size (ReLU/CE, 50)",lr=0.3,0.16410940627084722,,,,,,,,,,,,,,,
seed,letter,0,"B  modern, same size (ReLU/CE, 50)",lr=0.003,0.9309539693128752,100,0.9286190793862575,,,,,,,,,,,,,
seed,letter,0,"B  modern, same size (ReLU/CE, 50)",lr=0.003,0.9242828552368245,101,0.9229486324216144,,,,,,,,,,,,,
seed,letter,0,"B  modern, same size (ReLU/CE, 50)",lr=0.003,0.9212808539026017,102,0.923282188125417,,,,,,,,,,,,,
seed,letter,0,"B  modern, same size (ReLU/CE, 50)",lr=0.003,0.9292861907938625,103,0.9236157438292195,,,,,,,,,,,,,
seed,letter,0,"B  modern, same size (ReLU/CE, 50)",lr=0.003,0.9306204136090727,104,0.92895263509006,,,,,,,,,,,,,
seed,letter,0,"B  modern, same size (ReLU/CE, 50)",lr=0.003,0.9319546364242829,105,0.933288859239493,,,,,,,,,,,,,
seed,letter,0,"B  modern, same size (ReLU/CE, 50)",lr=0.003,0.9269513008672449,106,0.9249499666444296,,,,,,,,,,,,,
seed,letter,0,"B  modern, same size (ReLU/CE, 50)",lr=0.003,0.9312875250166778,107,0.9269513008672449,,,,,,,,,,,,,
summary,letter,0,"B  modern, same size (ReLU/CE, 50)",lr=0.003,,,,92.6576050700467,0,,,,,,,,,,,
tune,letter,0,"C  modern, wider (ReLU/CE, 256)",lr=1e-05,0.6934623082054703,,,,,,,,,,,,,,,
tune,letter,0,"C  modern, wider (ReLU/CE, 256)",lr=3e-05,0.8018679119412941,,,,,,,,,,,,,,,
tune,letter,0,"C  modern, wider (ReLU/CE, 256)",lr=0.0001,0.890927284856571,,,,,,,,,,,,,,,
tune,letter,0,"C  modern, wider (ReLU/CE, 256)",lr=0.0003,0.9412941961307538,,,,,,,,,,,,,,,
tune,letter,0,"C  modern, wider (ReLU/CE, 256)",lr=0.001,0.9556370913942629,,,,,,,,,,,,,,,
tune,letter,0,"C  modern, wider (ReLU/CE, 256)",lr=0.003,0.9649766511007338,,,,,,,,,,,,,,,
tune,letter,0,"C  modern, wider (ReLU/CE, 256)",lr=0.01,0.9496330887258172,,,,,,,,,,,,,,,
tune,letter,0,"C  modern, wider (ReLU/CE, 256)",lr=0.03,0.9449633088725817,,,,,,,,,,,,,,,
tune,letter,0,"C  modern, wider (ReLU/CE, 256)",lr=0.1,0.7908605737158105,,,,,,,,,,,,,,,
tune,letter,0,"C  modern, wider (ReLU/CE, 256)",lr=0.3,0.18345563709139426,,,,,,,,,,,,,,,
seed,letter,0,"C  modern, wider (ReLU/CE, 256)",lr=0.003,0.9683122081387592,100,0.9599733155436958,,,,,,,,,,,,,
seed,letter,0,"C  modern, wider (ReLU/CE, 256)",lr=0.003,0.9613075383589059,101,0.9553035356904603,,,,,,,,,,,,,
seed,letter,0,"C  modern, wider (ReLU/CE, 256)",lr=0.003,0.9589726484322882,102,0.9556370913942629,,,,,,,,,,,,,
seed,letter,0,"C  modern, wider (ReLU/CE, 256)",lr=0.003,0.9479653102068045,103,0.9486324216144096,,,,,,,,,,,,,
seed,letter,0,"C  modern, wider (ReLU/CE, 256)",lr=0.003,0.9573048699132756,104,0.957638425617078,,,,,,,,,,,,,
seed,letter,0,"C  modern, wider (ReLU/CE, 256)",lr=0.003,0.961974649766511,105,0.9609739826551034,,,,,,,,,,,,,
seed,letter,0,"C  modern, wider (ReLU/CE, 256)",lr=0.003,0.9509673115410273,106,0.9489659773182122,,,,,,,,,,,,,
seed,letter,0,"C  modern, wider (ReLU/CE, 256)",lr=0.003,0.9633088725817212,107,0.9603068712474984,,,,,,,,,,,,,
summary,letter,0,"C  modern, wider (ReLU/CE, 256)",lr=0.003,,,,95.592895263509,0,,,,,,,,,,,
split_summary,letter,0,,,,,,,,87.92528352234822,95.592895263509,7.667611741160783,0.12091394262841959,"C  modern, wider (ReLU/CE, 256)",,,,,,
tune,letter,1,"A  paper cell (sigmoid/MSE, 50)",lr=0.03125,0.08872581721147432,,,,,,,,,,,,,,,
tune,letter,1,"A  paper cell (sigmoid/MSE, 50)",lr=0.0625,0.1257505003335557,,,,,,,,,,,,,,,
tune,letter,1,"A  paper cell (sigmoid/MSE, 50)",lr=0.125,0.16310873915943963,,,,,,,,,,,,,,,
tune,letter,1,"A  paper cell (sigmoid/MSE, 50)",lr=0.25,0.2171447631754503,,,,,,,,,,,,,,,
tune,letter,1,"A  paper cell (sigmoid/MSE, 50)",lr=0.5,0.42895263509006004,,,,,,,,,,,,,,,
tune,letter,1,"A  paper cell (sigmoid/MSE, 50)",lr=1,0.5897264843228819,,,,,,,,,,,,,,,
tune,letter,1,"A  paper cell (sigmoid/MSE, 50)",lr=2,0.7068045363575717,,,,,,,,,,,,,,,
tune,letter,1,"A  paper cell (sigmoid/MSE, 50)",lr=4,0.7511674449633089,,,,,,,,,,,,,,,
tune,letter,1,"A  paper cell (sigmoid/MSE, 50)",lr=8,0.8015343562374917,,,,,,,,,,,,,,,
tune,letter,1,"A  paper cell (sigmoid/MSE, 50)",lr=16,0.829219479653102,,,,,,,,,,,,,,,
tune,letter,1,"A  paper cell (sigmoid/MSE, 50)",lr=32,0.8509006004002668,,,,,,,,,,,,,,,
tune,letter,1,"A  paper cell (sigmoid/MSE, 50)",lr=64,0.8655770513675783,,,,,,,,,,,,,,,
tune,letter,1,"A  paper cell (sigmoid/MSE, 50)",lr=128,0.31454302868579054,,,,,,,,,,,,,,,
tune,letter,1,"A  paper cell (sigmoid/MSE, 50)",lr=256,0.06270847231487658,,,,,,,,,,,,,,,
seed,letter,1,"A  paper cell (sigmoid/MSE, 50)",lr=64,0.8695797198132088,100,0.8855903935957304,,,,,,,,,,,,,
seed,letter,1,"A  paper cell (sigmoid/MSE, 50)",lr=64,0.8625750500333556,101,0.880920613742495,,,,,,,,,,,,,
seed,letter,1,"A  paper cell (sigmoid/MSE, 50)",lr=64,0.8732488325550367,102,0.8829219479653102,,,,,,,,,,,,,
seed,letter,1,"A  paper cell (sigmoid/MSE, 50)",lr=64,0.8675783855903936,103,0.8825883922615076,,,,,,,,,,,,,
seed,letter,1,"A  paper cell (sigmoid/MSE, 50)",lr=64,0.8689126084056037,104,0.8862575050033356,,,,,,,,,,,,,
seed,letter,1,"A  paper cell (sigmoid/MSE, 50)",lr=64,0.8635757171447632,105,0.8919279519679787,,,,,,,,,,,,,
seed,letter,1,"A  paper cell (sigmoid/MSE, 50)",lr=64,0.8725817211474316,106,0.8892595063375583,,,,,,,,,,,,,
seed,letter,1,"A  paper cell (sigmoid/MSE, 50)",lr=64,0.8512341561040694,107,0.8705803869246164,,,,,,,,,,,,,
summary,letter,1,"A  paper cell (sigmoid/MSE, 50)",lr=64,,,,88.37558372248165,0,,,,,,,,,,,
tune,letter,1,"A+ paper cell with Adam (sigmoid/MSE, 50)",lr=1e-05,0.1180787191460974,,,,,,,,,,,,,,,
tune,letter,1,"A+ paper cell with Adam (sigmoid/MSE, 50)",lr=3e-05,0.35690460306871247,,,,,,,,,,,,,,,
tune,letter,1,"A+ paper cell with Adam (sigmoid/MSE, 50)",lr=0.0001,0.6014009339559706,,,,,,,,,,,,,,,
tune,letter,1,"A+ paper cell with Adam (sigmoid/MSE, 50)",lr=0.0003,0.7414943295530354,,,,,,,,,,,,,,,
tune,letter,1,"A+ paper cell with Adam (sigmoid/MSE, 50)",lr=0.001,0.8162108072048032,,,,,,,,,,,,,,,
tune,letter,1,"A+ paper cell with Adam (sigmoid/MSE, 50)",lr=0.003,0.8579052701801201,,,,,,,,,,,,,,,
tune,letter,1,"A+ paper cell with Adam (sigmoid/MSE, 50)",lr=0.01,0.8702468312208139,,,,,,,,,,,,,,,
tune,letter,1,"A+ paper cell with Adam (sigmoid/MSE, 50)",lr=0.03,0.8642428285523682,,,,,,,,,,,,,,,
tune,letter,1,"A+ paper cell with Adam (sigmoid/MSE, 50)",lr=0.1,0.48332221480987325,,,,,,,,,,,,,,,
tune,letter,1,"A+ paper cell with Adam (sigmoid/MSE, 50)",lr=0.3,0.10640426951300867,,,,,,,,,,,,,,,
seed,letter,1,"A+ paper cell with Adam (sigmoid/MSE, 50)",lr=0.01,0.8742494996664443,100,0.8955970647098065,,,,,,,,,,,,,
seed,letter,1,"A+ paper cell with Adam (sigmoid/MSE, 50)",lr=0.01,0.8755837224816544,101,0.8889259506337558,,,,,,,,,,,,,
seed,letter,1,"A+ paper cell with Adam (sigmoid/MSE, 50)",lr=0.01,0.8769179452968646,102,0.8885923949299533,,,,,,,,,,,,,
seed,letter,1,"A+ paper cell with Adam (sigmoid/MSE, 50)",lr=0.01,0.8719146097398266,103,0.8895930620413609,,,,,,,,,,,,,
seed,letter,1,"A+ paper cell with Adam (sigmoid/MSE, 50)",lr=0.01,0.8792528352234823,104,0.8942628418945964,,,,,,,,,,,,,
seed,letter,1,"A+ paper cell with Adam (sigmoid/MSE, 50)",lr=0.01,0.8799199466310874,105,0.8882588392261508,,,,,,,,,,,,,
seed,letter,1,"A+ paper cell with Adam (sigmoid/MSE, 50)",lr=0.01,0.8709139426284189,106,0.8972648432288192,,,,,,,,,,,,,
seed,letter,1,"A+ paper cell with Adam (sigmoid/MSE, 50)",lr=0.01,0.8779186124082722,107,0.8939292861907938,,,,,,,,,,,,,
summary,letter,1,"A+ paper cell with Adam (sigmoid/MSE, 50)",lr=0.01,,,,89.20530353569046,0,,,,,,,,,,,
tune,letter,1,"B  modern, same size (ReLU/CE, 50)",lr=1e-05,0.3505670446964643,,,,,,,,,,,,,,,
tune,letter,1,"B  modern, same size (ReLU/CE, 50)",lr=3e-05,0.6544362908605738,,,,,,,,,,,,,,,
tune,letter,1,"B  modern, same size (ReLU/CE, 50)",lr=0.0001,0.7858572381587725,,,,,,,,,,,,,,,
tune,letter,1,"B  modern, same size (ReLU/CE, 50)",lr=0.0003,0.8642428285523682,,,,,,,,,,,,,,,
tune,letter,1,"B  modern, same size (ReLU/CE, 50)",lr=0.001,0.9129419613075384,,,,,,,,,,,,,,,
tune,letter,1,"B  modern, same size (ReLU/CE, 50)",lr=0.003,0.9292861907938625,,,,,,,,,,,,,,,
tune,letter,1,"B  modern, same size (ReLU/CE, 50)",lr=0.01,0.9156104069379586,,,,,,,,,,,,,,,
tune,letter,1,"B  modern, same size (ReLU/CE, 50)",lr=0.03,0.9132755170113409,,,,,,,,,,,,,,,
tune,letter,1,"B  modern, same size (ReLU/CE, 50)",lr=0.1,0.7781854569713142,,,,,,,,,,,,,,,
tune,letter,1,"B  modern, same size (ReLU/CE, 50)",lr=0.3,0.14142761841227486,,,,,,,,,,,,,,,
seed,letter,1,"B  modern, same size (ReLU/CE, 50)",lr=0.003,0.923949299533022,100,0.9316210807204803,,,,,,,,,,,,,
seed,letter,1,"B  modern, same size (ReLU/CE, 50)",lr=0.003,0.9182788525683789,101,0.9316210807204803,,,,,,,,,,,,,
seed,letter,1,"B  modern, same size (ReLU/CE, 50)",lr=0.003,0.9242828552368245,102,0.9352901934623082,,,,,,,,,,,,,
seed,letter,1,"B  modern, same size (ReLU/CE, 50)",lr=0.003,0.9272848565710473,103,0.9369579719813209,,,,,,,,,,,,,
seed,letter,1,"B  modern, same size (ReLU/CE, 50)",lr=0.003,0.9192795196797865,104,0.9299533022014677,,,,,,,,,,,,,
seed,letter,1,"B  modern, same size (ReLU/CE, 50)",lr=0.003,0.9249499666444296,105,0.9422948632421615,,,,,,,,,,,,,
seed,letter,1,"B  modern, same size (ReLU/CE, 50)",lr=0.003,0.9336224149432956,106,0.9366244162775184,,,,,,,,,,,,,
seed,letter,1,"B  modern, same size (ReLU/CE, 50)",lr=0.003,0.923282188125417,107,0.9306204136090727,,,,,,,,,,,,,
summary,letter,1,"B  modern, same size (ReLU/CE, 50)",lr=0.003,,,,93.43729152768512,0,,,,,,,,,,,
tune,letter,1,"C  modern, wider (ReLU/CE, 256)",lr=1e-05,0.6871247498332221,,,,,,,,,,,,,,,
tune,letter,1,"C  modern, wider (ReLU/CE, 256)",lr=3e-05,0.7931954636424283,,,,,,,,,,,,,,,
tune,letter,1,"C  modern, wider (ReLU/CE, 256)",lr=0.0001,0.8812541694462975,,,,,,,,,,,,,,,
tune,letter,1,"C  modern, wider (ReLU/CE, 256)",lr=0.0003,0.9329553035356905,,,,,,,,,,,,,,,
tune,letter,1,"C  modern, wider (ReLU/CE, 256)",lr=0.001,0.95263509006004,,,,,,,,,,,,,,,
tune,letter,1,"C  modern, wider (ReLU/CE, 256)",lr=0.003,0.9583055370246831,,,,,,,,,,,,,,,
tune,letter,1,"C  modern, wider (ReLU/CE, 256)",lr=0.01,0.9516344229486324,,,,,,,,,,,,,,,
tune,letter,1,"C  modern, wider (ReLU/CE, 256)",lr=0.03,0.9409606404269513,,,,,,,,,,,,,,,
tune,letter,1,"C  modern, wider (ReLU/CE, 256)",lr=0.1,0.790527018012008,,,,,,,,,,,,,,,
tune,letter,1,"C  modern, wider (ReLU/CE, 256)",lr=0.3,0.23882588392261508,,,,,,,,,,,,,,,
seed,letter,1,"C  modern, wider (ReLU/CE, 256)",lr=0.003,0.946964643095397,100,0.9579719813208806,,,,,,,,,,,,,
seed,letter,1,"C  modern, wider (ReLU/CE, 256)",lr=0.003,0.961974649766511,101,0.9659773182121414,,,,,,,,,,,,,
seed,letter,1,"C  modern, wider (ReLU/CE, 256)",lr=0.003,0.956971314209473,102,0.9646430953969313,,,,,,,,,,,,,
seed,letter,1,"C  modern, wider (ReLU/CE, 256)",lr=0.003,0.9543028685790527,103,0.9573048699132756,,,,,,,,,,,,,
seed,letter,1,"C  modern, wider (ReLU/CE, 256)",lr=0.003,0.9486324216144096,104,0.9563042028018679,,,,,,,,,,,,,
seed,letter,1,"C  modern, wider (ReLU/CE, 256)",lr=0.003,0.9442961974649766,105,0.9556370913942629,,,,,,,,,,,,,
seed,letter,1,"C  modern, wider (ReLU/CE, 256)",lr=0.003,0.9599733155436958,106,0.9636424282855237,,,,,,,,,,,,,
seed,letter,1,"C  modern, wider (ReLU/CE, 256)",lr=0.003,0.951967978652435,107,0.9623082054703136,,,,,,,,,,,,,
summary,letter,1,"C  modern, wider (ReLU/CE, 256)",lr=0.003,,,,96.04736490993997,0,,,,,,,,,,,
split_summary,letter,1,,,,,,,,88.37558372248165,96.04736490993997,7.671781187458322,0.8297198132088113,"C  modern, wider (ReLU/CE, 256)",,,,,,
tune,letter,2,"A  paper cell (sigmoid/MSE, 50)",lr=0.03125,0.08338892595063375,,,,,,,,,,,,,,,
tune,letter,2,"A  paper cell (sigmoid/MSE, 50)",lr=0.0625,0.12208138759172782,,,,,,,,,,,,,,,
tune,letter,2,"A  paper cell (sigmoid/MSE, 50)",lr=0.125,0.1581054036024016,,,,,,,,,,,,,,,
tune,letter,2,"A  paper cell (sigmoid/MSE, 50)",lr=0.25,0.22615076717811874,,,,,,,,,,,,,,,
tune,letter,2,"A  paper cell (sigmoid/MSE, 50)",lr=0.5,0.41260840560373585,,,,,,,,,,,,,,,
tune,letter,2,"A  paper cell (sigmoid/MSE, 50)",lr=1,0.604069379586391,,,,,,,,,,,,,,,
tune,letter,2,"A  paper cell (sigmoid/MSE, 50)",lr=2,0.7124749833222148,,,,,,,,,,,,,,,
tune,letter,2,"A  paper cell (sigmoid/MSE, 50)",lr=4,0.7635090060040026,,,,,,,,,,,,,,,
tune,letter,2,"A  paper cell (sigmoid/MSE, 50)",lr=8,0.8095396931287525,,,,,,,,,,,,,,,
tune,letter,2,"A  paper cell (sigmoid/MSE, 50)",lr=16,0.8385590393595731,,,,,,,,,,,,,,,
tune,letter,2,"A  paper cell (sigmoid/MSE, 50)",lr=32,0.8625750500333556,,,,,,,,,,,,,,,
tune,letter,2,"A  paper cell (sigmoid/MSE, 50)",lr=64,0.8855903935957304,,,,,,,,,,,,,,,
tune,letter,2,"A  paper cell (sigmoid/MSE, 50)",lr=128,0.3845897264843229,,,,,,,,,,,,,,,
tune,letter,2,"A  paper cell (sigmoid/MSE, 50)",lr=256,0.05570380253502335,,,,,,,,,,,,,,,
seed,letter,2,"A  paper cell (sigmoid/MSE, 50)",lr=64,0.8842561707805203,100,0.8889259506337558,,,,,,,,,,,,,
seed,letter,2,"A  paper cell (sigmoid/MSE, 50)",lr=64,0.8775850567044696,101,0.875250166777852,,,,,,,,,,,,,
seed,letter,2,"A  paper cell (sigmoid/MSE, 50)",lr=64,0.8829219479653102,102,0.8849232821881254,,,,,,,,,,,,,
seed,letter,2,"A  paper cell (sigmoid/MSE, 50)",lr=64,0.8855903935957304,103,0.8862575050033356,,,,,,,,,,,,,
seed,letter,2,"A  paper cell (sigmoid/MSE, 50)",lr=64,0.8799199466310874,104,0.8819212808539026,,,,,,,,,,,,,
seed,letter,2,"A  paper cell (sigmoid/MSE, 50)",lr=64,0.8645763842561708,105,0.8689126084056037,,,,,,,,,,,,,
seed,letter,2,"A  paper cell (sigmoid/MSE, 50)",lr=64,0.8882588392261508,106,0.8869246164109407,,,,,,,,,,,,,
seed,letter,2,"A  paper cell (sigmoid/MSE, 50)",lr=64,0.8782521681120747,107,0.8835890593729153,,,,,,,,,,,,,
summary,letter,2,"A  paper cell (sigmoid/MSE, 50)",lr=64,,,,88.20880587058039,0,,,,,,,,,,,
tune,letter,2,"A+ paper cell with Adam (sigmoid/MSE, 50)",lr=1e-05,0.11407605070046697,,,,,,,,,,,,,,,
tune,letter,2,"A+ paper cell with Adam (sigmoid/MSE, 50)",lr=3e-05,0.34523015343562374,,,,,,,,,,,,,,,
tune,letter,2,"A+ paper cell with Adam (sigmoid/MSE, 50)",lr=0.0001,0.6177451634422949,,,,,,,,,,,,,,,
tune,letter,2,"A+ paper cell with Adam (sigmoid/MSE, 50)",lr=0.0003,0.7491661107404937,,,,,,,,,,,,,,,
tune,letter,2,"A+ paper cell with Adam (sigmoid/MSE, 50)",lr=0.001,0.8308872581721147,,,,,,,,,,,,,,,
tune,letter,2,"A+ paper cell with Adam (sigmoid/MSE, 50)",lr=0.003,0.8755837224816544,,,,,,,,,,,,,,,
tune,letter,2,"A+ paper cell with Adam (sigmoid/MSE, 50)",lr=0.01,0.8929286190793863,,,,,,,,,,,,,,,
tune,letter,2,"A+ paper cell with Adam (sigmoid/MSE, 50)",lr=0.03,0.8842561707805203,,,,,,,,,,,,,,,
tune,letter,2,"A+ paper cell with Adam (sigmoid/MSE, 50)",lr=0.1,0.5780520346897932,,,,,,,,,,,,,,,
tune,letter,2,"A+ paper cell with Adam (sigmoid/MSE, 50)",lr=0.3,0.0780520346897932,,,,,,,,,,,,,,,
seed,letter,2,"A+ paper cell with Adam (sigmoid/MSE, 50)",lr=0.01,0.8949299533022015,100,0.8855903935957304,,,,,,,,,,,,,
seed,letter,2,"A+ paper cell with Adam (sigmoid/MSE, 50)",lr=0.01,0.8845897264843229,101,0.8822548365577051,,,,,,,,,,,,,
seed,letter,2,"A+ paper cell with Adam (sigmoid/MSE, 50)",lr=0.01,0.8912608405603736,102,0.8962641761174116,,,,,,,,,,,,,
seed,letter,2,"A+ paper cell with Adam (sigmoid/MSE, 50)",lr=0.01,0.8842561707805203,103,0.890927284856571,,,,,,,,,,,,,
seed,letter,2,"A+ paper cell with Adam (sigmoid/MSE, 50)",lr=0.01,0.8835890593729153,104,0.8839226150767178,,,,,,,,,,,,,
seed,letter,2,"A+ paper cell with Adam (sigmoid/MSE, 50)",lr=0.01,0.8925950633755837,105,0.8932621747831888,,,,,,,,,,,,,
seed,letter,2,"A+ paper cell with Adam (sigmoid/MSE, 50)",lr=0.01,0.8869246164109407,106,0.8969312875250167,,,,,,,,,,,,,
seed,letter,2,"A+ paper cell with Adam (sigmoid/MSE, 50)",lr=0.01,0.8915943962641761,107,0.8969312875250167,,,,,,,,,,,,,
summary,letter,2,"A+ paper cell with Adam (sigmoid/MSE, 50)",lr=0.01,,,,89.07605070046698,0,,,,,,,,,,,
tune,letter,2,"B  modern, same size (ReLU/CE, 50)",lr=1e-05,0.3445630420280187,,,,,,,,,,,,,,,
tune,letter,2,"B  modern, same size (ReLU/CE, 50)",lr=3e-05,0.6591060707138092,,,,,,,,,,,,,,,
tune,letter,2,"B  modern, same size (ReLU/CE, 50)",lr=0.0001,0.7965310206804537,,,,,,,,,,,,,,,
tune,letter,2,"B  modern, same size (ReLU/CE, 50)",lr=0.0003,0.8805870580386924,,,,,,,,,,,,,,,
tune,letter,2,"B  modern, same size (ReLU/CE, 50)",lr=0.001,0.9266177451634423,,,,,,,,,,,,,,,
tune,letter,2,"B  modern, same size (ReLU/CE, 50)",lr=0.003,0.9312875250166778,,,,,,,,,,,,,,,
tune,letter,2,"B  modern, same size (ReLU/CE, 50)",lr=0.01,0.9356237491661107,,,,,,,,,,,,,,,
tune,letter,2,"B  modern, same size (ReLU/CE, 50)",lr=0.03,0.9039359573048699,,,,,,,,,,,,,,,
tune,letter,2,"B  modern, same size (ReLU/CE, 50)",lr=0.1,0.7641761174116077,,,,,,,,,,,,,,,
tune,letter,2,"B  modern, same size (ReLU/CE, 50)",lr=0.3,0.15076717811874582,,,,,,,,,,,,,,,
seed,letter,2,"B  modern, same size (ReLU/CE, 50)",lr=0.01,0.9316210807204803,100,0.9279519679786524,,,,,,,,,,,,,
seed,letter,2,"B  modern, same size (ReLU/CE, 50)",lr=0.01,0.928285523682455,101,0.9346230820547031,,,,,,,,,,,,,
seed,letter,2,"B  modern, same size (ReLU/CE, 50)",lr=0.01,0.9356237491661107,102,0.9372915276851234,,,,,,,,,,,,,
seed,letter,2,"B  modern, same size (ReLU/CE, 50)",lr=0.01,0.9316210807204803,103,0.9359573048699132,,,,,,,,,,,,,
seed,letter,2,"B  modern, same size (ReLU/CE, 50)",lr=0.01,0.9312875250166778,104,0.9336224149432956,,,,,,,,,,,,,
seed,letter,2,"B  modern, same size (ReLU/CE, 50)",lr=0.01,0.9302868579052702,105,0.9346230820547031,,,,,,,,,,,,,
seed,letter,2,"B  modern, same size (ReLU/CE, 50)",lr=0.01,0.9292861907938625,106,0.9302868579052702,,,,,,,,,,,,,
seed,letter,2,"B  modern, same size (ReLU/CE, 50)",lr=0.01,0.9369579719813209,107,0.9292861907938625,,,,,,,,,,,,,
summary,letter,2,"B  modern, same size (ReLU/CE, 50)",lr=0.01,,,,93.29553035356903,0,,,,,,,,,,,
tune,letter,2,"C  modern, wider (ReLU/CE, 256)",lr=1e-05,0.6901267511674449,,,,,,,,,,,,,,,
tune,letter,2,"C  modern, wider (ReLU/CE, 256)",lr=3e-05,0.800533689126084,,,,,,,,,,,,,,,
tune,letter,2,"C  modern, wider (ReLU/CE, 256)",lr=0.0001,0.8915943962641761,,,,,,,,,,,,,,,
tune,letter,2,"C  modern, wider (ReLU/CE, 256)",lr=0.0003,0.9406270847231488,,,,,,,,,,,,,,,
tune,letter,2,"C  modern, wider (ReLU/CE, 256)",lr=0.001,0.9563042028018679,,,,,,,,,,,,,,,
tune,letter,2,"C  modern, wider (ReLU/CE, 256)",lr=0.003,0.9589726484322882,,,,,,,,,,,,,,,
tune,letter,2,"C  modern, wider (ReLU/CE, 256)",lr=0.01,0.9516344229486324,,,,,,,,,,,,,,,
tune,letter,2,"C  modern, wider (ReLU/CE, 256)",lr=0.03,0.9439626417611742,,,,,,,,,,,,,,,
tune,letter,2,"C  modern, wider (ReLU/CE, 256)",lr=0.1,0.7785190126751167,,,,,,,,,,,,,,,
tune,letter,2,"C  modern, wider (ReLU/CE, 256)",lr=0.3,0.21947965310206805,,,,,,,,,,,,,,,
seed,letter,2,"C  modern, wider (ReLU/CE, 256)",lr=0.003,0.9603068712474984,100,0.961974649766511,,,,,,,,,,,,,
seed,letter,2,"C  modern, wider (ReLU/CE, 256)",lr=0.003,0.9553035356904603,101,0.9636424282855237,,,,,,,,,,,,,
seed,letter,2,"C  modern, wider (ReLU/CE, 256)",lr=0.003,0.9623082054703136,102,0.9679786524349566,,,,,,,,,,,,,
seed,letter,2,"C  modern, wider (ReLU/CE, 256)",lr=0.003,0.9589726484322882,103,0.9616410940627085,,,,,,,,,,,,,
seed,letter,2,"C  modern, wider (ReLU/CE, 256)",lr=0.003,0.9593062041360907,104,0.9686457638425617,,,,,,,,,,,,,
seed,letter,2,"C  modern, wider (ReLU/CE, 256)",lr=0.003,0.9589726484322882,105,0.961974649766511,,,,,,,,,,,,,
seed,letter,2,"C  modern, wider (ReLU/CE, 256)",lr=0.003,0.9609739826551034,106,0.9649766511007338,,,,,,,,,,,,,
seed,letter,2,"C  modern, wider (ReLU/CE, 256)",lr=0.003,0.9586390927284857,107,0.9596397598398932,,,,,,,,,,,,,
summary,letter,2,"C  modern, wider (ReLU/CE, 256)",lr=0.003,,,,96.38092061374249,0,,,,,,,,,,,
split_summary,letter,2,,,,,,,,88.20880587058039,96.38092061374249,8.172114743162098,0.8672448298865874,"C  modern, wider (ReLU/CE, 256)",,,,,,
tune,letter,3,"A  paper cell (sigmoid/MSE, 50)",lr=0.03125,0.08172114743162108,,,,,,,,,,,,,,,
tune,letter,3,"A  paper cell (sigmoid/MSE, 50)",lr=0.0625,0.11741160773849232,,,,,,,,,,,,,,,
tune,letter,3,"A  paper cell (sigmoid/MSE, 50)",lr=0.125,0.15510340226817879,,,,,,,,,,,,,,,
tune,letter,3,"A  paper cell (sigmoid/MSE, 50)",lr=0.25,0.2248165443629086,,,,,,,,,,,,,,,
tune,letter,3,"A  paper cell (sigmoid/MSE, 50)",lr=0.5,0.41927951967978655,,,,,,,,,,,,,,,
tune,letter,3,"A  paper cell (sigmoid/MSE, 50)",lr=1,0.5863909272848565,,,,,,,,,,,,,,,
tune,letter,3,"A  paper cell (sigmoid/MSE, 50)",lr=2,0.7048032021347566,,,,,,,,,,,,,,,
tune,letter,3,"A  paper cell (sigmoid/MSE, 50)",lr=4,0.7568378919279519,,,,,,,,,,,,,,,
tune,letter,3,"A  paper cell (sigmoid/MSE, 50)",lr=8,0.8028685790527018,,,,,,,,,,,,,,,
tune,letter,3,"A  paper cell (sigmoid/MSE, 50)",lr=16,0.8355570380253502,,,,,,,,,,,,,,,
tune,letter,3,"A  paper cell (sigmoid/MSE, 50)",lr=32,0.8599066044029353,,,,,,,,,,,,,,,
tune,letter,3,"A  paper cell (sigmoid/MSE, 50)",lr=64,0.8705803869246164,,,,,,,,,,,,,,,
tune,letter,3,"A  paper cell (sigmoid/MSE, 50)",lr=128,0.3068712474983322,,,,,,,,,,,,,,,
tune,letter,3,"A  paper cell (sigmoid/MSE, 50)",lr=256,0.056037358238825885,,,,,,,,,,,,,,,
seed,letter,3,"A  paper cell (sigmoid/MSE, 50)",lr=64,0.872248165443629,100,0.8702468312208139,,,,,,,,,,,,,
seed,letter,3,"A  paper cell (sigmoid/MSE, 50)",lr=64,0.8682454969979987,101,0.8705803869246164,,,,,,,,,,,,,
seed,letter,3,"A  paper cell (sigmoid/MSE, 50)",lr=64,0.8805870580386924,102,0.8742494996664443,,,,,,,,,,,,,
seed,letter,3,"A  paper cell (sigmoid/MSE, 50)",lr=64,0.8799199466310874,103,0.8745830553702468,,,,,,,,,,,,,
seed,letter,3,"A  paper cell (sigmoid/MSE, 50)",lr=64,0.8705803869246164,104,0.8639092728485657,,,,,,,,,,,,,
seed,letter,3,"A  paper cell (sigmoid/MSE, 50)",lr=64,0.8612408272181454,105,0.8555703802535023,,,,,,,,,,,,,
seed,letter,3,"A  paper cell (sigmoid/MSE, 50)",lr=64,0.8692461641094062,106,0.8732488325550367,,,,,,,,,,,,,
seed,letter,3,"A  paper cell (sigmoid/MSE, 50)",lr=64,0.880920613742495,107,0.867244829886591,,,,,,,,,,,,,
summary,letter,3,"A  paper cell (sigmoid/MSE, 50)",lr=64,,,,86.87041360907271,0,,,,,,,,,,,
tune,letter,3,"A+ paper cell with Adam (sigmoid/MSE, 50)",lr=1e-05,0.12008005336891261,,,,,,,,,,,,,,,
tune,letter,3,"A+ paper cell with Adam (sigmoid/MSE, 50)",lr=3e-05,0.3532354903268846,,,,,,,,,,,,,,,
tune,letter,3,"A+ paper cell with Adam (sigmoid/MSE, 50)",lr=0.0001,0.6074049366244163,,,,,,,,,,,,,,,
tune,letter,3,"A+ paper cell with Adam (sigmoid/MSE, 50)",lr=0.0003,0.7421614409606404,,,,,,,,,,,,,,,
tune,letter,3,"A+ paper cell with Adam (sigmoid/MSE, 50)",lr=0.001,0.829219479653102,,,,,,,,,,,,,,,
tune,letter,3,"A+ paper cell with Adam (sigmoid/MSE, 50)",lr=0.003,0.8659106070713809,,,,,,,,,,,,,,,
tune,letter,3,"A+ paper cell with Adam (sigmoid/MSE, 50)",lr=0.01,0.8915943962641761,,,,,,,,,,,,,,,
tune,letter,3,"A+ paper cell with Adam (sigmoid/MSE, 50)",lr=0.03,0.8639092728485657,,,,,,,,,,,,,,,
tune,letter,3,"A+ paper cell with Adam (sigmoid/MSE, 50)",lr=0.1,0.6457638425617078,,,,,,,,,,,,,,,
tune,letter,3,"A+ paper cell with Adam (sigmoid/MSE, 50)",lr=0.3,0.08238825883922615,,,,,,,,,,,,,,,
seed,letter,3,"A+ paper cell with Adam (sigmoid/MSE, 50)",lr=0.01,0.8709139426284189,100,0.875250166777852,,,,,,,,,,,,,
seed,letter,3,"A+ paper cell with Adam (sigmoid/MSE, 50)",lr=0.01,0.8682454969979987,101,0.8669112741827886,,,,,,,,,,,,,
seed,letter,3,"A+ paper cell with Adam (sigmoid/MSE, 50)",lr=0.01,0.8832555036691128,102,0.8795863909272849,,,,,,,,,,,,,
seed,letter,3,"A+ paper cell with Adam (sigmoid/MSE, 50)",lr=0.01,0.8892595063375583,103,0.8739159439626417,,,,,,,,,,,,,
seed,letter,3,"A+ paper cell with Adam (sigmoid/MSE, 50)",lr=0.01,0.8895930620413609,104,0.8872581721147431,,,,,,,,,,,,,
seed,letter,3,"A+ paper cell with Adam (sigmoid/MSE, 50)",lr=0.01,0.8842561707805203,105,0.871581054036024,,,,,,,,,,,,,
seed,letter,3,"A+ paper cell with Adam (sigmoid/MSE, 50)",lr=0.01,0.8829219479653102,106,0.8765843895930621,,,,,,,,,,,,,
seed,letter,3,"A+ paper cell with Adam (sigmoid/MSE, 50)",lr=0.01,0.8862575050033356,107,0.8755837224816544,,,,,,,,,,,,,
summary,letter,3,"A+ paper cell with Adam (sigmoid/MSE, 50)",lr=0.01,,,,87.58338892595063,0,,,,,,,,,,,
tune,letter,3,"B  modern, same size (ReLU/CE, 50)",lr=1e-05,0.3589059372915277,,,,,,,,,,,,,,,
tune,letter,3,"B  modern, same size (ReLU/CE, 50)",lr=3e-05,0.6711140760507005,,,,,,,,,,,,,,,
tune,letter,3,"B  modern, same size (ReLU/CE, 50)",lr=0.0001,0.7918612408272181,,,,,,,,,,,,,,,
tune,letter,3,"B  modern, same size (ReLU/CE, 50)",lr=0.0003,0.8725817211474316,,,,,,,,,,,,,,,
tune,letter,3,"B  modern, same size (ReLU/CE, 50)",lr=0.001,0.9189459639759839,,,,,,,,,,,,,,,
tune,letter,3,"B  modern, same size (ReLU/CE, 50)",lr=0.003,0.9349566377585057,,,,,,,,,,,,,,,
tune,letter,3,"B  modern, same size (ReLU/CE, 50)",lr=0.01,0.9322881921280853,,,,,,,,,,,,,,,
tune,letter,3,"B  modern, same size (ReLU/CE, 50)",lr=0.03,0.9072715143428952,,,,,,,,,,,,,,,
tune,letter,3,"B  modern, same size (ReLU/CE, 50)",lr=0.1,0.747498332221481,,,,,,,,,,,,,,,
tune,letter,3,"B  modern, same size (ReLU/CE, 50)",lr=0.3,0.20713809206137426,,,,,,,,,,,,,,,
seed,letter,3,"B  modern, same size (ReLU/CE, 50)",lr=0.003,0.9319546364242829,100,0.9312875250166778,,,,,,,,,,,,,
seed,letter,3,"B  modern, same size (ReLU/CE, 50)",lr=0.003,0.9212808539026017,101,0.914609739826551,,,,,,,,,,,,,
seed,letter,3,"B  modern, same size (ReLU/CE, 50)",lr=0.003,0.9276184122748499,102,0.9202801867911942,,,,,,,,,,,,,
seed,letter,3,"B  modern, same size (ReLU/CE, 50)",lr=0.003,0.9312875250166778,103,0.9209472981987992,,,,,,,,,,,,,
seed,letter,3,"B  modern, same size (ReLU/CE, 50)",lr=0.003,0.9292861907938625,104,0.9276184122748499,,,,,,,,,,,,,
seed,letter,3,"B  modern, same size (ReLU/CE, 50)",lr=0.003,0.9292861907938625,105,0.923949299533022,,,,,,,,,,,,,
seed,letter,3,"B  modern, same size (ReLU/CE, 50)",lr=0.003,0.9366244162775184,106,0.9299533022014677,,,,,,,,,,,,,
seed,letter,3,"B  modern, same size (ReLU/CE, 50)",lr=0.003,0.9336224149432956,107,0.9326217478318879,,,,,,,,,,,,,
summary,letter,3,"B  modern, same size (ReLU/CE, 50)",lr=0.003,,,,92.51584389593062,0,,,,,,,,,,,
tune,letter,3,"C  modern, wider (ReLU/CE, 256)",lr=1e-05,0.686457638425617,,,,,,,,,,,,,,,
tune,letter,3,"C  modern, wider (ReLU/CE, 256)",lr=3e-05,0.8028685790527018,,,,,,,,,,,,,,,
tune,letter,3,"C  modern, wider (ReLU/CE, 256)",lr=0.0001,0.8889259506337558,,,,,,,,,,,,,,,
tune,letter,3,"C  modern, wider (ReLU/CE, 256)",lr=0.0003,0.9412941961307538,,,,,,,,,,,,,,,
tune,letter,3,"C  modern, wider (ReLU/CE, 256)",lr=0.001,0.9589726484322882,,,,,,,,,,,,,,,
tune,letter,3,"C  modern, wider (ReLU/CE, 256)",lr=0.003,0.957638425617078,,,,,,,,,,,,,,,
tune,letter,3,"C  modern, wider (ReLU/CE, 256)",lr=0.01,0.9516344229486324,,,,,,,,,,,,,,,
tune,letter,3,"C  modern, wider (ReLU/CE, 256)",lr=0.03,0.9416277518345564,,,,,,,,,,,,,,,
tune,letter,3,"C  modern, wider (ReLU/CE, 256)",lr=0.1,0.7795196797865244,,,,,,,,,,,,,,,
tune,letter,3,"C  modern, wider (ReLU/CE, 256)",lr=0.3,0.26150767178118745,,,,,,,,,,,,,,,
seed,letter,3,"C  modern, wider (ReLU/CE, 256)",lr=0.001,0.9593062041360907,100,0.9549699799866578,,,,,,,,,,,,,
seed,letter,3,"C  modern, wider (ReLU/CE, 256)",lr=0.001,0.9556370913942629,101,0.9546364242828552,,,,,,,,,,,,,
seed,letter,3,"C  modern, wider (ReLU/CE, 256)",lr=0.001,0.957638425617078,102,0.9482988659106071,,,,,,,,,,,,,
seed,letter,3,"C  modern, wider (ReLU/CE, 256)",lr=0.001,0.961974649766511,103,0.9523015343562375,,,,,,,,,,,,,
seed,letter,3,"C  modern, wider (ReLU/CE, 256)",lr=0.001,0.9616410940627085,104,0.956971314209473,,,,,,,,,,,,,
seed,letter,3,"C  modern, wider (ReLU/CE, 256)",lr=0.001,0.9609739826551034,105,0.9563042028018679,,,,,,,,,,,,,
seed,letter,3,"C  modern, wider (ReLU/CE, 256)",lr=0.001,0.9579719813208806,106,0.9546364242828552,,,,,,,,,,,,,
seed,letter,3,"C  modern, wider (ReLU/CE, 256)",lr=0.001,0.962641761174116,107,0.9539693128752502,,,,,,,,,,,,,
summary,letter,3,"C  modern, wider (ReLU/CE, 256)",lr=0.001,,,,95.40110073382256,0,,,,,,,,,,,
split_summary,letter,3,,,,,,,,86.87041360907271,95.40110073382256,8.530687124749846,0.712975316877916,"C  modern, wider (ReLU/CE, 256)",,,,,,
tune,letter,4,"A  paper cell (sigmoid/MSE, 50)",lr=0.03125,0.0847231487658439,,,,,,,,,,,,,,,
tune,letter,4,"A  paper cell (sigmoid/MSE, 50)",lr=0.0625,0.12441627751834557,,,,,,,,,,,,,,,
tune,letter,4,"A  paper cell (sigmoid/MSE, 50)",lr=0.125,0.15877251501000667,,,,,,,,,,,,,,,
tune,letter,4,"A  paper cell (sigmoid/MSE, 50)",lr=0.25,0.22314876584389592,,,,,,,,,,,,,,,
tune,letter,4,"A  paper cell (sigmoid/MSE, 50)",lr=0.5,0.4226150767178119,,,,,,,,,,,,,,,
tune,letter,4,"A  paper cell (sigmoid/MSE, 50)",lr=1,0.6034022681787858,,,,,,,,,,,,,,,
tune,letter,4,"A  paper cell (sigmoid/MSE, 50)",lr=2,0.7141427618412275,,,,,,,,,,,,,,,
tune,letter,4,"A  paper cell (sigmoid/MSE, 50)",lr=4,0.7688458972648432,,,,,,,,,,,,,,,
tune,letter,4,"A  paper cell (sigmoid/MSE, 50)",lr=8,0.814209472981988,,,,,,,,,,,,,,,
tune,letter,4,"A  paper cell (sigmoid/MSE, 50)",lr=16,0.8462308205470314,,,,,,,,,,,,,,,
tune,letter,4,"A  paper cell (sigmoid/MSE, 50)",lr=32,0.8682454969979987,,,,,,,,,,,,,,,
tune,letter,4,"A  paper cell (sigmoid/MSE, 50)",lr=64,0.8805870580386924,,,,,,,,,,,,,,,
tune,letter,4,"A  paper cell (sigmoid/MSE, 50)",lr=128,0.28819212808539024,,,,,,,,,,,,,,,
tune,letter,4,"A  paper cell (sigmoid/MSE, 50)",lr=256,0.06270847231487658,,,,,,,,,,,,,,,
seed,letter,4,"A  paper cell (sigmoid/MSE, 50)",lr=64,0.8945963975983989,100,0.8799199466310874,,,,,,,,,,,,,
seed,letter,4,"A  paper cell (sigmoid/MSE, 50)",lr=64,0.8792528352234823,101,0.8805870580386924,,,,,,,,,,,,,
seed,letter,4,"A  paper cell (sigmoid/MSE, 50)",lr=64,0.8935957304869914,102,0.885256837891928,,,,,,,,,,,,,
seed,letter,4,"A  paper cell (sigmoid/MSE, 50)",lr=64,0.8899266177451635,103,0.8845897264843229,,,,,,,,,,,,,
seed,letter,4,"A  paper cell (sigmoid/MSE, 50)",lr=64,0.8915943962641761,104,0.8825883922615076,,,,,,,,,,,,,
seed,letter,4,"A  paper cell (sigmoid/MSE, 50)",lr=64,0.8702468312208139,105,0.8679119412941961,,,,,,,,,,,,,
seed,letter,4,"A  paper cell (sigmoid/MSE, 50)",lr=64,0.8819212808539026,106,0.880920613742495,,,,,,,,,,,,,
seed,letter,4,"A  paper cell (sigmoid/MSE, 50)",lr=64,0.8799199466310874,107,0.8765843895930621,,,,,,,,,,,,,
summary,letter,4,"A  paper cell (sigmoid/MSE, 50)",lr=64,,,,87.97948632421614,0,,,,,,,,,,,
tune,letter,4,"A+ paper cell with Adam (sigmoid/MSE, 50)",lr=1e-05,0.11674449633088725,,,,,,,,,,,,,,,
tune,letter,4,"A+ paper cell with Adam (sigmoid/MSE, 50)",lr=3e-05,0.3659106070713809,,,,,,,,,,,,,,,
tune,letter,4,"A+ paper cell with Adam (sigmoid/MSE, 50)",lr=0.0001,0.6194129419613076,,,,,,,,,,,,,,,
tune,letter,4,"A+ paper cell with Adam (sigmoid/MSE, 50)",lr=0.0003,0.7555036691127418,,,,,,,,,,,,,,,
tune,letter,4,"A+ paper cell with Adam (sigmoid/MSE, 50)",lr=0.001,0.8318879252835224,,,,,,,,,,,,,,,
tune,letter,4,"A+ paper cell with Adam (sigmoid/MSE, 50)",lr=0.003,0.872248165443629,,,,,,,,,,,,,,,
tune,letter,4,"A+ paper cell with Adam (sigmoid/MSE, 50)",lr=0.01,0.890260173448966,,,,,,,,,,,,,,,
tune,letter,4,"A+ paper cell with Adam (sigmoid/MSE, 50)",lr=0.03,0.8875917278185457,,,,,,,,,,,,,,,
tune,letter,4,"A+ paper cell with Adam (sigmoid/MSE, 50)",lr=0.1,0.6937958639092728,,,,,,,,,,,,,,,
tune,letter,4,"A+ paper cell with Adam (sigmoid/MSE, 50)",lr=0.3,0.10206804536357572,,,,,,,,,,,,,,,
seed,letter,4,"A+ paper cell with Adam (sigmoid/MSE, 50)",lr=0.01,0.8922615076717811,100,0.8865910607071381,,,,,,,,,,,,,
seed,letter,4,"A+ paper cell with Adam (sigmoid/MSE, 50)",lr=0.01,0.8822548365577051,101,0.8842561707805203,,,,,,,,,,,,,
seed,letter,4,"A+ paper cell with Adam (sigmoid/MSE, 50)",lr=0.01,0.8912608405603736,102,0.8915943962641761,,,,,,,,,,,,,
seed,letter,4,"A+ paper cell with Adam (sigmoid/MSE, 50)",lr=0.01,0.8775850567044696,103,0.8779186124082722,,,,,,,,,,,,,
seed,letter,4,"A+ paper cell with Adam (sigmoid/MSE, 50)",lr=0.01,0.8975983989326217,104,0.8885923949299533,,,,,,,,,,,,,
seed,letter,4,"A+ paper cell with Adam (sigmoid/MSE, 50)",lr=0.01,0.8929286190793863,105,0.8872581721147431,,,,,,,,,,,,,
seed,letter,4,"A+ paper cell with Adam (sigmoid/MSE, 50)",lr=0.01,0.8915943962641761,106,0.8839226150767178,,,,,,,,,,,,,
seed,letter,4,"A+ paper cell with Adam (sigmoid/MSE, 50)",lr=0.01,0.8919279519679787,107,0.8842561707805203,,,,,,,,,,,,,
summary,letter,4,"A+ paper cell with Adam (sigmoid/MSE, 50)",lr=0.01,,,,88.55486991327551,0,,,,,,,,,,,
tune,letter,4,"B  modern, same size (ReLU/CE, 50)",lr=1e-05,0.352234823215477,,,,,,,,,,,,,,,
tune,letter,4,"B  modern, same size (ReLU/CE, 50)",lr=3e-05,0.6681120747164776,,,,,,,,,,,,,,,
tune,letter,4,"B  modern, same size (ReLU/CE, 50)",lr=0.0001,0.8035356904603068,,,,,,,,,,,,,,,
tune,letter,4,"B  modern, same size (ReLU/CE, 50)",lr=0.0003,0.875250166777852,,,,,,,,,,,,,,,
tune,letter,4,"B  modern, same size (ReLU/CE, 50)",lr=0.001,0.9162775183455637,,,,,,,,,,,,,,,
tune,letter,4,"B  modern, same size (ReLU/CE, 50)",lr=0.003,0.9279519679786524,,,,,,,,,,,,,,,
tune,letter,4,"B  modern, same size (ReLU/CE, 50)",lr=0.01,0.9226150767178118,,,,,,,,,,,,,,,
tune,letter,4,"B  modern, same size (ReLU/CE, 50)",lr=0.03,0.9212808539026017,,,,,,,,,,,,,,,
tune,letter,4,"B  modern, same size (ReLU/CE, 50)",lr=0.1,0.7888592394929953,,,,,,,,,,,,,,,
tune,letter,4,"B  modern, same size (ReLU/CE, 50)",lr=0.3,0.19012675116744496,,,,,,,,,,,,,,,
seed,letter,4,"B  modern, same size (ReLU/CE, 50)",lr=0.003,0.92895263509006,100,0.9302868579052702,,,,,,,,,,,,,
seed,letter,4,"B  modern, same size (ReLU/CE, 50)",lr=0.003,0.9262841894596398,101,0.92895263509006,,,,,,,,,,,,,
seed,letter,4,"B  modern, same size (ReLU/CE, 50)",lr=0.003,0.9242828552368245,102,0.9319546364242829,,,,,,,,,,,,,
seed,letter,4,"B  modern, same size (ReLU/CE, 50)",lr=0.003,0.9362908605737158,103,0.9296197464976651,,,,,,,,,,,,,
seed,letter,4,"B  modern, same size (ReLU/CE, 50)",lr=0.003,0.9319546364242829,104,0.9322881921280853,,,,,,,,,,,,,
seed,letter,4,"B  modern, same size (ReLU/CE, 50)",lr=0.003,0.928285523682455,105,0.9319546364242829,,,,,,,,,,,,,
seed,letter,4,"B  modern, same size (ReLU/CE, 50)",lr=0.003,0.9346230820547031,106,0.9356237491661107,,,,,,,,,,,,,
seed,letter,4,"B  modern, same size (ReLU/CE, 50)",lr=0.003,0.9302868579052702,107,0.9272848565710473,,,,,,,,,,,,,
summary,letter,4,"B  modern, same size (ReLU/CE, 50)",lr=0.003,,,,93.09956637758506,0,,,,,,,,,,,
tune,letter,4,"C  modern, wider (ReLU/CE, 256)",lr=1e-05,0.6954636424282855,,,,,,,,,,,,,,,
tune,letter,4,"C  modern, wider (ReLU/CE, 256)",lr=3e-05,0.8145430286857905,,,,,,,,,,,,,,,
tune,letter,4,"C  modern, wider (ReLU/CE, 256)",lr=0.0001,0.8885923949299533,,,,,,,,,,,,,,,
tune,letter,4,"C  modern, wider (ReLU/CE, 256)",lr=0.0003,0.9346230820547031,,,,,,,,,,,,,,,
tune,letter,4,"C  modern, wider (ReLU/CE, 256)",lr=0.001,0.9536357571714477,,,,,,,,,,,,,,,
tune,letter,4,"C  modern, wider (ReLU/CE, 256)",lr=0.003,0.9546364242828552,,,,,,,,,,,,,,,
tune,letter,4,"C  modern, wider (ReLU/CE, 256)",lr=0.01,0.9536357571714477,,,,,,,,,,,,,,,
tune,letter,4,"C  modern, wider (ReLU/CE, 256)",lr=0.03,0.9302868579052702,,,,,,,,,,,,,,,
tune,letter,4,"C  modern, wider (ReLU/CE, 256)",lr=0.1,0.7821881254169446,,,,,,,,,,,,,,,
tune,letter,4,"C  modern, wider (ReLU/CE, 256)",lr=0.3,0.19112741827885257,,,,,,,,,,,,,,,
seed,letter,4,"C  modern, wider (ReLU/CE, 256)",lr=0.003,0.9546364242828552,100,0.9606404269513009,,,,,,,,,,,,,
seed,letter,4,"C  modern, wider (ReLU/CE, 256)",lr=0.003,0.9536357571714477,101,0.9639759839893263,,,,,,,,,,,,,
seed,letter,4,"C  modern, wider (ReLU/CE, 256)",lr=0.003,0.9583055370246831,102,0.9636424282855237,,,,,,,,,,,,,
seed,letter,4,"C  modern, wider (ReLU/CE, 256)",lr=0.003,0.9623082054703136,103,0.9679786524349566,,,,,,,,,,,,,
seed,letter,4,"C  modern, wider (ReLU/CE, 256)",lr=0.003,0.9492995330220146,104,0.9529686457638425,,,,,,,,,,,,,
seed,letter,4,"C  modern, wider (ReLU/CE, 256)",lr=0.003,0.9553035356904603,105,0.9543028685790527,,,,,,,,,,,,,
seed,letter,4,"C  modern, wider (ReLU/CE, 256)",lr=0.003,0.961974649766511,106,0.9709806537691794,,,,,,,,,,,,,
seed,letter,4,"C  modern, wider (ReLU/CE, 256)",lr=0.003,0.9563042028018679,107,0.9636424282855237,,,,,,,,,,,,,
summary,letter,4,"C  modern, wider (ReLU/CE, 256)",lr=0.003,,,,96.22665110073382,0,,,,,,,,,,,
split_summary,letter,4,,,,,,,,87.97948632421614,96.22665110073382,8.247164776517678,0.5753835890593706,"C  modern, wider (ReLU/CE, 256)",,,,,,
tune,letter,5,"A  paper cell (sigmoid/MSE, 50)",lr=0.03125,0.08539026017344896,,,,,,,,,,,,,,,
tune,letter,5,"A  paper cell (sigmoid/MSE, 50)",lr=0.0625,0.12308205470313542,,,,,,,,,,,,,,,
tune,letter,5,"A  paper cell (sigmoid/MSE, 50)",lr=0.125,0.16110740493662443,,,,,,,,,,,,,,,
tune,letter,5,"A  paper cell (sigmoid/MSE, 50)",lr=0.25,0.22981987991994662,,,,,,,,,,,,,,,
tune,letter,5,"A  paper cell (sigmoid/MSE, 50)",lr=0.5,0.41861240827218144,,,,,,,,,,,,,,,
tune,letter,5,"A  paper cell (sigmoid/MSE, 50)",lr=1,0.590393595730487,,,,,,,,,,,,,,,
tune,letter,5,"A  paper cell (sigmoid/MSE, 50)",lr=2,0.7064709806537692,,,,,,,,,,,,,,,
tune,letter,5,"A  paper cell (sigmoid/MSE, 50)",lr=4,0.7681787858572382,,,,,,,,,,,,,,,
tune,letter,5,"A  paper cell (sigmoid/MSE, 50)",lr=8,0.80920613742495,,,,,,,,,,,,,,,
tune,letter,5,"A  paper cell (sigmoid/MSE, 50)",lr=16,0.8442294863242161,,,,,,,,,,,,,,,
tune,letter,5,"A  paper cell (sigmoid/MSE, 50)",lr=32,0.867244829886591,,,,,,,,,,,,,,,
tune,letter,5,"A  paper cell (sigmoid/MSE, 50)",lr=64,0.8795863909272849,,,,,,,,,,,,,,,
tune,letter,5,"A  paper cell (sigmoid/MSE, 50)",lr=128,0.25183455637091395,,,,,,,,,,,,,,,
tune,letter,5,"A  paper cell (sigmoid/MSE, 50)",lr=256,0.044029352901934625,,,,,,,,,,,,,,,
seed,letter,5,"A  paper cell (sigmoid/MSE, 50)",lr=64,0.88025350233489,100,0.8745830553702468,,,,,,,,,,,,,
seed,letter,5,"A  paper cell (sigmoid/MSE, 50)",lr=64,0.8735823882588393,101,0.8659106070713809,,,,,,,,,,,,,
seed,letter,5,"A  paper cell (sigmoid/MSE, 50)",lr=64,0.8782521681120747,102,0.8669112741827886,,,,,,,,,,,,,
seed,letter,5,"A  paper cell (sigmoid/MSE, 50)",lr=64,0.8782521681120747,103,0.8725817211474316,,,,,,,,,,,,,
seed,letter,5,"A  paper cell (sigmoid/MSE, 50)",lr=64,0.8762508338892595,104,0.8739159439626417,,,,,,,,,,,,,
seed,letter,5,"A  paper cell (sigmoid/MSE, 50)",lr=64,0.8782521681120747,105,0.8685790527018012,,,,,,,,,,,,,
seed,letter,5,"A  paper cell (sigmoid/MSE, 50)",lr=64,0.8875917278185457,106,0.8772515010006671,,,,,,,,,,,,,
seed,letter,5,"A  paper cell (sigmoid/MSE, 50)",lr=64,0.8805870580386924,107,0.8822548365577051,,,,,,,,,,,,,
summary,letter,5,"A  paper cell (sigmoid/MSE, 50)",lr=64,,,,87.27484989993329,0,,,,,,,,,,,
tune,letter,5,"A+ paper cell with Adam (sigmoid/MSE, 50)",lr=1e-05,0.119079386257505,,,,,,,,,,,,,,,
tune,letter,5,"A+ paper cell with Adam (sigmoid/MSE, 50)",lr=3e-05,0.36324216144096066,,,,,,,,,,,,,,,
tune,letter,5,"A+ paper cell with Adam (sigmoid/MSE, 50)",lr=0.0001,0.6130753835890593,,,,,,,,,,,,,,,
tune,letter,5,"A+ paper cell with Adam (sigmoid/MSE, 50)",lr=0.0003,0.7501667778519012,,,,,,,,,,,,,,,
tune,letter,5,"A+ paper cell with Adam (sigmoid/MSE, 50)",lr=0.001,0.8255503669112741,,,,,,,,,,,,,,,
tune,letter,5,"A+ paper cell with Adam (sigmoid/MSE, 50)",lr=0.003,0.8705803869246164,,,,,,,,,,,,,,,
tune,letter,5,"A+ paper cell with Adam (sigmoid/MSE, 50)",lr=0.01,0.8885923949299533,,,,,,,,,,,,,,,
tune,letter,5,"A+ paper cell with Adam (sigmoid/MSE, 50)",lr=0.03,0.8735823882588393,,,,,,,,,,,,,,,
tune,letter,5,"A+ paper cell with Adam (sigmoid/MSE, 50)",lr=0.1,0.43195463642428283,,,,,,,,,,,,,,,
tune,letter,5,"A+ paper cell with Adam (sigmoid/MSE, 50)",lr=0.3,0.11007338225483655,,,,,,,,,,,,,,,
seed,letter,5,"A+ paper cell with Adam (sigmoid/MSE, 50)",lr=0.01,0.8899266177451635,100,0.8812541694462975,,,,,,,,,,,,,
seed,letter,5,"A+ paper cell with Adam (sigmoid/MSE, 50)",lr=0.01,0.8825883922615076,101,0.8749166110740494,,,,,,,,,,,,,
seed,letter,5,"A+ paper cell with Adam (sigmoid/MSE, 50)",lr=0.01,0.8769179452968646,102,0.875250166777852,,,,,,,,,,,,,
seed,letter,5,"A+ paper cell with Adam (sigmoid/MSE, 50)",lr=0.01,0.8845897264843229,103,0.8892595063375583,,,,,,,,,,,,,
seed,letter,5,"A+ paper cell with Adam (sigmoid/MSE, 50)",lr=0.01,0.895263509006004,104,0.8839226150767178,,,,,,,,,,,,,
seed,letter,5,"A+ paper cell with Adam (sigmoid/MSE, 50)",lr=0.01,0.8799199466310874,105,0.8789192795196797,,,,,,,,,,,,,
seed,letter,5,"A+ paper cell with Adam (sigmoid/MSE, 50)",lr=0.01,0.8819212808539026,106,0.8792528352234823,,,,,,,,,,,,,
seed,letter,5,"A+ paper cell with Adam (sigmoid/MSE, 50)",lr=0.01,0.8862575050033356,107,0.8805870580386924,,,,,,,,,,,,,
summary,letter,5,"A+ paper cell with Adam (sigmoid/MSE, 50)",lr=0.01,,,,88.04202801867912,0,,,,,,,,,,,
tune,letter,5,"B  modern, same size (ReLU/CE, 50)",lr=1e-05,0.3592394929953302,,,,,,,,,,,,,,,
tune,letter,5,"B  modern, same size (ReLU/CE, 50)",lr=3e-05,0.6674449633088726,,,,,,,,,,,,,,,
tune,letter,5,"B  modern, same size (ReLU/CE, 50)",lr=0.0001,0.7908605737158105,,,,,,,,,,,,,,,
tune,letter,5,"B  modern, same size (ReLU/CE, 50)",lr=0.0003,0.867244829886591,,,,,,,,,,,,,,,
tune,letter,5,"B  modern, same size (ReLU/CE, 50)",lr=0.001,0.9106070713809206,,,,,,,,,,,,,,,
tune,letter,5,"B  modern, same size (ReLU/CE, 50)",lr=0.003,0.9279519679786524,,,,,,,,,,,,,,,
tune,letter,5,"B  modern, same size (ReLU/CE, 50)",lr=0.01,0.9296197464976651,,,,,,,,,,,,,,,
tune,letter,5,"B  modern, same size (ReLU/CE, 50)",lr=0.03,0.9099399599733156,,,,,,,,,,,,,,,
tune,letter,5,"B  modern, same size (ReLU/CE, 50)",lr=0.1,0.7888592394929953,,,,,,,,,,,,,,,
tune,letter,5,"B  modern, same size (ReLU/CE, 50)",lr=0.3,0.1534356237491661,,,,,,,,,,,,,,,
seed,letter,5,"B  modern, same size (ReLU/CE, 50)",lr=0.01,0.9219479653102068,100,0.9186124082721815,,,,,,,,,,,,,
seed,letter,5,"B  modern, same size (ReLU/CE, 50)",lr=0.01,0.9286190793862575,101,0.9229486324216144,,,,,,,,,,,,,
seed,letter,5,"B  modern, same size (ReLU/CE, 50)",lr=0.01,0.9246164109406271,102,0.9292861907938625,,,,,,,,,,,,,
seed,letter,5,"B  modern, same size (ReLU/CE, 50)",lr=0.01,0.9272848565710473,103,0.9259506337558372,,,,,,,,,,,,,
seed,letter,5,"B  modern, same size (ReLU/CE, 50)",lr=0.01,0.9252835223482322,104,0.9266177451634423,,,,,,,,,,,,,
seed,letter,5,"B  modern, same size (ReLU/CE, 50)",lr=0.01,0.9152768512341561,105,0.919613075383589,,,,,,,,,,,,,
seed,letter,5,"B  modern, same size (ReLU/CE, 50)",lr=0.01,0.9259506337558372,106,0.9269513008672449,,,,,,,,,,,,,
seed,letter,5,"B  modern, same size (ReLU/CE, 50)",lr=0.01,0.9139426284189459,107,0.9206137424949966,,,,,,,,,,,,,
summary,letter,5,"B  modern, same size (ReLU/CE, 50)",lr=0.01,,,,92.38242161440961,0,,,,,,,,,,,
tune,letter,5,"C  modern, wider (ReLU/CE, 256)",lr=1e-05,0.6947965310206805,,,,,,,,,,,,,,,
tune,letter,5,"C  modern, wider (ReLU/CE, 256)",lr=3e-05,0.8062041360907272,,,,,,,,,,,,,,,
tune,letter,5,"C  modern, wider (ReLU/CE, 256)",lr=0.0001,0.8869246164109407,,,,,,,,,,,,,,,
tune,letter,5,"C  modern, wider (ReLU/CE, 256)",lr=0.0003,0.9336224149432956,,,,,,,,,,,,,,,
tune,letter,5,"C  modern, wider (ReLU/CE, 256)",lr=0.001,0.9553035356904603,,,,,,,,,,,,,,,
tune,letter,5,"C  modern, wider (ReLU/CE, 256)",lr=0.003,0.9613075383589059,,,,,,,,,,,,,,,
tune,letter,5,"C  modern, wider (ReLU/CE, 256)",lr=0.01,0.9429619746497665,,,,,,,,,,,,,,,
tune,letter,5,"C  modern, wider (ReLU/CE, 256)",lr=0.03,0.9516344229486324,,,,,,,,,,,,,,,
tune,letter,5,"C  modern, wider (ReLU/CE, 256)",lr=0.1,0.8082054703135424,,,,,,,,,,,,,,,
tune,letter,5,"C  modern, wider (ReLU/CE, 256)",lr=0.3,0.2294863242161441,,,,,,,,,,,,,,,
seed,letter,5,"C  modern, wider (ReLU/CE, 256)",lr=0.003,0.9583055370246831,100,0.9589726484322882,,,,,,,,,,,,,
seed,letter,5,"C  modern, wider (ReLU/CE, 256)",lr=0.003,0.9599733155436958,101,0.9593062041360907,,,,,,,,,,,,,
seed,letter,5,"C  modern, wider (ReLU/CE, 256)",lr=0.003,0.9553035356904603,102,0.9606404269513009,,,,,,,,,,,,,
seed,letter,5,"C  modern, wider (ReLU/CE, 256)",lr=0.003,0.9623082054703136,103,0.9599733155436958,,,,,,,,,,,,,
seed,letter,5,"C  modern, wider (ReLU/CE, 256)",lr=0.003,0.9566377585056705,104,0.9583055370246831,,,,,,,,,,,,,
seed,letter,5,"C  modern, wider (ReLU/CE, 256)",lr=0.003,0.9509673115410273,105,0.9549699799866578,,,,,,,,,,,,,
seed,letter,5,"C  modern, wider (ReLU/CE, 256)",lr=0.003,0.9533022014676451,106,0.9586390927284857,,,,,,,,,,,,,
seed,letter,5,"C  modern, wider (ReLU/CE, 256)",lr=0.003,0.9583055370246831,107,0.9556370913942629,,,,,,,,,,,,,
summary,letter,5,"C  modern, wider (ReLU/CE, 256)",lr=0.003,,,,95.83055370246831,0,,,,,,,,,,,
split_summary,letter,5,,,,,,,,87.27484989993329,95.83055370246831,8.555703802535021,0.7671781187458322,"C  modern, wider (ReLU/CE, 256)",,,,,,
tune,letter,6,"A  paper cell (sigmoid/MSE, 50)",lr=0.03125,0.08305537024683123,,,,,,,,,,,,,,,
tune,letter,6,"A  paper cell (sigmoid/MSE, 50)",lr=0.0625,0.12108072048032022,,,,,,,,,,,,,,,
tune,letter,6,"A  paper cell (sigmoid/MSE, 50)",lr=0.125,0.15577051367578384,,,,,,,,,,,,,,,
tune,letter,6,"A  paper cell (sigmoid/MSE, 50)",lr=0.25,0.21747831887925284,,,,,,,,,,,,,,,
tune,letter,6,"A  paper cell (sigmoid/MSE, 50)",lr=0.5,0.4149432955303536,,,,,,,,,,,,,,,
tune,letter,6,"A  paper cell (sigmoid/MSE, 50)",lr=1,0.5897264843228819,,,,,,,,,,,,,,,
tune,letter,6,"A  paper cell (sigmoid/MSE, 50)",lr=2,0.7111407605070047,,,,,,,,,,,,,,,
tune,letter,6,"A  paper cell (sigmoid/MSE, 50)",lr=4,0.7588392261507672,,,,,,,,,,,,,,,
tune,letter,6,"A  paper cell (sigmoid/MSE, 50)",lr=8,0.8065376917945297,,,,,,,,,,,,,,,
tune,letter,6,"A  paper cell (sigmoid/MSE, 50)",lr=16,0.8392261507671781,,,,,,,,,,,,,,,
tune,letter,6,"A  paper cell (sigmoid/MSE, 50)",lr=32,0.8585723815877252,,,,,,,,,,,,,,,
tune,letter,6,"A  paper cell (sigmoid/MSE, 50)",lr=64,0.8782521681120747,,,,,,,,,,,,,,,
tune,letter,6,"A  paper cell (sigmoid/MSE, 50)",lr=128,0.34256170780520345,,,,,,,,,,,,,,,
tune,letter,6,"A  paper cell (sigmoid/MSE, 50)",lr=256,0.051701134089392926,,,,,,,,,,,,,,,
seed,letter,6,"A  paper cell (sigmoid/MSE, 50)",lr=64,0.8735823882588393,100,0.8719146097398266,,,,,,,,,,,,,
seed,letter,6,"A  paper cell (sigmoid/MSE, 50)",lr=64,0.8692461641094062,101,0.8605737158105403,,,,,,,,,,,,,
seed,letter,6,"A  paper cell (sigmoid/MSE, 50)",lr=64,0.8749166110740494,102,0.8725817211474316,,,,,,,,,,,,,
seed,letter,6,"A  paper cell (sigmoid/MSE, 50)",lr=64,0.8812541694462975,103,0.8785857238158773,,,,,,,,,,,,,
seed,letter,6,"A  paper cell (sigmoid/MSE, 50)",lr=64,0.8825883922615076,104,0.8755837224816544,,,,,,,,,,,,,
seed,letter,6,"A  paper cell (sigmoid/MSE, 50)",lr=64,0.8782521681120747,105,0.8725817211474316,,,,,,,,,,,,,
seed,letter,6,"A  paper cell (sigmoid/MSE, 50)",lr=64,0.8779186124082722,106,0.8775850567044696,,,,,,,,,,,,,
seed,letter,6,"A  paper cell (sigmoid/MSE, 50)",lr=64,0.8579052701801201,107,0.8599066044029353,,,,,,,,,,,,,
summary,letter,6,"A  paper cell (sigmoid/MSE, 50)",lr=64,,,,87.11641094062709,0,,,,,,,,,,,
tune,letter,6,"A+ paper cell with Adam (sigmoid/MSE, 50)",lr=1e-05,0.1170780520346898,,,,,,,,,,,,,,,
tune,letter,6,"A+ paper cell with Adam (sigmoid/MSE, 50)",lr=3e-05,0.35657104736490997,,,,,,,,,,,,,,,
tune,letter,6,"A+ paper cell with Adam (sigmoid/MSE, 50)",lr=0.0001,0.6107404936624417,,,,,,,,,,,,,,,
tune,letter,6,"A+ paper cell with Adam (sigmoid/MSE, 50)",lr=0.0003,0.7505003335557038,,,,,,,,,,,,,,,
tune,letter,6,"A+ paper cell with Adam (sigmoid/MSE, 50)",lr=0.001,0.8365577051367579,,,,,,,,,,,,,,,
tune,letter,6,"A+ paper cell with Adam (sigmoid/MSE, 50)",lr=0.003,0.8705803869246164,,,,,,,,,,,,,,,
tune,letter,6,"A+ paper cell with Adam (sigmoid/MSE, 50)",lr=0.01,0.8922615076717811,,,,,,,,,,,,,,,
tune,letter,6,"A+ paper cell with Adam (sigmoid/MSE, 50)",lr=0.03,0.8765843895930621,,,,,,,,,,,,,,,
tune,letter,6,"A+ paper cell with Adam (sigmoid/MSE, 50)",lr=0.1,0.5797198132088058,,,,,,,,,,,,,,,
tune,letter,6,"A+ paper cell with Adam (sigmoid/MSE, 50)",lr=0.3,0.08539026017344896,,,,,,,,,,,,,,,
seed,letter,6,"A+ paper cell with Adam (sigmoid/MSE, 50)",lr=0.01,0.8835890593729153,100,0.8825883922615076,,,,,,,,,,,,,
seed,letter,6,"A+ paper cell with Adam (sigmoid/MSE, 50)",lr=0.01,0.8735823882588393,101,0.8725817211474316,,,,,,,,,,,,,
seed,letter,6,"A+ paper cell with Adam (sigmoid/MSE, 50)",lr=0.01,0.8915943962641761,102,0.8892595063375583,,,,,,,,,,,,,
seed,letter,6,"A+ paper cell with Adam (sigmoid/MSE, 50)",lr=0.01,0.880920613742495,103,0.8825883922615076,,,,,,,,,,,,,
seed,letter,6,"A+ paper cell with Adam (sigmoid/MSE, 50)",lr=0.01,0.890927284856571,104,0.8872581721147431,,,,,,,,,,,,,
seed,letter,6,"A+ paper cell with Adam (sigmoid/MSE, 50)",lr=0.01,0.8885923949299533,105,0.8842561707805203,,,,,,,,,,,,,
seed,letter,6,"A+ paper cell with Adam (sigmoid/MSE, 50)",lr=0.01,0.8875917278185457,106,0.880920613742495,,,,,,,,,,,,,
seed,letter,6,"A+ paper cell with Adam (sigmoid/MSE, 50)",lr=0.01,0.8845897264843229,107,0.8882588392261508,,,,,,,,,,,,,
summary,letter,6,"A+ paper cell with Adam (sigmoid/MSE, 50)",lr=0.01,,,,88.34639759839894,0,,,,,,,,,,,
tune,letter,6,"B  modern, same size (ReLU/CE, 50)",lr=1e-05,0.3609072715143429,,,,,,,,,,,,,,,
tune,letter,6,"B  modern, same size (ReLU/CE, 50)",lr=3e-05,0.6577718478985991,,,,,,,,,,,,,,,
tune,letter,6,"B  modern, same size (ReLU/CE, 50)",lr=0.0001,0.7928619079386258,,,,,,,,,,,,,,,
tune,letter,6,"B  modern, same size (ReLU/CE, 50)",lr=0.0003,0.8662441627751835,,,,,,,,,,,,,,,
tune,letter,6,"B  modern, same size (ReLU/CE, 50)",lr=0.001,0.9176117411607738,,,,,,,,,,,,,,,
tune,letter,6,"B  modern, same size (ReLU/CE, 50)",lr=0.003,0.9279519679786524,,,,,,,,,,,,,,,
tune,letter,6,"B  modern, same size (ReLU/CE, 50)",lr=0.01,0.9259506337558372,,,,,,,,,,,,,,,
tune,letter,6,"B  modern, same size (ReLU/CE, 50)",lr=0.03,0.9152768512341561,,,,,,,,,,,,,,,
tune,letter,6,"B  modern, same size (ReLU/CE, 50)",lr=0.1,0.7388258839226151,,,,,,,,,,,,,,,
tune,letter,6,"B  modern, same size (ReLU/CE, 50)",lr=0.3,0.20880587058038694,,,,,,,,,,,,,,,
seed,letter,6,"B  modern, same size (ReLU/CE, 50)",lr=0.003,0.9266177451634423,100,0.923949299533022,,,,,,,,,,,,,
seed,letter,6,"B  modern, same size (ReLU/CE, 50)",lr=0.003,0.9286190793862575,101,0.9222815210140093,,,,,,,,,,,,,
seed,letter,6,"B  modern, same size (ReLU/CE, 50)",lr=0.003,0.9262841894596398,102,0.923949299533022,,,,,,,,,,,,,
seed,letter,6,"B  modern, same size (ReLU/CE, 50)",lr=0.003,0.9269513008672449,103,0.9236157438292195,,,,,,,,,,,,,
seed,letter,6,"B  modern, same size (ReLU/CE, 50)",lr=0.003,0.9306204136090727,104,0.9246164109406271,,,,,,,,,,,,,
seed,letter,6,"B  modern, same size (ReLU/CE, 50)",lr=0.003,0.923282188125417,105,0.928285523682455,,,,,,,,,,,,,
seed,letter,6,"B  modern, same size (ReLU/CE, 50)",lr=0.003,0.928285523682455,106,0.9322881921280853,,,,,,,,,,,,,
seed,letter,6,"B  modern, same size (ReLU/CE, 50)",lr=0.003,0.9226150767178118,107,0.9309539693128752,,,,,,,,,,,,,
summary,letter,6,"B  modern, same size (ReLU/CE, 50)",lr=0.003,,,,92.62424949966643,0,,,,,,,,,,,
tune,letter,6,"C  modern, wider (ReLU/CE, 256)",lr=1e-05,0.6891260840560374,,,,,,,,,,,,,,,
tune,letter,6,"C  modern, wider (ReLU/CE, 256)",lr=3e-05,0.8025350233488993,,,,,,,,,,,,,,,
tune,letter,6,"C  modern, wider (ReLU/CE, 256)",lr=0.0001,0.890260173448966,,,,,,,,,,,,,,,
tune,letter,6,"C  modern, wider (ReLU/CE, 256)",lr=0.0003,0.9376250833889259,,,,,,,,,,,,,,,
tune,letter,6,"C  modern, wider (ReLU/CE, 256)",lr=0.001,0.9543028685790527,,,,,,,,,,,,,,,
tune,letter,6,"C  modern, wider (ReLU/CE, 256)",lr=0.003,0.9486324216144096,,,,,,,,,,,,,,,
tune,letter,6,"C  modern, wider (ReLU/CE, 256)",lr=0.01,0.9563042028018679,,,,,,,,,,,,,,,
tune,letter,6,"C  modern, wider (ReLU/CE, 256)",lr=0.03,0.9379586390927285,,,,,,,,,,,,,,,
tune,letter,6,"C  modern, wider (ReLU/CE, 256)",lr=0.1,0.7691794529686458,,,,,,,,,,,,,,,
tune,letter,6,"C  modern, wider (ReLU/CE, 256)",lr=0.3,0.2391594396264176,,,,,,,,,,,,,,,
seed,letter,6,"C  modern, wider (ReLU/CE, 256)",lr=0.01,0.9496330887258172,100,0.9533022014676451,,,,,,,,,,,,,
seed,letter,6,"C  modern, wider (ReLU/CE, 256)",lr=0.01,0.9509673115410273,101,0.951967978652435,,,,,,,,,,,,,
seed,letter,6,"C  modern, wider (ReLU/CE, 256)",lr=0.01,0.9422948632421615,102,0.9533022014676451,,,,,,,,,,,,,
seed,letter,6,"C  modern, wider (ReLU/CE, 256)",lr=0.01,0.9633088725817212,103,0.9599733155436958,,,,,,,,,,,,,
seed,letter,6,"C  modern, wider (ReLU/CE, 256)",lr=0.01,0.9489659773182122,104,0.9603068712474984,,,,,,,,,,,,,
seed,letter,6,"C  modern, wider (ReLU/CE, 256)",lr=0.01,0.9509673115410273,105,0.9516344229486324,,,,,,,,,,,,,
seed,letter,6,"C  modern, wider (ReLU/CE, 256)",lr=0.01,0.9479653102068045,106,0.9529686457638425,,,,,,,,,,,,,
seed,letter,6,"C  modern, wider (ReLU/CE, 256)",lr=0.01,0.951967978652435,107,0.9499666444296198,,,,,,,,,,,,,
summary,letter,6,"C  modern, wider (ReLU/CE, 256)",lr=0.01,,,,95.41777851901267,0,,,,,,,,,,,
split_summary,letter,6,,,,,,,,87.11641094062709,95.41777851901267,8.30136757838558,1.2299866577718461,"C  modern, wider (ReLU/CE, 256)",,,,,,
tune,letter,7,"A  paper cell (sigmoid/MSE, 50)",lr=0.03125,0.08205470313542361,,,,,,,,,,,,,,,
tune,letter,7,"A  paper cell (sigmoid/MSE, 50)",lr=0.0625,0.12141427618412275,,,,,,,,,,,,,,,
tune,letter,7,"A  paper cell (sigmoid/MSE, 50)",lr=0.125,0.1637758505670447,,,,,,,,,,,,,,,
tune,letter,7,"A  paper cell (sigmoid/MSE, 50)",lr=0.25,0.21947965310206805,,,,,,,,,,,,,,,
tune,letter,7,"A  paper cell (sigmoid/MSE, 50)",lr=0.5,0.4242828552368246,,,,,,,,,,,,,,,
tune,letter,7,"A  paper cell (sigmoid/MSE, 50)",lr=1,0.5907271514342896,,,,,,,,,,,,,,,
tune,letter,7,"A  paper cell (sigmoid/MSE, 50)",lr=2,0.7134756504336224,,,,,,,,,,,,,,,
tune,letter,7,"A  paper cell (sigmoid/MSE, 50)",lr=4,0.7631754503002002,,,,,,,,,,,,,,,
tune,letter,7,"A  paper cell (sigmoid/MSE, 50)",lr=8,0.8068712474983322,,,,,,,,,,,,,,,
tune,letter,7,"A  paper cell (sigmoid/MSE, 50)",lr=16,0.8398932621747832,,,,,,,,,,,,,,,
tune,letter,7,"A  paper cell (sigmoid/MSE, 50)",lr=32,0.8582388258839226,,,,,,,,,,,,,,,
tune,letter,7,"A  paper cell (sigmoid/MSE, 50)",lr=64,0.8669112741827886,,,,,,,,,,,,,,,
tune,letter,7,"A  paper cell (sigmoid/MSE, 50)",lr=128,0.4142761841227485,,,,,,,,,,,,,,,
tune,letter,7,"A  paper cell (sigmoid/MSE, 50)",lr=256,0.0456971314209473,,,,,,,,,,,,,,,
seed,letter,7,"A  paper cell (sigmoid/MSE, 50)",lr=64,0.8832555036691128,100,0.8769179452968646,,,,,,,,,,,,,
seed,letter,7,"A  paper cell (sigmoid/MSE, 50)",lr=64,0.8729152768512342,101,0.8679119412941961,,,,,,,,,,,,,
seed,letter,7,"A  paper cell (sigmoid/MSE, 50)",lr=64,0.875917278185457,102,0.872248165443629,,,,,,,,,,,,,
seed,letter,7,"A  paper cell (sigmoid/MSE, 50)",lr=64,0.8889259506337558,103,0.8829219479653102,,,,,,,,,,,,,
seed,letter,7,"A  paper cell (sigmoid/MSE, 50)",lr=64,0.8879252835223482,104,0.8765843895930621,,,,,,,,,,,,,
seed,letter,7,"A  paper cell (sigmoid/MSE, 50)",lr=64,0.8735823882588393,105,0.8712474983322215,,,,,,,,,,,,,
seed,letter,7,"A  paper cell (sigmoid/MSE, 50)",lr=64,0.8799199466310874,106,0.8699132755170114,,,,,,,,,,,,,
seed,letter,7,"A  paper cell (sigmoid/MSE, 50)",lr=64,0.8785857238158773,107,0.8769179452968646,,,,,,,,,,,,,
summary,letter,7,"A  paper cell (sigmoid/MSE, 50)",lr=64,,,,87.4332888592395,0,,,,,,,,,,,
tune,letter,7,"A+ paper cell with Adam (sigmoid/MSE, 50)",lr=1e-05,0.11574382921947965,,,,,,,,,,,,,,,
tune,letter,7,"A+ paper cell with Adam (sigmoid/MSE, 50)",lr=3e-05,0.36324216144096066,,,,,,,,,,,,,,,
tune,letter,7,"A+ paper cell with Adam (sigmoid/MSE, 50)",lr=0.0001,0.6114076050700467,,,,,,,,,,,,,,,
tune,letter,7,"A+ paper cell with Adam (sigmoid/MSE, 50)",lr=0.0003,0.7531687791861241,,,,,,,,,,,,,,,
tune,letter,7,"A+ paper cell with Adam (sigmoid/MSE, 50)",lr=0.001,0.8272181454302868,,,,,,,,,,,,,,,
tune,letter,7,"A+ paper cell with Adam (sigmoid/MSE, 50)",lr=0.003,0.8645763842561708,,,,,,,,,,,,,,,
tune,letter,7,"A+ paper cell with Adam (sigmoid/MSE, 50)",lr=0.01,0.8835890593729153,,,,,,,,,,,,,,,
tune,letter,7,"A+ paper cell with Adam (sigmoid/MSE, 50)",lr=0.03,0.8695797198132088,,,,,,,,,,,,,,,
tune,letter,7,"A+ paper cell with Adam (sigmoid/MSE, 50)",lr=0.1,0.3655770513675784,,,,,,,,,,,,,,,
tune,letter,7,"A+ paper cell with Adam (sigmoid/MSE, 50)",lr=0.3,0.09939959973315543,,,,,,,,,,,,,,,
seed,letter,7,"A+ paper cell with Adam (sigmoid/MSE, 50)",lr=0.01,0.8912608405603736,100,0.8835890593729153,,,,,,,,,,,,,
seed,letter,7,"A+ paper cell with Adam (sigmoid/MSE, 50)",lr=0.01,0.8775850567044696,101,0.8662441627751835,,,,,,,,,,,,,
seed,letter,7,"A+ paper cell with Adam (sigmoid/MSE, 50)",lr=0.01,0.8685790527018012,102,0.8735823882588393,,,,,,,,,,,,,
seed,letter,7,"A+ paper cell with Adam (sigmoid/MSE, 50)",lr=0.01,0.8755837224816544,103,0.8709139426284189,,,,,,,,,,,,,
seed,letter,7,"A+ paper cell with Adam (sigmoid/MSE, 50)",lr=0.01,0.885256837891928,104,0.8782521681120747,,,,,,,,,,,,,
seed,letter,7,"A+ paper cell with Adam (sigmoid/MSE, 50)",lr=0.01,0.8749166110740494,105,0.8795863909272849,,,,,,,,,,,,,
seed,letter,7,"A+ paper cell with Adam (sigmoid/MSE, 50)",lr=0.01,0.8782521681120747,106,0.8745830553702468,,,,,,,,,,,,,
seed,letter,7,"A+ paper cell with Adam (sigmoid/MSE, 50)",lr=0.01,0.8905937291527685,107,0.8865910607071381,,,,,,,,,,,,,
summary,letter,7,"A+ paper cell with Adam (sigmoid/MSE, 50)",lr=0.01,,,,87.66677785190127,0,,,,,,,,,,,
tune,letter,7,"B  modern, same size (ReLU/CE, 50)",lr=1e-05,0.3672448298865911,,,,,,,,,,,,,,,
tune,letter,7,"B  modern, same size (ReLU/CE, 50)",lr=3e-05,0.6697798532354903,,,,,,,,,,,,,,,
tune,letter,7,"B  modern, same size (ReLU/CE, 50)",lr=0.0001,0.789859906604403,,,,,,,,,,,,,,,
tune,letter,7,"B  modern, same size (ReLU/CE, 50)",lr=0.0003,0.8645763842561708,,,,,,,,,,,,,,,
tune,letter,7,"B  modern, same size (ReLU/CE, 50)",lr=0.001,0.904603068712475,,,,,,,,,,,,,,,
tune,letter,7,"B  modern, same size (ReLU/CE, 50)",lr=0.003,0.923282188125417,,,,,,,,,,,,,,,
tune,letter,7,"B  modern, same size (ReLU/CE, 50)",lr=0.01,0.9276184122748499,,,,,,,,,,,,,,,
tune,letter,7,"B  modern, same size (ReLU/CE, 50)",lr=0.03,0.9102735156771181,,,,,,,,,,,,,,,
tune,letter,7,"B  modern, same size (ReLU/CE, 50)",lr=0.1,0.7545030020013342,,,,,,,,,,,,,,,
tune,letter,7,"B  modern, same size (ReLU/CE, 50)",lr=0.3,0.12675116744496331,,,,,,,,,,,,,,,
seed,letter,7,"B  modern, same size (ReLU/CE, 50)",lr=0.01,0.9236157438292195,100,0.923282188125417,,,,,,,,,,,,,
seed,letter,7,"B  modern, same size (ReLU/CE, 50)",lr=0.01,0.9296197464976651,101,0.9219479653102068,,,,,,,,,,,,,
seed,letter,7,"B  modern, same size (ReLU/CE, 50)",lr=0.01,0.9222815210140093,102,0.9226150767178118,,,,,,,,,,,,,
seed,letter,7,"B  modern, same size (ReLU/CE, 50)",lr=0.01,0.9279519679786524,103,0.923282188125417,,,,,,,,,,,,,
seed,letter,7,"B  modern, same size (ReLU/CE, 50)",lr=0.01,0.9236157438292195,104,0.923949299533022,,,,,,,,,,,,,
seed,letter,7,"B  modern, same size (ReLU/CE, 50)",lr=0.01,0.9316210807204803,105,0.9212808539026017,,,,,,,,,,,,,
seed,letter,7,"B  modern, same size (ReLU/CE, 50)",lr=0.01,0.9166110740493663,106,0.9179452968645764,,,,,,,,,,,,,
seed,letter,7,"B  modern, same size (ReLU/CE, 50)",lr=0.01,0.9126084056037358,107,0.9159439626417611,,,,,,,,,,,,,
summary,letter,7,"B  modern, same size (ReLU/CE, 50)",lr=0.01,,,,92.12808539026017,0,,,,,,,,,,,
tune,letter,7,"C  modern, wider (ReLU/CE, 256)",lr=1e-05,0.6931287525016678,,,,,,,,,,,,,,,
tune,letter,7,"C  modern, wider (ReLU/CE, 256)",lr=3e-05,0.8002001334222815,,,,,,,,,,,,,,,
tune,letter,7,"C  modern, wider (ReLU/CE, 256)",lr=0.0001,0.8875917278185457,,,,,,,,,,,,,,,
tune,letter,7,"C  modern, wider (ReLU/CE, 256)",lr=0.0003,0.9366244162775184,,,,,,,,,,,,,,,
tune,letter,7,"C  modern, wider (ReLU/CE, 256)",lr=0.001,0.9579719813208806,,,,,,,,,,,,,,,
tune,letter,7,"C  modern, wider (ReLU/CE, 256)",lr=0.003,0.9606404269513009,,,,,,,,,,,,,,,
tune,letter,7,"C  modern, wider (ReLU/CE, 256)",lr=0.01,0.9599733155436958,,,,,,,,,,,,,,,
tune,letter,7,"C  modern, wider (ReLU/CE, 256)",lr=0.03,0.938292194796531,,,,,,,,,,,,,,,
tune,letter,7,"C  modern, wider (ReLU/CE, 256)",lr=0.1,0.7775183455637091,,,,,,,,,,,,,,,
tune,letter,7,"C  modern, wider (ReLU/CE, 256)",lr=0.3,0.2621747831887925,,,,,,,,,,,,,,,
seed,letter,7,"C  modern, wider (ReLU/CE, 256)",lr=0.003,0.957638425617078,100,0.9523015343562375,,,,,,,,,,,,,
seed,letter,7,"C  modern, wider (ReLU/CE, 256)",lr=0.003,0.9583055370246831,101,0.9586390927284857,,,,,,,,,,,,,
seed,letter,7,"C  modern, wider (ReLU/CE, 256)",lr=0.003,0.962641761174116,102,0.962641761174116,,,,,,,,,,,,,
seed,letter,7,"C  modern, wider (ReLU/CE, 256)",lr=0.003,0.9586390927284857,103,0.9656437625083389,,,,,,,,,,,,,
seed,letter,7,"C  modern, wider (ReLU/CE, 256)",lr=0.003,0.9606404269513009,104,0.9629753168779186,,,,,,,,,,,,,
seed,letter,7,"C  modern, wider (ReLU/CE, 256)",lr=0.003,0.9596397598398932,105,0.9563042028018679,,,,,,,,,,,,,
seed,letter,7,"C  modern, wider (ReLU/CE, 256)",lr=0.003,0.9566377585056705,106,0.956971314209473,,,,,,,,,,,,,
seed,letter,7,"C  modern, wider (ReLU/CE, 256)",lr=0.003,0.9646430953969313,107,0.9623082054703136,,,,,,,,,,,,,
summary,letter,7,"C  modern, wider (ReLU/CE, 256)",lr=0.003,,,,95.97231487658439,0,,,,,,,,,,,
split_summary,letter,7,,,,,,,,87.4332888592395,95.97231487658439,8.539026017344895,0.23348899266177625,"C  modern, wider (ReLU/CE, 256)",,,,,,
tune,letter,8,"A  paper cell (sigmoid/MSE, 50)",lr=0.03125,0.08972648432288192,,,,,,,,,,,,,,,
tune,letter,8,"A  paper cell (sigmoid/MSE, 50)",lr=0.0625,0.12241494329553035,,,,,,,,,,,,,,,
tune,letter,8,"A  paper cell (sigmoid/MSE, 50)",lr=0.125,0.16144096064042696,,,,,,,,,,,,,,,
tune,letter,8,"A  paper cell (sigmoid/MSE, 50)",lr=0.25,0.23448965977318212,,,,,,,,,,,,,,,
tune,letter,8,"A  paper cell (sigmoid/MSE, 50)",lr=0.5,0.43028685790527016,,,,,,,,,,,,,,,
tune,letter,8,"A  paper cell (sigmoid/MSE, 50)",lr=1,0.6027351567711808,,,,,,,,,,,,,,,
tune,letter,8,"A  paper cell (sigmoid/MSE, 50)",lr=2,0.709472981987992,,,,,,,,,,,,,,,
tune,letter,8,"A  paper cell (sigmoid/MSE, 50)",lr=4,0.7641761174116077,,,,,,,,,,,,,,,
tune,letter,8,"A  paper cell (sigmoid/MSE, 50)",lr=8,0.8125416944629753,,,,,,,,,,,,,,,
tune,letter,8,"A  paper cell (sigmoid/MSE, 50)",lr=16,0.8418945963975984,,,,,,,,,,,,,,,
tune,letter,8,"A  paper cell (sigmoid/MSE, 50)",lr=32,0.8682454969979987,,,,,,,,,,,,,,,
tune,letter,8,"A  paper cell (sigmoid/MSE, 50)",lr=64,0.8799199466310874,,,,,,,,,,,,,,,
tune,letter,8,"A  paper cell (sigmoid/MSE, 50)",lr=128,0.35857238158772514,,,,,,,,,,,,,,,
tune,letter,8,"A  paper cell (sigmoid/MSE, 50)",lr=256,0.059372915276851235,,,,,,,,,,,,,,,
seed,letter,8,"A  paper cell (sigmoid/MSE, 50)",lr=64,0.8785857238158773,100,0.8799199466310874,,,,,,,,,,,,,
seed,letter,8,"A  paper cell (sigmoid/MSE, 50)",lr=64,0.8822548365577051,101,0.8762508338892595,,,,,,,,,,,,,
seed,letter,8,"A  paper cell (sigmoid/MSE, 50)",lr=64,0.8739159439626417,102,0.8782521681120747,,,,,,,,,,,,,
seed,letter,8,"A  paper cell (sigmoid/MSE, 50)",lr=64,0.8762508338892595,103,0.8785857238158773,,,,,,,,,,,,,
seed,letter,8,"A  paper cell (sigmoid/MSE, 50)",lr=64,0.8785857238158773,104,0.8769179452968646,,,,,,,,,,,,,
seed,letter,8,"A  paper cell (sigmoid/MSE, 50)",lr=64,0.8765843895930621,105,0.8732488325550367,,,,,,,,,,,,,
seed,letter,8,"A  paper cell (sigmoid/MSE, 50)",lr=64,0.8772515010006671,106,0.875917278185457,,,,,,,,,,,,,
seed,letter,8,"A  paper cell (sigmoid/MSE, 50)",lr=64,0.8842561707805203,107,0.8842561707805203,,,,,,,,,,,,,
summary,letter,8,"A  paper cell (sigmoid/MSE, 50)",lr=64,,,,87.79186124082722,0,,,,,,,,,,,
tune,letter,8,"A+ paper cell with Adam (sigmoid/MSE, 50)",lr=1e-05,0.11741160773849232,,,,,,,,,,,,,,,
tune,letter,8,"A+ paper cell with Adam (sigmoid/MSE, 50)",lr=3e-05,0.3575717144763175,,,,,,,,,,,,,,,
tune,letter,8,"A+ paper cell with Adam (sigmoid/MSE, 50)",lr=0.0001,0.6234156104069379,,,,,,,,,,,,,,,
tune,letter,8,"A+ paper cell with Adam (sigmoid/MSE, 50)",lr=0.0003,0.7488325550366911,,,,,,,,,,,,,,,
tune,letter,8,"A+ paper cell with Adam (sigmoid/MSE, 50)",lr=0.001,0.8305537024683122,,,,,,,,,,,,,,,
tune,letter,8,"A+ paper cell with Adam (sigmoid/MSE, 50)",lr=0.003,0.872248165443629,,,,,,,,,,,,,,,
tune,letter,8,"A+ paper cell with Adam (sigmoid/MSE, 50)",lr=0.01,0.8815877251501001,,,,,,,,,,,,,,,
tune,letter,8,"A+ paper cell with Adam (sigmoid/MSE, 50)",lr=0.03,0.8765843895930621,,,,,,,,,,,,,,,
tune,letter,8,"A+ paper cell with Adam (sigmoid/MSE, 50)",lr=0.1,0.3562374916611074,,,,,,,,,,,,,,,
tune,letter,8,"A+ paper cell with Adam (sigmoid/MSE, 50)",lr=0.3,0.037358238825883926,,,,,,,,,,,,,,,
seed,letter,8,"A+ paper cell with Adam (sigmoid/MSE, 50)",lr=0.01,0.8842561707805203,100,0.8825883922615076,,,,,,,,,,,,,
seed,letter,8,"A+ paper cell with Adam (sigmoid/MSE, 50)",lr=0.01,0.8805870580386924,101,0.8772515010006671,,,,,,,,,,,,,
seed,letter,8,"A+ paper cell with Adam (sigmoid/MSE, 50)",lr=0.01,0.8765843895930621,102,0.8879252835223482,,,,,,,,,,,,,
seed,letter,8,"A+ paper cell with Adam (sigmoid/MSE, 50)",lr=0.01,0.8755837224816544,103,0.8709139426284189,,,,,,,,,,,,,
seed,letter,8,"A+ paper cell with Adam (sigmoid/MSE, 50)",lr=0.01,0.8895930620413609,104,0.890927284856571,,,,,,,,,,,,,
seed,letter,8,"A+ paper cell with Adam (sigmoid/MSE, 50)",lr=0.01,0.8885923949299533,105,0.8865910607071381,,,,,,,,,,,,,
seed,letter,8,"A+ paper cell with Adam (sigmoid/MSE, 50)",lr=0.01,0.8855903935957304,106,0.8815877251501001,,,,,,,,,,,,,
seed,letter,8,"A+ paper cell with Adam (sigmoid/MSE, 50)",lr=0.01,0.8815877251501001,107,0.8865910607071381,,,,,,,,,,,,,
summary,letter,8,"A+ paper cell with Adam (sigmoid/MSE, 50)",lr=0.01,,,,88.30470313542362,0,,,,,,,,,,,
tune,letter,8,"B  modern, same size (ReLU/CE, 50)",lr=1e-05,0.361574382921948,,,,,,,,,,,,,,,
tune,letter,8,"B  modern, same size (ReLU/CE, 50)",lr=3e-05,0.6677785190126752,,,,,,,,,,,,,,,
tune,letter,8,"B  modern, same size (ReLU/CE, 50)",lr=0.0001,0.7941961307538359,,,,,,,,,,,,,,,
tune,letter,8,"B  modern, same size (ReLU/CE, 50)",lr=0.0003,0.8712474983322215,,,,,,,,,,,,,,,
tune,letter,8,"B  modern, same size (ReLU/CE, 50)",lr=0.001,0.9142761841227485,,,,,,,,,,,,,,,
tune,letter,8,"B  modern, same size (ReLU/CE, 50)",lr=0.003,0.9236157438292195,,,,,,,,,,,,,,,
tune,letter,8,"B  modern, same size (ReLU/CE, 50)",lr=0.01,0.9262841894596398,,,,,,,,,,,,,,,
tune,letter,8,"B  modern, same size (ReLU/CE, 50)",lr=0.03,0.9132755170113409,,,,,,,,,,,,,,,
tune,letter,8,"B  modern, same size (ReLU/CE, 50)",lr=0.1,0.7458305537024683,,,,,,,,,,,,,,,
tune,letter,8,"B  modern, same size (ReLU/CE, 50)",lr=0.3,0.21981320880587057,,,,,,,,,,,,,,,
seed,letter,8,"B  modern, same size (ReLU/CE, 50)",lr=0.01,0.9192795196797865,100,0.9202801867911942,,,,,,,,,,,,,
seed,letter,8,"B  modern, same size (ReLU/CE, 50)",lr=0.01,0.9262841894596398,101,0.9319546364242829,,,,,,,,,,,,,
seed,letter,8,"B  modern, same size (ReLU/CE, 50)",lr=0.01,0.9162775183455637,102,0.9242828552368245,,,,,,,,,,,,,
seed,letter,8,"B  modern, same size (ReLU/CE, 50)",lr=0.01,0.9216144096064043,103,0.9219479653102068,,,,,,,,,,,,,
seed,letter,8,"B  modern, same size (ReLU/CE, 50)",lr=0.01,0.9192795196797865,104,0.9206137424949966,,,,,,,,,,,,,
seed,letter,8,"B  modern, same size (ReLU/CE, 50)",lr=0.01,0.9322881921280853,105,0.928285523682455,,,,,,,,,,,,,
seed,letter,8,"B  modern, same size (ReLU/CE, 50)",lr=0.01,0.9179452968645764,106,0.9186124082721815,,,,,,,,,,,,,
seed,letter,8,"B  modern, same size (ReLU/CE, 50)",lr=0.01,0.9262841894596398,107,0.9306204136090727,,,,,,,,,,,,,
summary,letter,8,"B  modern, same size (ReLU/CE, 50)",lr=0.01,,,,92.45747164776517,0,,,,,,,,,,,
tune,letter,8,"C  modern, wider (ReLU/CE, 256)",lr=1e-05,0.6981320880587059,,,,,,,,,,,,,,,
tune,letter,8,"C  modern, wider (ReLU/CE, 256)",lr=3e-05,0.8098732488325551,,,,,,,,,,,,,,,
tune,letter,8,"C  modern, wider (ReLU/CE, 256)",lr=0.0001,0.8839226150767178,,,,,,,,,,,,,,,
tune,letter,8,"C  modern, wider (ReLU/CE, 256)",lr=0.0003,0.9319546364242829,,,,,,,,,,,,,,,
tune,letter,8,"C  modern, wider (ReLU/CE, 256)",lr=0.001,0.9509673115410273,,,,,,,,,,,,,,,
tune,letter,8,"C  modern, wider (ReLU/CE, 256)",lr=0.003,0.9462975316877918,,,,,,,,,,,,,,,
tune,letter,8,"C  modern, wider (ReLU/CE, 256)",lr=0.01,0.9523015343562375,,,,,,,,,,,,,,,
tune,letter,8,"C  modern, wider (ReLU/CE, 256)",lr=0.03,0.9346230820547031,,,,,,,,,,,,,,,
tune,letter,8,"C  modern, wider (ReLU/CE, 256)",lr=0.1,0.784856571047365,,,,,,,,,,,,,,,
tune,letter,8,"C  modern, wider (ReLU/CE, 256)",lr=0.3,0.15276851234156105,,,,,,,,,,,,,,,
seed,letter,8,"C  modern, wider (ReLU/CE, 256)",lr=0.01,0.9492995330220146,100,0.9546364242828552,,,,,,,,,,,,,
seed,letter,8,"C  modern, wider (ReLU/CE, 256)",lr=0.01,0.9459639759839893,101,0.9479653102068045,,,,,,,,,,,,,
seed,letter,8,"C  modern, wider (ReLU/CE, 256)",lr=0.01,0.9452968645763843,102,0.9462975316877918,,,,,,,,,,,,,
seed,letter,8,"C  modern, wider (ReLU/CE, 256)",lr=0.01,0.9529686457638425,103,0.9466310873915944,,,,,,,,,,,,,
seed,letter,8,"C  modern, wider (ReLU/CE, 256)",lr=0.01,0.946964643095397,104,0.9653102068045364,,,,,,,,,,,,,
seed,letter,8,"C  modern, wider (ReLU/CE, 256)",lr=0.01,0.95263509006004,105,0.962641761174116,,,,,,,,,,,,,
seed,letter,8,"C  modern, wider (ReLU/CE, 256)",lr=0.01,0.9509673115410273,106,0.9523015343562375,,,,,,,,,,,,,
seed,letter,8,"C  modern, wider (ReLU/CE, 256)",lr=0.01,0.9466310873915944,107,0.9543028685790527,,,,,,,,,,,,,
summary,letter,8,"C  modern, wider (ReLU/CE, 256)",lr=0.01,,,,95.37608405603736,0,,,,,,,,,,,
split_summary,letter,8,,,,,,,,87.79186124082722,95.37608405603736,7.58422281521014,0.5128418945964057,"C  modern, wider (ReLU/CE, 256)",,,,,,
tune,letter,9,"A  paper cell (sigmoid/MSE, 50)",lr=0.03125,0.08805870580386925,,,,,,,,,,,,,,,
tune,letter,9,"A  paper cell (sigmoid/MSE, 50)",lr=0.0625,0.12041360907271514,,,,,,,,,,,,,,,
tune,letter,9,"A  paper cell (sigmoid/MSE, 50)",lr=0.125,0.15877251501000667,,,,,,,,,,,,,,,
tune,letter,9,"A  paper cell (sigmoid/MSE, 50)",lr=0.25,0.223815877251501,,,,,,,,,,,,,,,
tune,letter,9,"A  paper cell (sigmoid/MSE, 50)",lr=0.5,0.4296197464976651,,,,,,,,,,,,,,,
tune,letter,9,"A  paper cell (sigmoid/MSE, 50)",lr=1,0.5980653769179453,,,,,,,,,,,,,,,
tune,letter,9,"A  paper cell (sigmoid/MSE, 50)",lr=2,0.7171447631754503,,,,,,,,,,,,,,,
tune,letter,9,"A  paper cell (sigmoid/MSE, 50)",lr=4,0.7678452301534356,,,,,,,,,,,,,,,
tune,letter,9,"A  paper cell (sigmoid/MSE, 50)",lr=8,0.8105403602401601,,,,,,,,,,,,,,,
tune,letter,9,"A  paper cell (sigmoid/MSE, 50)",lr=16,0.8488992661774516,,,,,,,,,,,,,,,
tune,letter,9,"A  paper cell (sigmoid/MSE, 50)",lr=32,0.8669112741827886,,,,,,,,,,,,,,,
tune,letter,9,"A  paper cell (sigmoid/MSE, 50)",lr=64,0.8812541694462975,,,,,,,,,,,,,,,
tune,letter,9,"A  paper cell (sigmoid/MSE, 50)",lr=128,0.28919279519679786,,,,,,,,,,,,,,,
tune,letter,9,"A  paper cell (sigmoid/MSE, 50)",lr=256,0.07871914609739826,,,,,,,,,,,,,,,
seed,letter,9,"A  paper cell (sigmoid/MSE, 50)",lr=64,0.8712474983322215,100,0.8822548365577051,,,,,,,,,,,,,
seed,letter,9,"A  paper cell (sigmoid/MSE, 50)",lr=64,0.8705803869246164,101,0.8805870580386924,,,,,,,,,,,,,
seed,letter,9,"A  paper cell (sigmoid/MSE, 50)",lr=64,0.8825883922615076,102,0.8882588392261508,,,,,,,,,,,,,
seed,letter,9,"A  paper cell (sigmoid/MSE, 50)",lr=64,0.880920613742495,103,0.8879252835223482,,,,,,,,,,,,,
seed,letter,9,"A  paper cell (sigmoid/MSE, 50)",lr=64,0.8869246164109407,104,0.8935957304869914,,,,,,,,,,,,,
seed,letter,9,"A  paper cell (sigmoid/MSE, 50)",lr=64,0.8632421614409607,105,0.8689126084056037,,,,,,,,,,,,,
seed,letter,9,"A  paper cell (sigmoid/MSE, 50)",lr=64,0.8805870580386924,106,0.8889259506337558,,,,,,,,,,,,,
seed,letter,9,"A  paper cell (sigmoid/MSE, 50)",lr=64,0.862241494329553,107,0.8725817211474316,,,,,,,,,,,,,
summary,letter,9,"A  paper cell (sigmoid/MSE, 50)",lr=64,,,,88.28802535023348,0,,,,,,,,,,,
tune,letter,9,"A+ paper cell with Adam (sigmoid/MSE, 50)",lr=1e-05,0.11641094062708472,,,,,,,,,,,,,,,
tune,letter,9,"A+ paper cell with Adam (sigmoid/MSE, 50)",lr=3e-05,0.3579052701801201,,,,,,,,,,,,,,,
tune,letter,9,"A+ paper cell with Adam (sigmoid/MSE, 50)",lr=0.0001,0.6134089392928619,,,,,,,,,,,,,,,
tune,letter,9,"A+ paper cell with Adam (sigmoid/MSE, 50)",lr=0.0003,0.7558372248165444,,,,,,,,,,,,,,,
tune,letter,9,"A+ paper cell with Adam (sigmoid/MSE, 50)",lr=0.001,0.8315543695797198,,,,,,,,,,,,,,,
tune,letter,9,"A+ paper cell with Adam (sigmoid/MSE, 50)",lr=0.003,0.8675783855903936,,,,,,,,,,,,,,,
tune,letter,9,"A+ paper cell with Adam (sigmoid/MSE, 50)",lr=0.01,0.8839226150767178,,,,,,,,,,,,,,,
tune,letter,9,"A+ paper cell with Adam (sigmoid/MSE, 50)",lr=0.03,0.8692461641094062,,,,,,,,,,,,,,,
tune,letter,9,"A+ paper cell with Adam (sigmoid/MSE, 50)",lr=0.1,0.6721147431621081,,,,,,,,,,,,,,,
tune,letter,9,"A+ paper cell with Adam (sigmoid/MSE, 50)",lr=0.3,0.08805870580386925,,,,,,,,,,,,,,,
seed,letter,9,"A+ paper cell with Adam (sigmoid/MSE, 50)",lr=0.01,0.8912608405603736,100,0.8969312875250167,,,,,,,,,,,,,
seed,letter,9,"A+ paper cell with Adam (sigmoid/MSE, 50)",lr=0.01,0.8719146097398266,101,0.8819212808539026,,,,,,,,,,,,,
seed,letter,9,"A+ paper cell with Adam (sigmoid/MSE, 50)",lr=0.01,0.8915943962641761,102,0.904603068712475,,,,,,,,,,,,,
seed,letter,9,"A+ paper cell with Adam (sigmoid/MSE, 50)",lr=0.01,0.885923949299533,103,0.8895930620413609,,,,,,,,,,,,,
seed,letter,9,"A+ paper cell with Adam (sigmoid/MSE, 50)",lr=0.01,0.885256837891928,104,0.8949299533022015,,,,,,,,,,,,,
seed,letter,9,"A+ paper cell with Adam (sigmoid/MSE, 50)",lr=0.01,0.8992661774516344,105,0.9079386257505003,,,,,,,,,,,,,
seed,letter,9,"A+ paper cell with Adam (sigmoid/MSE, 50)",lr=0.01,0.885923949299533,106,0.9016010673782522,,,,,,,,,,,,,
seed,letter,9,"A+ paper cell with Adam (sigmoid/MSE, 50)",lr=0.01,0.8805870580386924,107,0.8945963975983989,,,,,,,,,,,,,
summary,letter,9,"A+ paper cell with Adam (sigmoid/MSE, 50)",lr=0.01,,,,89.65143428952635,0,,,,,,,,,,,
tune,letter,9,"B  modern, same size (ReLU/CE, 50)",lr=1e-05,0.35590393595730485,,,,,,,,,,,,,,,
tune,letter,9,"B  modern, same size (ReLU/CE, 50)",lr=3e-05,0.671447631754503,,,,,,,,,,,,,,,
tune,letter,9,"B  modern, same size (ReLU/CE, 50)",lr=0.0001,0.7901934623082054,,,,,,,,,,,,,,,
tune,letter,9,"B  modern, same size (ReLU/CE, 50)",lr=0.0003,0.8612408272181454,,,,,,,,,,,,,,,
tune,letter,9,"B  modern, same size (ReLU/CE, 50)",lr=0.001,0.9102735156771181,,,,,,,,,,,,,,,
tune,letter,9,"B  modern, same size (ReLU/CE, 50)",lr=0.003,0.9296197464976651,,,,,,,,,,,,,,,
tune,letter,9,"B  modern, same size (ReLU/CE, 50)",lr=0.01,0.9266177451634423,,,,,,,,,,,,,,,
tune,letter,9,"B  modern, same size (ReLU/CE, 50)",lr=0.03,0.909606404269513,,,,,,,,,,,,,,,
tune,letter,9,"B  modern, same size (ReLU/CE, 50)",lr=0.1,0.7698465643762509,,,,,,,,,,,,,,,
tune,letter,9,"B  modern, same size (ReLU/CE, 50)",lr=0.3,0.19913275517011342,,,,,,,,,,,,,,,
seed,letter,9,"B  modern, same size (ReLU/CE, 50)",lr=0.003,0.9286190793862575,100,0.9356237491661107,,,,,,,,,,,,,
seed,letter,9,"B  modern, same size (ReLU/CE, 50)",lr=0.003,0.9202801867911942,101,0.9266177451634423,,,,,,,,,,,,,
seed,letter,9,"B  modern, same size (ReLU/CE, 50)",lr=0.003,0.9319546364242829,102,0.9352901934623082,,,,,,,,,,,,,
seed,letter,9,"B  modern, same size (ReLU/CE, 50)",lr=0.003,0.923282188125417,103,0.92895263509006,,,,,,,,,,,,,
seed,letter,9,"B  modern, same size (ReLU/CE, 50)",lr=0.003,0.9256170780520346,104,0.9342895263509006,,,,,,,,,,,,,
seed,letter,9,"B  modern, same size (ReLU/CE, 50)",lr=0.003,0.9319546364242829,105,0.933955970647098,,,,,,,,,,,,,
seed,letter,9,"B  modern, same size (ReLU/CE, 50)",lr=0.003,0.9226150767178118,106,0.9292861907938625,,,,,,,,,,,,,
seed,letter,9,"B  modern, same size (ReLU/CE, 50)",lr=0.003,0.9262841894596398,107,0.9306204136090727,,,,,,,,,,,,,
summary,letter,9,"B  modern, same size (ReLU/CE, 50)",lr=0.003,,,,93.18295530353569,0,,,,,,,,,,,
tune,letter,9,"C  modern, wider (ReLU/CE, 256)",lr=1e-05,0.6964643095396932,,,,,,,,,,,,,,,
tune,letter,9,"C  modern, wider (ReLU/CE, 256)",lr=3e-05,0.8045363575717145,,,,,,,,,,,,,,,
tune,letter,9,"C  modern, wider (ReLU/CE, 256)",lr=0.0001,0.8892595063375583,,,,,,,,,,,,,,,
tune,letter,9,"C  modern, wider (ReLU/CE, 256)",lr=0.0003,0.9329553035356905,,,,,,,,,,,,,,,
tune,letter,9,"C  modern, wider (ReLU/CE, 256)",lr=0.001,0.9506337558372249,,,,,,,,,,,,,,,
tune,letter,9,"C  modern, wider (ReLU/CE, 256)",lr=0.003,0.9573048699132756,,,,,,,,,,,,,,,
tune,letter,9,"C  modern, wider (ReLU/CE, 256)",lr=0.01,0.9533022014676451,,,,,,,,,,,,,,,
tune,letter,9,"C  modern, wider (ReLU/CE, 256)",lr=0.03,0.9486324216144096,,,,,,,,,,,,,,,
tune,letter,9,"C  modern, wider (ReLU/CE, 256)",lr=0.1,0.7911941294196131,,,,,,,,,,,,,,,
tune,letter,9,"C  modern, wider (ReLU/CE, 256)",lr=0.3,0.24416277518345564,,,,,,,,,,,,,,,
seed,letter,9,"C  modern, wider (ReLU/CE, 256)",lr=0.003,0.951967978652435,100,0.9589726484322882,,,,,,,,,,,,,
seed,letter,9,"C  modern, wider (ReLU/CE, 256)",lr=0.003,0.9379586390927285,101,0.9386257505003336,,,,,,,,,,,,,
seed,letter,9,"C  modern, wider (ReLU/CE, 256)",lr=0.003,0.9579719813208806,102,0.9596397598398932,,,,,,,,,,,,,
seed,letter,9,"C  modern, wider (ReLU/CE, 256)",lr=0.003,0.957638425617078,103,0.9609739826551034,,,,,,,,,,,,,
seed,letter,9,"C  modern, wider (ReLU/CE, 256)",lr=0.003,0.9516344229486324,104,0.9609739826551034,,,,,,,,,,,,,
seed,letter,9,"C  modern, wider (ReLU/CE, 256)",lr=0.003,0.9506337558372249,105,0.9596397598398932,,,,,,,,,,,,,
seed,letter,9,"C  modern, wider (ReLU/CE, 256)",lr=0.003,0.9489659773182122,106,0.947631754503002,,,,,,,,,,,,,
seed,letter,9,"C  modern, wider (ReLU/CE, 256)",lr=0.003,0.9573048699132756,107,0.9613075383589059,,,,,,,,,,,,,
summary,letter,9,"C  modern, wider (ReLU/CE, 256)",lr=0.003,,,,95.59706470980653,0,,,,,,,,,,,
split_summary,letter,9,,,,,,,,88.28802535023348,95.59706470980653,7.309039359573049,1.3634089392928672,"C  modern, wider (ReLU/CE, 256)",,,,,,
across_splits,letter,,,,,,,,,,,,,,10,8.057871914609741,8.209639759839888,0.45917028423185763,7.309039359573049,8.555703802535021
