section,alpha,scale,predicted,eps,max_relative_error_by_subtraction,observed,max_relative_error,normwise_relative_error,n_coordinates,n_below_floor,epochs,weight_divergence,multiplier_roundtrip_error
A,0.4,0.01,0.15848931924611134,1e-12,3.633562339899754e-10,0.15848931924611134,1.786792935831727e-12,3.3542451911386373e-16,1510,220,,,
A,0.4,0.1,0.39810717055349726,1e-12,2.922311281849943e-10,0.39810717055349726,1.695754647812464e-12,3.675025311045155e-16,1510,220,,,
A,0.4,0.5,0.757858283255199,1e-12,5.1392667899108346e-11,0.757858283255199,4.440892098500626e-16,1.22381902848286e-16,1510,220,,,
A,0.4,1.0,1.0,1e-12,0.0,1.0,0.0,0.0,1510,220,,,
A,0.4,2.0,1.3195079107728942,1e-12,1.5856937984892738e-10,1.3195079107728942,4.440892098500626e-16,1.116437535245376e-16,1510,220,,,
A,0.4,10.0,2.51188643150958,1e-12,1.1729095472645668e-10,2.51188643150958,3.4572344986827375e-13,3.641693499032039e-16,1510,220,,,
A,0.4,100.0,6.309573444801933,1e-12,6.658829043715286e-11,6.309573444801933,5.024869409453459e-13,3.2421212703083637e-16,1510,220,,,
A,0.8,0.01,0.025118864315095798,1e-12,9.699774317084575e-10,0.025118864315095798,1.786792935831727e-12,3.311378042519738e-16,1510,220,,,
A,0.8,0.1,0.15848931924611134,1e-12,2.0422086244309412e-10,0.15848931924611134,1.6959766924173891e-12,3.3762723635015278e-16,1510,220,,,
A,0.8,0.5,0.5743491774985174,1e-12,5.373745892711668e-11,0.5743491774985174,4.440892098500626e-16,1.3363156665198856e-16,1510,220,,,
A,0.8,1.0,1.0,1e-12,0.0,1.0,0.0,0.0,1510,220,,,
A,0.8,2.0,1.7411011265922482,1e-12,2.7105095945501034e-11,1.7411011265922482,4.440892098500626e-16,1.1229895821845863e-16,1510,220,,,
A,0.8,10.0,6.309573444801933,1e-12,3.044453578127104e-11,6.309573444801933,3.4572344986827375e-13,3.3903539319537016e-16,1510,220,,,
A,0.8,100.0,39.810717055349734,1e-12,3.7740699454502646e-11,39.810717055349734,5.024869409453459e-13,3.1736722967376176e-16,1510,220,,,
A,1.0,0.01,0.01,1e-12,8.18522671863775e-09,0.01,1.786792935831727e-12,3.1056882321166396e-16,1510,220,,,
A,1.0,0.1,0.1,1e-12,1.1693181978245093e-09,0.1,1.695754647812464e-12,3.2232638482947437e-16,1510,220,,,
A,1.0,0.5,0.5,1e-12,2.338635951559809e-10,0.5,0.0,0.0,1510,220,,,
A,1.0,1.0,1.0,1e-12,0.0,1.0,0.0,0.0,1510,220,,,
A,1.0,2.0,2.0,1e-12,1.1693179757799044e-10,2.0,0.0,0.0,1510,220,,,
A,1.0,10.0,10.0,1e-12,7.015898972895229e-11,10.0,3.4572344986827375e-13,3.224753897256262e-16,1510,220,,,
A,1.0,100.0,100.0,1e-12,6.548184217081143e-11,100.0,5.024869409453459e-13,3.053108600512983e-16,1510,220,,,
A,1.3,0.01,0.00251188643150958,1e-12,2.751866778893941e-08,0.0025118864315095794,1.786792935831727e-12,3.705976648671417e-16,1510,220,,,
A,1.3,0.1,0.05011872336272723,1e-12,1.4922216795554277e-09,0.05011872336272723,1.6959766924173891e-12,3.94029648952642e-16,1510,220,,,
A,1.3,0.5,0.40612619817811774,1e-12,1.1943002142800196e-10,0.40612619817811774,4.440892098500626e-16,1.0758814462357083e-16,1510,220,,,
A,1.3,1.0,1.0,1e-12,0.0,1.0,0.0,0.0,1510,220,,,
A,1.3,2.0,2.4622888266898326,1e-12,8.716027899424716e-11,2.4622888266898326,4.440892098500626e-16,1.16494026502713e-16,1510,220,,,
A,1.3,10.0,19.952623149688797,1e-12,8.133738127469314e-11,19.952623149688797,3.459454944731988e-13,4.2645666612682646e-16,1510,220,,,
A,1.3,100.0,398.1071705534973,1e-12,8.076461721628903e-11,398.1071705534973,5.024869409453459e-13,4.0855766870880894e-16,1510,220,,,
B,0.4,0.01,0.15848931924611134,0.01,,0.07131998543491984,0.5500013138161737,0.5500013138161691,1510,220,,,
B,0.4,0.1,0.39810717055349726,0.01,,0.39810717055349726,1.695754647812464e-12,3.675234200108203e-16,1510,220,,,
B,0.4,0.5,0.757858283255199,0.01,,0.757858283255199,4.440892098500626e-16,1.224851273206165e-16,1510,220,,,
B,0.4,1.0,1.0,0.01,,1.0,0.0,0.0,1510,220,,,
B,0.4,2.0,1.3195079107728942,0.01,,1.3195079107728942,4.440892098500626e-16,1.116370001348231e-16,1510,220,,,
B,0.4,10.0,2.51188643150958,0.01,,2.51188643150958,3.4572344986827375e-13,3.642248104121297e-16,1510,220,,,
B,0.4,100.0,6.309573444801933,0.01,,6.309573444801933,5.024869409453459e-13,3.2438084352862857e-16,1510,220,,,
B,0.8,0.01,0.025118864315095798,0.01,,0.01924880392275392,0.23369131337734528,0.2336913133773377,1510,220,,,
B,0.8,0.1,0.15848931924611134,0.01,,0.15848931924611134,1.6959766924173891e-12,3.383981231434016e-16,1510,220,,,
B,0.8,0.5,0.5743491774985174,0.01,,0.5743491774985174,4.440892098500626e-16,1.354686247619859e-16,1510,220,,,
B,0.8,1.0,1.0,0.01,,1.0,0.0,0.0,1510,220,,,
B,0.8,2.0,1.7411011265922482,0.01,,1.7411011265922482,4.440892098500626e-16,1.1259612413625983e-16,1510,220,,,
B,0.8,10.0,6.309573444801933,0.01,,6.309573444801933,3.4572344986827375e-13,3.4033629086183616e-16,1510,220,,,
B,0.8,100.0,39.810717055349734,0.01,,39.810717055349734,5.024869409453459e-13,3.1810807025093765e-16,1510,220,,,
C,0.4,0.1,,,,,,,,,1,5.551115123125783e-16,0.0
C,0.4,0.1,,,,,,,,,2,1.1102230246251565e-15,0.0
C,0.4,0.1,,,,,,,,,5,3.1086244689504383e-15,0.0
C,0.4,0.1,,,,,,,,,10,2.156942159603492e-13,0.0
C,0.4,0.1,,,,,,,,,25,1.852192790066085,0.0
C,0.4,10.0,,,,,,,,,1,4.440892098500626e-16,1.1102230246251565e-16
C,0.4,10.0,,,,,,,,,2,6.661338147750939e-16,1.1102230246251565e-16
C,0.4,10.0,,,,,,,,,5,3.3306690738754696e-15,1.1102230246251565e-16
C,0.4,10.0,,,,,,,,,10,2.2921356652993996e-13,1.1102230246251565e-16
C,0.4,10.0,,,,,,,,,25,2.2185882554420457,1.1102230246251565e-16
C,0.8,0.1,,,,,,,,,1,4.440892098500626e-16,0.0
C,0.8,0.1,,,,,,,,,2,1.9914625504213745e-15,0.0
C,0.8,0.1,,,,,,,,,5,2.3000698567976485e-14,0.0
C,0.8,0.1,,,,,,,,,10,1.507876289108534e-12,0.0
C,0.8,0.1,,,,,,,,,25,9.181503364518936e-06,0.0
C,0.8,10.0,,,,,,,,,1,4.2327252813834093e-16,0.0
C,0.8,10.0,,,,,,,,,2,1.987993103469421e-15,0.0
C,0.8,10.0,,,,,,,,,5,9.0951551845464e-15,0.0
C,0.8,10.0,,,,,,,,,10,1.1854653543530436e-12,0.0
C,0.8,10.0,,,,,,,,,25,9.689883957808218e-06,0.0
C,1.3,0.1,,,,,,,,,1,1.7555401576885288e-14,0.0
C,1.3,0.1,,,,,,,,,2,1.5515366769136563e-14,0.0
C,1.3,0.1,,,,,,,,,5,2.9624173947251364e-09,0.0
C,1.3,0.1,,,,,,,,,10,0.016583106541222616,0.0
C,1.3,0.1,,,,,,,,,25,0.08740361793245174,0.0
C,1.3,10.0,,,,,,,,,1,6.308495392737257e-14,1.1102230246251565e-16
C,1.3,10.0,,,,,,,,,2,3.790717739704519e-14,1.1102230246251565e-16
C,1.3,10.0,,,,,,,,,5,1.685146312768726e-08,1.1102230246251565e-16
C,1.3,10.0,,,,,,,,,10,0.020372043087674138,1.1102230246251565e-16
C,1.3,10.0,,,,,,,,,25,0.0937524523587619,1.1102230246251565e-16
