stage,coefficient,method,train,val,test,mse,phi,seconds,diverged,setting,grid_edge
sweep,0.2,gradient descent,0.8677454545454546,0.901,0.878,0.029170900545202386,nan,16.16501235961914,False,,
sweep,0.2,KarciFANN,0.9519090909090909,0.9584,0.9486,0.008788203327624618,9.662857445726491,30.783182382583618,False,,
sweep,0.2,Caputo-Fabrizio,0.8314,0.8686,0.8449,0.03293002539582497,0.06112411210780452,22.798705339431763,False,,
sweep,0.2,Caputo,0.8617454545454546,0.896,0.8722,0.02799847919328174,0.09262461046441613,28.915400743484497,False,,
sweep,0.4,gradient descent,0.8926181818181819,0.9216,0.9014,0.02096161831246138,nan,16.638993501663208,False,,
sweep,0.4,KarciFANN,0.9483090909090909,0.9594,0.9494,0.009162965630370088,4.069863146709396,31.300020933151245,False,,
sweep,0.4,Caputo-Fabrizio,0.8589454545454546,0.892,0.8689,0.028272369871316944,0.08095022232876285,23.19006323814392,False,,
sweep,0.4,Caputo,0.8835272727272727,0.915,0.8922,0.022536446308832718,0.17064198887518775,28.68972134590149,False,,
sweep,0.6,gradient descent,0.9036,0.9292,0.9113,0.017910834041241157,nan,16.496188163757324,False,,
sweep,0.6,KarciFANN,0.9360727272727273,0.9522,0.9391,0.011061693616037116,1.8400404606381,31.382757663726807,False,,
sweep,0.6,Caputo-Fabrizio,0.8765636363636363,0.909,0.8856,0.02398895894341416,0.11861538121571813,22.866001844406128,False,,
sweep,0.6,Caputo,0.8967272727272727,0.9226,0.9043,0.01917709536876552,0.31315694582449505,28.1074800491333,False,,
sweep,0.8,gradient descent,0.911,0.9346,0.9169,0.01615405510412831,nan,16.091354608535767,False,,
sweep,0.8,KarciFANN,0.9256363636363636,0.9452,0.931,0.013003116746109673,1.30541566157196,30.8043851852417,False,,
sweep,0.8,Caputo-Fabrizio,0.892090909090909,0.919,0.9006,0.02030259136222571,0.2171041044719199,22.69110655784607,False,,
sweep,0.8,Caputo,0.9078363636363637,0.9318,0.913,0.016678451156041878,0.5725029344221348,28.547908067703247,False,,
sweep,0.95,gradient descent,0.9153636363636364,0.937,0.9218,0.015208593369114797,nan,16.374391555786133,False,,
sweep,0.95,KarciFANN,0.9187454545454545,0.9392,0.9246,0.014451266913724056,1.0608717357879203,30.76162099838257,False,,
sweep,0.95,Caputo-Fabrizio,0.9050181818181818,0.9316,0.9111,0.01738399146324993,0.5278406849193485,22.725345134735107,False,,
sweep,0.95,Caputo,0.9144545454545454,0.9368,0.9209,0.01530998420306783,0.8754763474427134,28.172637939453125,False,,
sweep,1.0,gradient descent,0.9164909090909091,0.9376,0.9232,0.01493816621076448,nan,16.25228500366211,False,,
sweep,1.0,KarciFANN,0.9164909090909091,0.9376,0.9232,0.01493816621076448,1.0,18.63899803161621,False,,
sweep,1.0,Caputo-Fabrizio,0.9164909090909091,0.9376,0.9232,0.01493816621076448,1.0,19.163699865341187,False,,
sweep,1.0,Caputo,0.9164909090909091,0.9376,0.9232,0.01493816621076448,1.0,19.211934328079224,False,,
sweep,1.4,gradient descent,0.9248909090909091,0.9448,0.9294,0.013279883519977538,nan,16.329748153686523,False,,
sweep,1.4,KarciFANN,0.9026,0.93,0.9112,0.018761292467897855,0.7420822095897793,31.074551820755005,False,,
tune,,gradient descent,0.8988727272727273,0.9274,0.9065,0.019179917397100642,nan,16.101540327072144,False,lr=0.5,
tune,,gradient descent,0.9164909090909091,0.9376,0.9232,0.01493816621076448,nan,16.185027360916138,False,lr=1,
tune,,gradient descent,0.9329818181818181,0.9502,0.936,0.011709178069585957,nan,16.084377765655518,False,lr=2,
tune,,gradient descent,0.9495636363636364,0.96,0.9483,0.009009279948555823,nan,16.04200768470764,False,lr=4,
tune,,gradient descent,0.9638909090909091,0.9684,0.9593,0.006645246412489434,nan,16.03054904937744,False,lr=8,
tune,,gradient descent,0.9742,0.9738,0.967,0.004898018141372916,nan,16.222590923309326,False,lr=16,
tune,,gradient descent,0.9744363636363637,0.969,0.9647,0.004674905985567758,nan,15.669621706008911,False,lr=32,
tune,,gradient descent,0.10192727272727273,0.1,0.1024,0.09999999951609348,nan,15.11564564704895,False,lr=64,
best,,gradient descent,0.9742,0.9738,0.967,0.004898018141372916,nan,16.222590923309326,False,lr=16,0
tune,,KarciFANN,0.9274363636363636,0.9466,0.9307,0.012733577143245635,2.396363883473637,30.810224771499634,False,"alpha=0.4, scale=0.5",
tune,,KarciFANN,0.9483090909090909,0.9594,0.9494,0.009162965630370088,4.069863146709396,31.288509607315063,False,"alpha=0.4, scale=1",
tune,,KarciFANN,0.9639818181818182,0.9668,0.9594,0.006635274223219855,6.0504065935561595,31.060024738311768,False,"alpha=0.4, scale=2",
tune,,KarciFANN,0.9708909090909091,0.9686,0.9641,0.005454593072867692,13.119029412361934,30.983439207077026,False,"alpha=0.4, scale=4",
tune,,KarciFANN,0.9648909090909091,0.9646,0.9567,0.007172367680744606,6.753987275313441,31.160231113433838,False,"alpha=0.4, scale=8",
tune,,KarciFANN,0.9666181818181818,0.9686,0.9602,0.006693747293254784,7.574132569295103,34.842142820358276,False,"alpha=0.4, scale=16",
tune,,KarciFANN,0.959690909090909,0.964,0.9569,0.007733950907076525,5.2394568248881415,31.697418212890625,False,"alpha=0.4, scale=32",
tune,,KarciFANN,0.926290909090909,0.9384,0.9297,0.014333243667213164,7.513846152841995,31.298686504364014,False,"alpha=0.4, scale=64",
tune,,KarciFANN,0.9146181818181818,0.9366,0.9199,0.014972608034532141,1.5762372608307094,31.643701791763306,False,"alpha=0.6, scale=0.5",
tune,,KarciFANN,0.9360727272727273,0.9522,0.9391,0.011061693616037116,1.8400404606381,31.62192726135254,False,"alpha=0.6, scale=1",
tune,,KarciFANN,0.9560181818181818,0.9644,0.954,0.007943871528064191,3.013274019469233,31.731903553009033,False,"alpha=0.6, scale=2",
tune,,KarciFANN,0.9698545454545454,0.9736,0.964,0.005458523397412808,3.7498966858762866,31.670316457748413,False,"alpha=0.6, scale=4",
tune,,KarciFANN,0.9757818181818182,0.975,0.9659,0.004513772279053107,4.046370053588507,31.617031574249268,False,"alpha=0.6, scale=8",
tune,,KarciFANN,0.9745090909090909,0.9706,0.9636,0.004802338022732099,3.7524084117664365,31.83745503425598,False,"alpha=0.6, scale=16",
tune,,KarciFANN,0.9735818181818182,0.9716,0.9626,0.005083449329789686,7.820852391784414,33.05268597602844,False,"alpha=0.6, scale=32",
tune,,KarciFANN,0.868,0.869,0.8632,0.016870056968848027,1.7779019990391645,33.288029193878174,False,"alpha=0.6, scale=64",
tune,,KarciFANN,0.9063818181818182,0.9302,0.9117,0.01703111152157107,1.206393475292204,32.859785318374634,False,"alpha=0.8, scale=0.5",
tune,,KarciFANN,0.9256363636363636,0.9452,0.931,0.013003116746109673,1.30541566157196,31.380974292755127,False,"alpha=0.8, scale=1",
tune,,KarciFANN,0.9445818181818182,0.9566,0.9455,0.009778400193320932,1.4326081546643783,30.859394073486328,False,"alpha=0.8, scale=2",
tune,,KarciFANN,0.9612909090909091,0.9686,0.9584,0.007031571600601576,1.8057521094464168,30.96641993522644,False,"alpha=0.8, scale=4",
tune,,KarciFANN,0.973690909090909,0.9748,0.9663,0.004958511852652262,1.9558027789660268,31.737903118133545,False,"alpha=0.8, scale=8",
tune,,KarciFANN,0.9782909090909091,0.9754,0.966,0.004077125712161047,2.6942041099114,33.40575695037842,False,"alpha=0.8, scale=16",
tune,,KarciFANN,0.9804909090909091,0.9768,0.9662,0.0037851754836099034,2.810559914425228,31.67225956916809,False,"alpha=0.8, scale=32",
tune,,KarciFANN,0.1112909090909091,0.1202,0.1089,0.09999999285563056,0.8238585507590885,30.97117805480957,False,"alpha=0.8, scale=64",
tune,,KarciFANN,0.9005818181818182,0.9276,0.9082,0.018635351610428414,1.0405169018993576,31.91903257369995,False,"alpha=0.95, scale=0.5",
tune,,KarciFANN,0.9187454545454545,0.9392,0.9246,0.014451266913724056,1.0608717357879203,33.02615141868591,False,"alpha=0.95, scale=1",
tune,,KarciFANN,0.9357636363636364,0.9516,0.9384,0.011244183680608736,1.0814934613653897,31.450260639190674,False,"alpha=0.95, scale=2",
tune,,KarciFANN,0.9522727272727273,0.962,0.9505,0.008523326064635578,1.1203285910699026,31.653197288513184,False,"alpha=0.95, scale=4",
tune,,KarciFANN,0.9666363636363636,0.9706,0.9613,0.006213303918130433,1.1742393355659924,31.577287912368774,False,"alpha=0.95, scale=8",
tune,,KarciFANN,0.9752909090909091,0.9738,0.9651,0.004655528774929462,1.213814480923315,32.022079944610596,False,"alpha=0.95, scale=16",
tune,,KarciFANN,0.9783818181818181,0.9732,0.9681,0.0041468780670324895,1.2233378728763225,32.613215923309326,False,"alpha=0.95, scale=32",
tune,,KarciFANN,0.1878,0.1864,0.1833,0.08192511485305154,0.9824249131051661,31.323540925979614,False,"alpha=0.95, scale=64",
tune,,KarciFANN,0.8988727272727273,0.9274,0.9065,0.019179917397100642,1.0,19.90990924835205,False,"alpha=1.0, scale=0.5",
tune,,KarciFANN,0.9164909090909091,0.9376,0.9232,0.01493816621076448,1.0,19.189141035079956,False,"alpha=1.0, scale=1",
tune,,KarciFANN,0.9329818181818181,0.9502,0.936,0.011709178069585957,1.0,19.320780992507935,False,"alpha=1.0, scale=2",
tune,,KarciFANN,0.9495636363636364,0.96,0.9483,0.009009279948555823,1.0,19.245139122009277,False,"alpha=1.0, scale=4",
tune,,KarciFANN,0.9638909090909091,0.9684,0.9593,0.006645246412489434,1.0,19.104480504989624,False,"alpha=1.0, scale=8",
tune,,KarciFANN,0.9742,0.9738,0.967,0.004898018141372916,1.0,18.870383262634277,False,"alpha=1.0, scale=16",
tune,,KarciFANN,0.9744363636363637,0.969,0.9647,0.004674905985567758,1.0,18.518495798110962,False,"alpha=1.0, scale=32",
tune,,KarciFANN,0.10192727272727273,0.1,0.1024,0.09999999951609348,1.0,17.787168502807617,False,"alpha=1.0, scale=64",
best,,KarciFANN,0.9804909090909091,0.9768,0.9662,0.0037851754836099034,2.810559914425228,31.67225956916809,False,"alpha=0.8, scale=32",0
tune,,Caputo-Fabrizio,0.7411454545454546,0.7842,0.7546,0.04674878264831151,0.07646101049092989,22.474270343780518,False,"alpha=0.4, lr=0.5",
tune,,Caputo-Fabrizio,0.8589454545454546,0.892,0.8689,0.028272369871316944,0.08095022232876285,22.50485134124756,False,"alpha=0.4, lr=1",
tune,,Caputo-Fabrizio,0.8922181818181818,0.9208,0.901,0.019752195522788712,0.0853139072075296,22.596705436706543,False,"alpha=0.4, lr=2",
tune,,Caputo-Fabrizio,0.9135090909090909,0.9362,0.918,0.01560335033456566,0.0898449495573446,22.381896257400513,False,"alpha=0.4, lr=4",
tune,,Caputo-Fabrizio,0.9313272727272728,0.9478,0.9333,0.012155350649793478,0.09567679066722634,22.339070320129395,False,"alpha=0.4, lr=8",
tune,,Caputo-Fabrizio,0.946,0.957,0.946,0.009493797865553938,0.10291032581846958,22.266952514648438,False,"alpha=0.4, lr=16",
tune,,Caputo-Fabrizio,0.9569090909090909,0.9644,0.9545,0.007804067279007989,0.11103430560726456,22.257875204086304,False,"alpha=0.4, lr=32",
tune,,Caputo-Fabrizio,0.9626727272727272,0.9664,0.9585,0.0071223004768562245,0.1150814578269482,22.349268436431885,False,"alpha=0.4, lr=64",
tune,,Caputo-Fabrizio,0.8096181818181818,0.8474,0.8237,0.037524515592808456,0.11311365331535896,22.353368997573853,False,"alpha=0.6, lr=0.5",
tune,,Caputo-Fabrizio,0.8765636363636363,0.909,0.8856,0.02398895894341416,0.11861538121571813,22.35381031036377,False,"alpha=0.6, lr=1",
tune,,Caputo-Fabrizio,0.9016909090909091,0.9276,0.9071,0.018021262238433658,0.12406550497258266,22.44996953010559,False,"alpha=0.6, lr=2",
tune,,Caputo-Fabrizio,0.9209636363636363,0.9398,0.926,0.014165863499736905,0.13032315383942317,22.45133352279663,False,"alpha=0.6, lr=4",
tune,,Caputo-Fabrizio,0.9376727272727273,0.953,0.9388,0.010993527640454285,0.13812214679216678,22.43645215034485,False,"alpha=0.6, lr=8",
tune,,Caputo-Fabrizio,0.9523818181818182,0.963,0.9519,0.008570183455164183,0.14658219429119174,22.469831705093384,False,"alpha=0.6, lr=16",
tune,,Caputo-Fabrizio,0.9647636363636364,0.9684,0.9599,0.006583124129431175,0.15423696314257873,22.609991788864136,False,"alpha=0.6, lr=32",
tune,,Caputo-Fabrizio,0.9636181818181818,0.966,0.9585,0.006800437788941154,0.15345692973289088,22.352062225341797,False,"alpha=0.6, lr=64",
tune,,Caputo-Fabrizio,0.8631818181818182,0.8968,0.8728,0.028496303788484167,0.20987403680085062,24.69060254096985,False,"alpha=0.8, lr=0.5",
tune,,Caputo-Fabrizio,0.892090909090909,0.919,0.9006,0.02030259136222571,0.2171041044719199,23.141763925552368,False,"alpha=0.8, lr=1",
tune,,Caputo-Fabrizio,0.9119636363636363,0.9352,0.9164,0.015842156088951783,0.2247527131529197,26.681490421295166,False,"alpha=0.8, lr=2",
tune,,Caputo-Fabrizio,0.9298909090909091,0.9488,0.9336,0.01245162648846519,0.2332402679363693,26.87947964668274,False,"alpha=0.8, lr=4",
tune,,Caputo-Fabrizio,0.9462181818181818,0.9592,0.9485,0.009623986998599262,0.24186273468803038,25.723444938659668,False,"alpha=0.8, lr=8",
tune,,Caputo-Fabrizio,0.9598727272727273,0.9658,0.9582,0.007413150353391608,0.24783350619692474,23.519105195999146,False,"alpha=0.8, lr=16",
tune,,Caputo-Fabrizio,0.9628545454545454,0.9666,0.9601,0.00671210461946177,0.2460842919845976,23.149988889694214,False,"alpha=0.8, lr=32",
tune,,Caputo-Fabrizio,0.9626181818181818,0.9666,0.9524,0.006894691747770162,0.23068606440168882,26.370375156402588,False,"alpha=0.8, lr=64",
tune,,Caputo-Fabrizio,0.8869272727272727,0.916,0.8971,0.022377809857669437,0.5294439821632908,27.04340362548828,False,"alpha=0.95, lr=0.5",
tune,,Caputo-Fabrizio,0.9050181818181818,0.9316,0.9111,0.01738399146324993,0.5278406849193485,23.307590007781982,False,"alpha=0.95, lr=1",
tune,,Caputo-Fabrizio,0.9224181818181818,0.9422,0.9264,0.013865617081714379,0.5249946238361195,23.007274627685547,False,"alpha=0.95, lr=2",
tune,,Caputo-Fabrizio,0.9392545454545455,0.9548,0.9405,0.010889666738614695,0.518555005478769,22.845074892044067,False,"alpha=0.95, lr=4",
tune,,Caputo-Fabrizio,0.9529636363636363,0.9632,0.9527,0.008451838649842796,0.5055703717011107,22.851566553115845,False,"alpha=0.95, lr=8",
tune,,Caputo-Fabrizio,0.961690909090909,0.9662,0.9581,0.0068597588671449015,0.4773496555820271,23.974725246429443,False,"alpha=0.95, lr=16",
tune,,Caputo-Fabrizio,0.9627454545454546,0.9674,0.9597,0.006515628066330391,0.44505903761078575,23.534669399261475,False,"alpha=0.95, lr=32",
tune,,Caputo-Fabrizio,0.28507272727272726,0.2826,0.2839,0.07267893139762434,0.4751328688325468,23.583568811416626,False,"alpha=0.95, lr=64",
best,,Caputo-Fabrizio,0.9647636363636364,0.9684,0.9599,0.006583124129431175,0.15423696314257873,22.609991788864136,False,"alpha=0.6, lr=32",0
tune,,Caputo,0.8354363636363636,0.8722,0.8489,0.03424844687636372,0.1669600330554806,29.52320170402527,False,"alpha=0.4, lr=0.5",
tune,,Caputo,0.8835272727272727,0.915,0.8922,0.022536446308832718,0.17064198887518775,29.310847282409668,False,"alpha=0.4, lr=1",
tune,,Caputo,0.9056,0.9282,0.9105,0.017163610028899892,0.17454522211427892,28.39047884941101,False,"alpha=0.4, lr=2",
tune,,Caputo,0.9243272727272728,0.9446,0.9289,0.01336970298055794,0.17919839199962534,28.351991653442383,False,"alpha=0.4, lr=4",
tune,,Caputo,0.9417636363636364,0.955,0.943,0.010330816086624872,0.18475737954981228,28.39228844642639,False,"alpha=0.4, lr=8",
tune,,Caputo,0.9555818181818182,0.9646,0.9548,0.007959799967329043,0.18992394231873622,28.38733196258545,False,"alpha=0.4, lr=16",
tune,,Caputo,0.9668181818181818,0.9696,0.961,0.006073803263359522,0.19406453691498193,28.440219163894653,False,"alpha=0.4, lr=32",
tune,,Caputo,0.9698545454545454,0.9702,0.9628,0.0055714991307670705,0.1948549713605241,28.322240352630615,False,"alpha=0.4, lr=64",
tune,,Caputo,0.8723636363636363,0.9048,0.882,0.026611867526472203,0.30835164341815147,28.273641109466553,False,"alpha=0.6, lr=0.5",
tune,,Caputo,0.8967272727272727,0.9226,0.9043,0.01917709536876552,0.31315694582449505,28.411598682403564,False,"alpha=0.6, lr=1",
tune,,Caputo,0.9154181818181818,0.9366,0.9209,0.01488676836955786,0.3188274647574953,28.389084100723267,False,"alpha=0.6, lr=2",
tune,,Caputo,0.933490909090909,0.95,0.9378,0.011553072029683403,0.32576029922943867,28.46295976638794,False,"alpha=0.6, lr=4",
tune,,Caputo,0.9506909090909091,0.9608,0.9504,0.008745946561640116,0.33219089615567843,28.69682025909424,False,"alpha=0.6, lr=8",
tune,,Caputo,0.9648909090909091,0.9708,0.9614,0.006383477149847245,0.33819046183847096,28.551289796829224,False,"alpha=0.6, lr=16",
tune,,Caputo,0.9733272727272727,0.9744,0.9646,0.00492714514439081,0.3403788544453622,28.28769588470459,False,"alpha=0.6, lr=32",
tune,,Caputo,0.9737818181818182,0.9696,0.9622,0.004683021655398769,0.34693177097522887,28.17749047279358,False,"alpha=0.6, lr=64",
tune,,Caputo,0.8889272727272727,0.9182,0.8991,0.02194587517451747,0.5661096275012941,29.63047218322754,False,"alpha=0.8, lr=0.5",
tune,,Caputo,0.9078363636363637,0.9318,0.913,0.016678451156041878,0.5725029344221348,29.104125261306763,False,"alpha=0.8, lr=1",
tune,,Caputo,0.9257090909090909,0.9454,0.9307,0.013020334883665375,0.5802624050090027,28.846364974975586,False,"alpha=0.8, lr=2",
tune,,Caputo,0.9434,0.9548,0.9453,0.010015057388746937,0.5890055704197248,32.30926251411438,False,"alpha=0.8, lr=4",
tune,,Caputo,0.9594181818181818,0.9662,0.9569,0.007394732476318736,0.59829629187076,34.45961046218872,False,"alpha=0.8, lr=8",
tune,,Caputo,0.9714363636363637,0.9746,0.9643,0.00534122537598413,0.6084873160474064,36.53044056892395,False,"alpha=0.8, lr=16",
tune,,Caputo,0.9754727272727273,0.9724,0.9653,0.004661290648243435,0.6150042693330373,33.453531980514526,False,"alpha=0.8, lr=32",
tune,,Caputo,0.778309090909091,0.7674,0.7719,0.024589932976076725,0.6144175824894839,34.96956753730774,False,"alpha=0.8, lr=64",
tune,,Caputo,0.8966,0.926,0.9036,0.01974741054222124,0.8723188096717248,31.415274381637573,False,"alpha=0.95, lr=0.5",
tune,,Caputo,0.9144545454545454,0.9368,0.9209,0.01530998420306783,0.8754763474427134,32.701130628585815,False,"alpha=0.95, lr=1",
tune,,Caputo,0.9315818181818182,0.9486,0.9349,0.011988469739786622,0.8790062872432798,30.686429977416992,False,"alpha=0.95, lr=2",
tune,,Caputo,0.9481272727272727,0.9604,0.9477,0.009211458135324889,0.8832076274174738,29.401273012161255,False,"alpha=0.95, lr=4",
tune,,Caputo,0.9628545454545454,0.9688,0.9582,0.006804882089413188,0.8881665040029201,31.380650520324707,False,"alpha=0.95, lr=8",
tune,,Caputo,0.9735090909090909,0.9732,0.9651,0.005048990658648687,0.8935989707446891,28.893152952194214,False,"alpha=0.95, lr=16",
tune,,Caputo,0.9772545454545455,0.9698,0.9695,0.0043192795499820795,0.896480188524312,28.38251304626465,False,"alpha=0.95, lr=32",
tune,,Caputo,0.09936363636363636,0.0986,0.1032,0.09999995009148681,0.8711281258420845,27.73685932159424,False,"alpha=0.95, lr=64",
best,,Caputo,0.9714363636363637,0.9746,0.9643,0.00534122537598413,0.6084873160474064,36.53044056892395,False,"alpha=0.8, lr=16",0
