dataset,method,seed,epoch,train_mse,train_acc,val_mse,val_acc,factor_mean
mnist,gradient descent,100,1,0.013607077895746202,0.9225272727272728,0.010700177464931614,0.9396,
mnist,gradient descent,100,2,0.012148266638087811,0.9303454545454546,0.009519712609015633,0.9506,
mnist,gradient descent,100,3,0.00876820757311649,0.9518181818181818,0.0070586638299668355,0.9622,
mnist,gradient descent,100,4,0.007947764941964084,0.9563636363636364,0.006687289721735931,0.963,
mnist,gradient descent,100,5,0.007133938361551747,0.9610181818181818,0.006213181768834144,0.9664,
mnist,gradient descent,100,6,0.006472340275463635,0.9655636363636364,0.005850808990551373,0.969,
mnist,gradient descent,100,7,0.006041057302084861,0.9680909090909091,0.0056215445461551845,0.969,
mnist,gradient descent,100,8,0.005529065810981742,0.9702,0.0053756363992198625,0.9708,
mnist,gradient descent,100,9,0.0052742823130603935,0.973,0.005276032467290218,0.9714,
mnist,gradient descent,100,10,0.005015800875671556,0.9742181818181819,0.005147109054102411,0.9702,
mnist,gradient descent,101,1,0.014160765483559355,0.9189454545454545,0.011164622497677985,0.9384,
mnist,gradient descent,101,2,0.010968057102061442,0.9376909090909091,0.008874932327822377,0.951,
mnist,gradient descent,101,3,0.008927897914963847,0.9489454545454545,0.007209577299490761,0.96,
mnist,gradient descent,101,4,0.008095156071391255,0.9553818181818182,0.00668819209061596,0.9652,
mnist,gradient descent,101,5,0.007087395526130527,0.9610545454545455,0.006073665097154465,0.9666,
mnist,gradient descent,101,6,0.006503542234992935,0.9645636363636364,0.005738137727307774,0.9706,
mnist,gradient descent,101,7,0.005937258025304019,0.9684909090909091,0.0054206224553527554,0.9694,
mnist,gradient descent,101,8,0.0058598185860465855,0.9690545454545455,0.005408444659122473,0.9708,
mnist,gradient descent,101,9,0.005128833258610186,0.9735636363636364,0.004977828087155159,0.9724,
mnist,gradient descent,101,10,0.004994127080761834,0.9742,0.004930401187818436,0.9746,
mnist,gradient descent,102,1,0.013573805724315713,0.9217090909090909,0.010472876194995479,0.9428,
mnist,gradient descent,102,2,0.010249059376738407,0.9408,0.008014970238617216,0.9526,
mnist,gradient descent,102,3,0.008704192143129598,0.9506363636363636,0.006937775103644449,0.962,
mnist,gradient descent,102,4,0.00775126060238942,0.9559090909090909,0.006284921892496677,0.9646,
mnist,gradient descent,102,5,0.007171856153470916,0.9610181818181818,0.006231506755860772,0.966,
mnist,gradient descent,102,6,0.006842991575153439,0.9636545454545454,0.005943627390672886,0.9674,
mnist,gradient descent,102,7,0.00630105911359484,0.9661636363636363,0.0057821060177929255,0.9688,
mnist,gradient descent,102,8,0.005650965063464234,0.9698909090909091,0.005341012302341341,0.9694,
mnist,gradient descent,102,9,0.00547023840228308,0.9709454545454546,0.005358753046282811,0.9708,
mnist,gradient descent,102,10,0.005102304144941248,0.9737090909090909,0.005205735102957304,0.9708,
mnist,gradient descent,103,1,0.013285672303494866,0.9222,0.010252213165237781,0.943,
mnist,gradient descent,103,2,0.010417529537678228,0.9413272727272727,0.008297118094805524,0.9556,
mnist,gradient descent,103,3,0.008793882082824134,0.951,0.0070653500429134,0.9626,
mnist,gradient descent,103,4,0.007926144431654502,0.9557636363636364,0.006536338164667914,0.9644,
mnist,gradient descent,103,5,0.007633183879380702,0.957709090909091,0.006538820808483781,0.9658,
mnist,gradient descent,103,6,0.006370359430914212,0.9652545454545455,0.005807990339063441,0.9702,
mnist,gradient descent,103,7,0.005992479317136422,0.9678181818181818,0.005552403251931929,0.9718,
mnist,gradient descent,103,8,0.005744627281800775,0.9699818181818182,0.0054314545183833255,0.9736,
mnist,gradient descent,103,9,0.00522780951906165,0.9720727272727273,0.005278504022547063,0.9734,
mnist,gradient descent,103,10,0.005093613121578345,0.9741272727272727,0.005269808062174918,0.9714,
mnist,gradient descent,104,1,0.014028455343579669,0.9197818181818181,0.011067559709600152,0.9396,
mnist,gradient descent,104,2,0.010548448017635183,0.9411272727272727,0.00843044227047168,0.9544,
mnist,gradient descent,104,3,0.00902806102395008,0.9498545454545455,0.007368069610396117,0.9604,
mnist,gradient descent,104,4,0.007730781786733207,0.9571090909090909,0.0065355787610123775,0.966,
mnist,gradient descent,104,5,0.007279981975675595,0.9596545454545454,0.0063453623373454695,0.9662,
mnist,gradient descent,104,6,0.006517013391068213,0.9642181818181819,0.0058411780904313055,0.9684,
mnist,gradient descent,104,7,0.006036590135742076,0.9669636363636364,0.005563367056345486,0.9686,
mnist,gradient descent,104,8,0.005627474979826782,0.9700181818181818,0.005356852491704803,0.9698,
mnist,gradient descent,104,9,0.005350333695917717,0.9712909090909091,0.0052149535998041235,0.9706,
mnist,gradient descent,104,10,0.0052758316671707856,0.9722545454545455,0.005241483729645172,0.9724,
mnist,gradient descent,105,1,0.014187003923482547,0.9183636363636364,0.011383736733288193,0.934,
mnist,gradient descent,105,2,0.010420892834543517,0.9418727272727273,0.008312897871572907,0.9556,
mnist,gradient descent,105,3,0.00883972138707854,0.9496181818181818,0.0072041500463035394,0.9594,
mnist,gradient descent,105,4,0.00825891617420195,0.9531272727272727,0.006743550095301412,0.9632,
mnist,gradient descent,105,5,0.006875540768018604,0.9619454545454545,0.005946898956547866,0.9656,
mnist,gradient descent,105,6,0.006317917177050101,0.9648727272727273,0.005743287428370136,0.9694,
mnist,gradient descent,105,7,0.005851130055436904,0.9678727272727272,0.005454794447850663,0.9698,
mnist,gradient descent,105,8,0.005589891565573969,0.9702363636363637,0.005381240283705327,0.9716,
mnist,gradient descent,105,9,0.005123883671562182,0.9732545454545455,0.0051392889353385545,0.9714,
mnist,gradient descent,105,10,0.004892943457162133,0.9741818181818181,0.005045471804288526,0.973,
mnist,gradient descent,106,1,0.01382901213487959,0.9216909090909091,0.01095497847851772,0.942,
mnist,gradient descent,106,2,0.010953846800812114,0.9366545454545454,0.008474344424751718,0.9562,
mnist,gradient descent,106,3,0.008835308136156114,0.9502727272727273,0.0072078740140085985,0.96,
mnist,gradient descent,106,4,0.007558361175924907,0.9577818181818182,0.006263492742160699,0.9668,
mnist,gradient descent,106,5,0.00705308630140958,0.961,0.0060414187640132466,0.9656,
mnist,gradient descent,106,6,0.006862172454820439,0.962690909090909,0.006084163069173787,0.9662,
mnist,gradient descent,106,7,0.006544709951617887,0.9644727272727273,0.005968089685826282,0.9678,
mnist,gradient descent,106,8,0.005941140179285693,0.9679272727272727,0.005528104757647047,0.9686,
mnist,gradient descent,106,9,0.0055562991008280705,0.9718545454545454,0.005359530036757608,0.9718,
mnist,gradient descent,106,10,0.005251750488792637,0.972690909090909,0.005245125455565858,0.9702,
mnist,gradient descent,107,1,0.013665622195333675,0.9209454545454545,0.010609199619023452,0.9412,
mnist,gradient descent,107,2,0.010875791711412399,0.936,0.008484571670864516,0.951,
mnist,gradient descent,107,3,0.008821991885417135,0.9495636363636364,0.007046556777970154,0.9618,
mnist,gradient descent,107,4,0.008316340860831073,0.9532181818181819,0.006748977423355041,0.9632,
mnist,gradient descent,107,5,0.007286246692074311,0.9604363636363636,0.006193078186564799,0.9674,
mnist,gradient descent,107,6,0.0065009711220530364,0.9642181818181819,0.005704031564893737,0.9696,
mnist,gradient descent,107,7,0.00629032052773704,0.9661090909090909,0.005656366677233159,0.9686,
mnist,gradient descent,107,8,0.005558936168977907,0.9705272727272727,0.005176356833267773,0.9724,
mnist,gradient descent,107,9,0.005550110169587336,0.9711818181818181,0.005281884113174243,0.9686,
mnist,gradient descent,107,10,0.004990865018578686,0.973909090909091,0.005062654200686015,0.9712,
mnist,gradient descent,108,1,0.014521906241596388,0.9179272727272727,0.011282859418401264,0.937,
mnist,gradient descent,108,2,0.010627784186536144,0.9386363636363636,0.008217296883723779,0.9548,
mnist,gradient descent,108,3,0.00874467210562273,0.9513818181818182,0.0068473653786260595,0.9642,
mnist,gradient descent,108,4,0.007765576056125236,0.9566181818181818,0.006183704027666222,0.9678,
mnist,gradient descent,108,5,0.0070687388485824645,0.9607272727272728,0.005695683453783561,0.9694,
mnist,gradient descent,108,6,0.006345040075735389,0.9655272727272727,0.005443233855438891,0.9714,
mnist,gradient descent,108,7,0.006213211095489443,0.9672181818181819,0.005486049460438014,0.9704,
mnist,gradient descent,108,8,0.005718693332825674,0.9696,0.005354919019807992,0.971,
mnist,gradient descent,108,9,0.005198105297141334,0.9723818181818182,0.004963466195972942,0.974,
mnist,gradient descent,108,10,0.005150949325379968,0.9728545454545454,0.004966087276470654,0.972,
mnist,gradient descent,109,1,0.01344735713866119,0.9211090909090909,0.010295406870292683,0.9404,
mnist,gradient descent,109,2,0.011355886610625724,0.9342,0.009128775714231326,0.9486,
mnist,gradient descent,109,3,0.009259473748084602,0.9473090909090909,0.007658842405281426,0.9584,
mnist,gradient descent,109,4,0.00779679825776923,0.9569818181818182,0.006532033418971961,0.9634,
mnist,gradient descent,109,5,0.0072139336339252695,0.9602181818181819,0.006261686115007755,0.9638,
mnist,gradient descent,109,6,0.006183104948238933,0.9662,0.005550682267203927,0.9684,
mnist,gradient descent,109,7,0.005671438202635052,0.9696363636363636,0.005254603437168719,0.9702,
mnist,gradient descent,109,8,0.005475996368138938,0.9711454545454545,0.005368530395777689,0.97,
mnist,gradient descent,109,9,0.005424710076171553,0.9721272727272727,0.005268688739427634,0.9708,
mnist,gradient descent,109,10,0.004905479033454937,0.9746545454545454,0.005052962382256314,0.9712,
mnist,gradient descent,110,1,0.013153267990662977,0.9237636363636363,0.010155013040608969,0.9416,
mnist,gradient descent,110,2,0.01059985638570505,0.9385636363636364,0.008431103373453945,0.9554,
mnist,gradient descent,110,3,0.00884832502159569,0.9497272727272728,0.007054951788074354,0.9628,
mnist,gradient descent,110,4,0.008547122367726043,0.9515818181818182,0.006977762331055537,0.9614,
mnist,gradient descent,110,5,0.007280423862373379,0.9598,0.006082094078838529,0.9666,
mnist,gradient descent,110,6,0.006451305922100475,0.9642545454545455,0.0055764429613803825,0.9686,
mnist,gradient descent,110,7,0.006066515148424626,0.9669818181818182,0.005397099764334206,0.9698,
mnist,gradient descent,110,8,0.0058355876638639895,0.968709090909091,0.00531895589255614,0.9706,
mnist,gradient descent,110,9,0.0063616272107091774,0.9666181818181818,0.0059925768810216076,0.9678,
mnist,gradient descent,110,10,0.005310150510469524,0.9722727272727273,0.005168963351844142,0.9714,
mnist,gradient descent,111,1,0.013681954195233353,0.9211090909090909,0.010726434071826607,0.9378,
mnist,gradient descent,111,2,0.010697513340458787,0.9385636363636364,0.00863222298585858,0.9522,
mnist,gradient descent,111,3,0.009134508893206161,0.9491454545454545,0.007466571486049907,0.9604,
mnist,gradient descent,111,4,0.008200956766496079,0.9534727272727272,0.006893713915420062,0.9622,
mnist,gradient descent,111,5,0.007051105720314575,0.9610545454545455,0.006162624976201005,0.9652,
mnist,gradient descent,111,6,0.006382739944226194,0.9652545454545455,0.005838762068926066,0.9664,
mnist,gradient descent,111,7,0.006012299683559097,0.9678363636363636,0.005714103696977681,0.9684,
mnist,gradient descent,111,8,0.00572010312384795,0.9689818181818182,0.005466150838018757,0.969,
mnist,gradient descent,111,9,0.005229160258706298,0.9721636363636363,0.005279031002841234,0.97,
mnist,gradient descent,111,10,0.005073309924672339,0.974,0.005320255850810597,0.9698,
mnist,gradient descent,112,1,0.015276296709618766,0.9110181818181818,0.012206800243983393,0.9304,
mnist,gradient descent,112,2,0.010625442474978306,0.9387090909090909,0.00840067609528444,0.954,
mnist,gradient descent,112,3,0.008732592864591122,0.9501636363636363,0.006818237011609288,0.963,
mnist,gradient descent,112,4,0.008494602604837323,0.9540363636363637,0.006850261010127474,0.9636,
mnist,gradient descent,112,5,0.00706290330492509,0.9611818181818181,0.005996913412169789,0.9668,
mnist,gradient descent,112,6,0.006436057797790549,0.9654363636363636,0.0054672709680526335,0.9702,
mnist,gradient descent,112,7,0.005940262495844598,0.9679636363636364,0.005262221558752529,0.9716,
mnist,gradient descent,112,8,0.0054250724361440215,0.9710545454545455,0.0049989257099535295,0.9728,
mnist,gradient descent,112,9,0.005249019713006697,0.9726181818181818,0.005022758391494651,0.971,
mnist,gradient descent,112,10,0.00489694295368705,0.9740363636363636,0.004903609531331161,0.9722,
mnist,gradient descent,113,1,0.013640715771264916,0.924,0.010678009675247587,0.9428,
mnist,gradient descent,113,2,0.010345842593985664,0.9419818181818181,0.008106810004628826,0.9566,
mnist,gradient descent,113,3,0.008476292780705332,0.9522181818181819,0.0067197573946655735,0.9634,
mnist,gradient descent,113,4,0.007653403718871121,0.9580909090909091,0.006329701034260706,0.9664,
mnist,gradient descent,113,5,0.007531003401897729,0.9585818181818182,0.00649891963077943,0.9642,
mnist,gradient descent,113,6,0.006195306716327972,0.9665090909090909,0.005357770841678901,0.9706,
mnist,gradient descent,113,7,0.0058458061071166734,0.9685272727272727,0.005283565126930888,0.971,
mnist,gradient descent,113,8,0.005471133551549961,0.9714,0.0050717067324550355,0.9732,
mnist,gradient descent,113,9,0.005254547349534843,0.973,0.005122916664496015,0.9726,
mnist,gradient descent,113,10,0.005027549733559157,0.9743090909090909,0.0051099430339745545,0.9718,
mnist,gradient descent,114,1,0.014389709948762113,0.9150363636363636,0.01145378020194531,0.9332,
mnist,gradient descent,114,2,0.011338129532825151,0.9342181818181818,0.008747889037852216,0.9532,
mnist,gradient descent,114,3,0.008807583257042643,0.9490181818181819,0.006996714402256861,0.9604,
mnist,gradient descent,114,4,0.007513827934609511,0.9576363636363636,0.006246361815415516,0.9658,
mnist,gradient descent,114,5,0.0068772854737562195,0.9619272727272727,0.006029623664728217,0.9652,
mnist,gradient descent,114,6,0.006327349627761356,0.9659272727272727,0.005598571053129763,0.9684,
mnist,gradient descent,114,7,0.005902395750287939,0.9683272727272727,0.005342164135681909,0.9708,
mnist,gradient descent,114,8,0.006071125500761641,0.9664727272727273,0.0057241888300934764,0.9688,
mnist,gradient descent,114,9,0.005136954968504166,0.9731454545454545,0.005048568179533958,0.9732,
mnist,gradient descent,114,10,0.004768579454623212,0.9755636363636364,0.004816731592380242,0.9722,
mnist,gradient descent,115,1,0.013552029702654846,0.9221272727272727,0.010554896587942102,0.9448,
mnist,gradient descent,115,2,0.011324803878100682,0.9349454545454545,0.008907625054470245,0.9502,
mnist,gradient descent,115,3,0.009072616645940203,0.9477272727272728,0.007256678992081067,0.962,
mnist,gradient descent,115,4,0.007861957554381939,0.9564363636363636,0.006375016449529583,0.965,
mnist,gradient descent,115,5,0.008257404443877698,0.9549090909090909,0.007040070593366554,0.962,
mnist,gradient descent,115,6,0.006652390870972007,0.9642545454545455,0.005725337306808365,0.9686,
mnist,gradient descent,115,7,0.006432559738615642,0.9645090909090909,0.005697462523853903,0.9686,
mnist,gradient descent,115,8,0.0056381009450889655,0.9696181818181818,0.005079032436064004,0.9708,
mnist,gradient descent,115,9,0.005350814560568611,0.9714545454545455,0.0050483981647837465,0.9702,
mnist,gradient descent,115,10,0.005232029073524713,0.9724363636363637,0.004979150510872148,0.9728,
mnist,KarciFANN,100,1,0.012531141482506553,0.9276727272727273,0.0098039941525826,0.9436,1.2311326202033372
mnist,KarciFANN,100,2,0.011323085192640485,0.9353818181818182,0.009286587288096409,0.9484,1.2567370136159308
mnist,KarciFANN,100,3,0.00760865861923706,0.9573636363636364,0.006470275021692144,0.9652,1.9730956415765952
mnist,KarciFANN,100,4,0.006738860255844444,0.9630181818181818,0.00592318036893947,0.9692,1.6226301299993517
mnist,KarciFANN,100,5,0.0063287332945352786,0.9661272727272727,0.005703959184694438,0.9712,1.61924203701928
mnist,KarciFANN,100,6,0.006117784500596194,0.9671636363636363,0.005671552575393309,0.9694,1.4378384955537449
mnist,KarciFANN,100,7,0.005135484828193319,0.9730363636363636,0.005134610731504514,0.9718,1.6169177026948371
mnist,KarciFANN,100,8,0.005024114341274685,0.9734181818181818,0.004922847712401217,0.975,1.5964173959170846
mnist,KarciFANN,100,9,0.004635262548359544,0.9756,0.0051518806698448,0.9706,1.516603907338325
mnist,KarciFANN,100,10,0.004035238302988556,0.9786909090909091,0.0045353096631948935,0.9744,1.7436907455956847
mnist,KarciFANN,101,1,0.013183836013270814,0.9237818181818181,0.010405490874920474,0.9446,1.2268322196166723
mnist,KarciFANN,101,2,0.010025572630162901,0.9437636363636364,0.008322271054151498,0.9546,1.3262129918063355
mnist,KarciFANN,101,3,0.007683649506688525,0.9571454545454545,0.006388828755252557,0.9654,1.9289066163872206
mnist,KarciFANN,101,4,0.006640740166210671,0.964690909090909,0.005980310475536194,0.969,1.3427906549279363
mnist,KarciFANN,101,5,0.006007033849821449,0.9667818181818182,0.0053726439537547886,0.9702,1.3124989114776386
mnist,KarciFANN,101,6,0.005721183180513345,0.9690909090909091,0.005317983908595397,0.9718,2.0026529827173936
mnist,KarciFANN,101,7,0.0048776409370127,0.9734909090909091,0.004912780759494956,0.9734,2.074893481265659
mnist,KarciFANN,101,8,0.004986517050113507,0.9738,0.005023491244249913,0.9728,2.4955875726240815
mnist,KarciFANN,101,9,0.0044251001047563715,0.9761818181818182,0.00488505653318028,0.9734,1.6671260013967877
mnist,KarciFANN,101,10,0.00428789494040844,0.9773272727272727,0.004903433113464965,0.9726,2.001966186803256
mnist,KarciFANN,102,1,0.012694381744947926,0.9246,0.009812685648111056,0.9424,1.3859380009047269
mnist,KarciFANN,102,2,0.008937171665242109,0.9466,0.0071973496598933435,0.9576,2.186915644783332
mnist,KarciFANN,102,3,0.007415774389815327,0.9571272727272727,0.006184786792785569,0.9636,1.4975266147994495
mnist,KarciFANN,102,4,0.006701762444174586,0.9622909090909091,0.005970555076923716,0.9646,1.415303087527905
mnist,KarciFANN,102,5,0.005858821140433534,0.9680545454545455,0.005617754735177914,0.968,1.3818902011877099
mnist,KarciFANN,102,6,0.0056764561146486784,0.9693818181818182,0.005387811208506216,0.9704,1.4565025884406615
mnist,KarciFANN,102,7,0.004973460803754966,0.9729636363636364,0.00510292346135308,0.9722,1.4285219360295496
mnist,KarciFANN,102,8,0.004571952834735001,0.9753272727272727,0.004856215918577366,0.9734,1.6010938402723205
mnist,KarciFANN,102,9,0.004225572952968351,0.9769818181818182,0.004784973302292674,0.9738,2.6928391988779365
mnist,KarciFANN,102,10,0.003944030886259142,0.9787454545454546,0.004827407948166171,0.9728,1.718975933196026
mnist,KarciFANN,103,1,0.01264696788147235,0.9230545454545455,0.009594924234169184,0.9448,1.4996462750575636
mnist,KarciFANN,103,2,0.00943507721084885,0.9473272727272727,0.007593598231030824,0.9572,1.3466045986562292
mnist,KarciFANN,103,3,0.007564482778342096,0.9584,0.0061090215468204805,0.9688,1.5179602275088537
mnist,KarciFANN,103,4,0.0067072637551551335,0.9631454545454545,0.005627283675373412,0.9684,1.9059591132128781
mnist,KarciFANN,103,5,0.00587313132019861,0.9678,0.005150870054867662,0.9706,1.7066535945606147
mnist,KarciFANN,103,6,0.005078981940031842,0.9728545454545454,0.004694979668915812,0.9742,2.1765251613932937
mnist,KarciFANN,103,7,0.005073540519039738,0.9738727272727272,0.004952776222018764,0.9744,2.8039717450139343
mnist,KarciFANN,103,8,0.0044586488980204175,0.9769636363636364,0.0046677562159599464,0.9752,1.3766512250241478
mnist,KarciFANN,103,9,0.0042909182122683395,0.9772909090909091,0.0046287453732096005,0.974,2.3333488732871466
mnist,KarciFANN,103,10,0.00443682612509394,0.9776545454545454,0.004879586530162972,0.9742,1.9250171046804416
mnist,KarciFANN,104,1,0.012544960313169535,0.9262363636363636,0.009858518311215078,0.9432,1.1796982320552603
mnist,KarciFANN,104,2,0.00954815950597458,0.945490909090909,0.007697590246855245,0.9582,1.4024893228203834
mnist,KarciFANN,104,3,0.007474623274588008,0.9577818181818182,0.006395295960543921,0.9636,1.4419271270302825
mnist,KarciFANN,104,4,0.006543069013507135,0.9637818181818182,0.005814748161620644,0.9688,1.2262122179122774
mnist,KarciFANN,104,5,0.006125478212477458,0.9667454545454546,0.005716510278383328,0.969,1.349578416023862
mnist,KarciFANN,104,6,0.005504453931694159,0.9705272727272727,0.005652563294178962,0.9688,1.600842160604475
mnist,KarciFANN,104,7,0.004778017518699382,0.9738,0.004890231491064235,0.9724,2.2808354821669514
mnist,KarciFANN,104,8,0.004985581829390765,0.9731454545454545,0.005218883066180624,0.9718,2.4245148682152395
mnist,KarciFANN,104,9,0.004383467632419286,0.9768363636363636,0.004713583835957835,0.9728,2.9970329046360398
mnist,KarciFANN,104,10,0.004080519383514915,0.9785818181818182,0.004699319656634008,0.9738,1.898150030744906
mnist,KarciFANN,105,1,0.013116767034848436,0.9230909090909091,0.01061545178700972,0.9392,1.4218754921393197
mnist,KarciFANN,105,2,0.009110471879677269,0.9481818181818182,0.007569231401289599,0.9578,1.1787485039791699
mnist,KarciFANN,105,3,0.0072174536541942886,0.9587454545454546,0.006099339196496451,0.9674,1.6020665355263237
mnist,KarciFANN,105,4,0.007240424165046808,0.9593818181818182,0.006264979929135869,0.9644,1.428954800635834
mnist,KarciFANN,105,5,0.0056353241090040355,0.9694181818181818,0.005259278704911906,0.972,1.9271458084744548
mnist,KarciFANN,105,6,0.0050214312142705985,0.9723818181818182,0.00512869626291828,0.9706,3.0015166282563563
mnist,KarciFANN,105,7,0.004864510711858899,0.9738,0.005006708850141708,0.9732,1.5834958634195613
mnist,KarciFANN,105,8,0.004391737600156949,0.9762909090909091,0.0048120114687860574,0.974,1.6346125056004175
mnist,KarciFANN,105,9,0.004591919863803348,0.9762909090909091,0.005293411407755552,0.9698,1.5556862284691744
mnist,KarciFANN,105,10,0.0037790795142940144,0.9798181818181818,0.004763003894849739,0.9732,2.4243187267845085
mnist,KarciFANN,106,1,0.012624647740585505,0.9278545454545455,0.010103062711972728,0.9446,1.6454667853554656
mnist,KarciFANN,106,2,0.009757815055738396,0.9434,0.007586401950543402,0.9576,1.493887993474023
mnist,KarciFANN,106,3,0.007355174407247869,0.958709090909091,0.006246997591686716,0.965,2.134582545731753
mnist,KarciFANN,106,4,0.006299065140675416,0.9652545454545455,0.00547229336421522,0.9696,1.53383957838698
mnist,KarciFANN,106,5,0.0058453274508484905,0.9676,0.005325875135694508,0.97,1.8968256174748845
mnist,KarciFANN,106,6,0.005641701261134104,0.9694909090909091,0.0053731059228691765,0.9696,1.5045833078781135
mnist,KarciFANN,106,7,0.006384353444060344,0.9657272727272728,0.0061802359110927,0.966,1.397989664096079
mnist,KarciFANN,106,8,0.005757422691586028,0.9685818181818182,0.005767344245700647,0.9668,1.520558034429162
mnist,KarciFANN,106,9,0.004463756951526963,0.9767090909090909,0.004839000610196044,0.9736,1.6448558540594547
mnist,KarciFANN,106,10,0.0044354120522130044,0.976909090909091,0.005069928830424136,0.9736,1.5112219489794825
mnist,KarciFANN,107,1,0.01261094528988232,0.9248,0.009740343522046514,0.9422,1.5671661799580447
mnist,KarciFANN,107,2,0.009201088615703974,0.947,0.007267211151993526,0.959,1.624240858438027
mnist,KarciFANN,107,3,0.007297852004175544,0.9583636363636364,0.006093994975446855,0.9656,1.3486884319962613
mnist,KarciFANN,107,4,0.007834823151199191,0.9565636363636364,0.006673536353051641,0.9626,1.4651391752060028
mnist,KarciFANN,107,5,0.006118505004429144,0.9669636363636364,0.005672722865905359,0.9716,1.500355556167049
mnist,KarciFANN,107,6,0.005450178376295814,0.9700181818181818,0.005204777940429385,0.9714,1.9022562282556734
mnist,KarciFANN,107,7,0.005979491673084661,0.9688909090909091,0.005814351594654399,0.9682,1.493479387615736
mnist,KarciFANN,107,8,0.004472042854844922,0.9767272727272728,0.004734487097004691,0.9716,2.481606161337623
mnist,KarciFANN,107,9,0.004571270429226795,0.9760181818181818,0.005090315303299021,0.9708,1.6212484744901625
mnist,KarciFANN,107,10,0.004020720680503437,0.9792363636363637,0.004672285887135384,0.975,1.5124967069096191
mnist,KarciFANN,108,1,0.013302136789174537,0.9247636363636363,0.010233534728803974,0.9436,1.4001777568038836
mnist,KarciFANN,108,2,0.010317423411164577,0.9415636363636364,0.008230161464335606,0.9564,1.4795408533919785
mnist,KarciFANN,108,3,0.007552664235674774,0.9580727272727273,0.006300122607715948,0.9688,1.5209321786434724
mnist,KarciFANN,108,4,0.006611800151600174,0.9640363636363637,0.005715717178699802,0.9704,1.5802916676490604
mnist,KarciFANN,108,5,0.006011001639984965,0.9666,0.005092363566952902,0.9714,2.1465529286086653
mnist,KarciFANN,108,6,0.0050497938828263506,0.9723636363636363,0.004857377479660136,0.9752,2.9286632406573263
mnist,KarciFANN,108,7,0.004840151101135557,0.9742363636363637,0.004975537164652803,0.9738,1.3269011145108596
mnist,KarciFANN,108,8,0.004531065753700947,0.9753272727272727,0.0048127827797804544,0.9758,1.9438224446854193
mnist,KarciFANN,108,9,0.004285472103516,0.9775454545454545,0.00467437205634497,0.9744,2.903138246490448
mnist,KarciFANN,108,10,0.004599616880010582,0.9768727272727272,0.005131324241556195,0.9738,1.7005822373896413
mnist,KarciFANN,109,1,0.013142007289530506,0.9211090909090909,0.010197108140275071,0.9404,1.420877724239456
mnist,KarciFANN,109,2,0.010348778016090363,0.9415818181818182,0.008407382012150508,0.9548,1.3394355683238761
mnist,KarciFANN,109,3,0.007983650862407866,0.9550363636363637,0.006915304780679253,0.9598,1.4270378927392353
mnist,KarciFANN,109,4,0.0061019292182441,0.9658363636363636,0.005588930361593078,0.9678,2.1608134515802395
mnist,KarciFANN,109,5,0.007231933327009979,0.9599818181818182,0.006716763114825666,0.9626,1.4849592457584908
mnist,KarciFANN,109,6,0.0052543441277092574,0.9716181818181818,0.005339707338316547,0.97,1.7441622629515632
mnist,KarciFANN,109,7,0.004825595214459493,0.9741272727272727,0.004941580194692606,0.9722,2.5558396209498704
mnist,KarciFANN,109,8,0.00484405461879291,0.9751090909090909,0.005360839160206251,0.97,1.867379674120443
mnist,KarciFANN,109,9,0.005061284082979304,0.9744727272727273,0.005381576441386909,0.971,1.937619585436451
mnist,KarciFANN,109,10,0.0038412234258714787,0.9796545454545454,0.004638720269921743,0.9728,1.5947399317328708
mnist,KarciFANN,110,1,0.011775847355917156,0.9302,0.008988550594134241,0.9468,1.8324878148116432
mnist,KarciFANN,110,2,0.009724847974910742,0.9437454545454546,0.007752159394401299,0.9586,1.409463254520978
mnist,KarciFANN,110,3,0.007588419232893165,0.9573454545454545,0.006093880343510352,0.9664,1.3065578471123893
mnist,KarciFANN,110,4,0.007290182011940185,0.957690909090909,0.006069961336177349,0.965,1.3171242133663754
mnist,KarciFANN,110,5,0.0071922147404988234,0.9584181818181818,0.006079340073389318,0.9656,1.5747641583553769
mnist,KarciFANN,110,6,0.005652130404436329,0.9680909090909091,0.005297176522201662,0.9694,2.1811532765983688
mnist,KarciFANN,110,7,0.005115258059229497,0.9716,0.004930318988558951,0.9718,1.830107859456557
mnist,KarciFANN,110,8,0.004885951898038059,0.9737818181818182,0.004971808697095323,0.9716,2.6187614185441794
mnist,KarciFANN,110,9,0.00496584161566179,0.9735090909090909,0.005203021721684036,0.9714,1.9487853762981615
mnist,KarciFANN,110,10,0.004231214550271748,0.9772181818181818,0.0048799140213463075,0.9742,1.5010986068475771
mnist,KarciFANN,111,1,0.012750630425153928,0.9253636363636364,0.010067716594617474,0.9436,1.508905182284206
mnist,KarciFANN,111,2,0.009932003263653622,0.9412727272727273,0.008171366028996891,0.9522,1.3803339305668492
mnist,KarciFANN,111,3,0.0074126463215698594,0.9580545454545455,0.006104114324974932,0.9654,1.365750915108982
mnist,KarciFANN,111,4,0.007220178613286036,0.9593090909090909,0.006184093023709578,0.9642,1.288788910277575
mnist,KarciFANN,111,5,0.006363093460956395,0.9651090909090909,0.005969604832568109,0.9682,1.331634051903728
mnist,KarciFANN,111,6,0.005525085742327947,0.9692727272727273,0.005355344912771232,0.9698,1.7996626476457
mnist,KarciFANN,111,7,0.004818825592064912,0.9743454545454545,0.004962451961599743,0.9722,1.6804704584643866
mnist,KarciFANN,111,8,0.004856879796377208,0.9742909090909091,0.005043188188550489,0.9724,1.4809367064410837
mnist,KarciFANN,111,9,0.004298657652735411,0.9772181818181818,0.004564709453173863,0.974,1.5750239315082002
mnist,KarciFANN,111,10,0.004128410440341897,0.9782909090909091,0.004694580099241391,0.9748,1.5438902192443964
mnist,KarciFANN,112,1,0.015345332564233977,0.9084909090909091,0.012422983577633958,0.9276,1.1838163801604746
mnist,KarciFANN,112,2,0.009161547507165503,0.9466909090909091,0.007240091458028349,0.9592,1.547037255128603
mnist,KarciFANN,112,3,0.007942099161851197,0.9552909090909091,0.006258670027456321,0.9646,1.5060743713403641
mnist,KarciFANN,112,4,0.007876436786478994,0.9574181818181818,0.006627178073320422,0.9642,1.3516292166786479
mnist,KarciFANN,112,5,0.006064639107119606,0.9666363636363636,0.005304766799589969,0.9714,2.771403179475464
mnist,KarciFANN,112,6,0.0052016971422770555,0.9715636363636364,0.004708635383958706,0.9718,2.707778803441868
mnist,KarciFANN,112,7,0.004827069711621402,0.9747272727272728,0.004820053321938813,0.9746,1.5569802906182157
mnist,KarciFANN,112,8,0.004319802884797376,0.9772545454545455,0.004424171968277878,0.9758,2.9441213512605477
mnist,KarciFANN,112,9,0.004095862520844701,0.9782181818181818,0.004403076221558555,0.9764,2.2652251151306793
mnist,KarciFANN,112,10,0.003964061601943977,0.9786727272727272,0.004613800206384114,0.9758,1.5079274947846912
mnist,KarciFANN,113,1,0.013539238213838345,0.9254545454545454,0.010835631572120887,0.9446,1.2156312618274328
mnist,KarciFANN,113,2,0.010856630686695744,0.9432181818181818,0.008633972654154777,0.9574,1.4211428039328935
mnist,KarciFANN,113,3,0.007349929574976012,0.9578,0.006089611078467912,0.9662,1.4223183671911408
mnist,KarciFANN,113,4,0.006941855101694526,0.9623636363636363,0.0062528254455646685,0.9678,1.4444630488726113
mnist,KarciFANN,113,5,0.008086945261795007,0.9535818181818182,0.007204770661401129,0.9592,1.6423467496043345
mnist,KarciFANN,113,6,0.005319298781145978,0.9708181818181818,0.005001186305361998,0.9706,2.879892771637937
mnist,KarciFANN,113,7,0.004978957077068368,0.9734545454545455,0.005071967349826991,0.9714,1.9547613484915682
mnist,KarciFANN,113,8,0.004774232511681229,0.9754363636363637,0.004972525502391109,0.9734,1.802267836375805
mnist,KarciFANN,113,9,0.004495133859944782,0.9771454545454545,0.005002991593901417,0.9732,1.916814054503894
mnist,KarciFANN,113,10,0.004501293973184863,0.9766727272727272,0.005132590334803688,0.9716,1.7260482952416156
mnist,KarciFANN,114,1,0.013529935634423736,0.9208181818181819,0.010854360631454897,0.9362,1.24546061378458
mnist,KarciFANN,114,2,0.01002028884285934,0.9422363636363636,0.007805785473208428,0.957,1.6949703961585614
mnist,KarciFANN,114,3,0.0074773423352819356,0.9572909090909091,0.006032780879629393,0.9674,1.977574409741251
mnist,KarciFANN,114,4,0.00612278132140866,0.965709090909091,0.0054827247364261185,0.969,2.209431911618329
mnist,KarciFANN,114,5,0.0054896867357616995,0.9697636363636364,0.005303277828477298,0.9698,1.6391914343446794
mnist,KarciFANN,114,6,0.005160789926733795,0.9725454545454545,0.00493839819008873,0.9724,1.9175769172559403
mnist,KarciFANN,114,7,0.005169133980011128,0.9728909090909091,0.005258159040010097,0.971,1.6293483667969846
mnist,KarciFANN,114,8,0.005798391668364344,0.9682363636363637,0.005767519913773327,0.9682,1.3711720600260573
mnist,KarciFANN,114,9,0.004517144539938244,0.9776727272727272,0.005068201415113944,0.9732,1.8519822031794118
mnist,KarciFANN,114,10,0.0042918167761385505,0.9780727272727273,0.0048871993418164155,0.971,1.5191375890023044
mnist,KarciFANN,115,1,0.012147451291131942,0.9287272727272727,0.009358635138330683,0.9486,1.341589573224248
mnist,KarciFANN,115,2,0.00952042143446743,0.9454,0.007544902444430703,0.9586,1.3099669990014529
mnist,KarciFANN,115,3,0.00782374098417121,0.9544,0.006413723031372161,0.9646,1.638627655413283
mnist,KarciFANN,115,4,0.007034534754445305,0.9611636363636363,0.006061900662402403,0.9666,1.3433685212521185
mnist,KarciFANN,115,5,0.006867499714764423,0.9616181818181818,0.006188614817774701,0.9652,1.6624617335362963
mnist,KarciFANN,115,6,0.005673980222032132,0.9691272727272727,0.005239808333979788,0.9706,1.485817385784179
mnist,KarciFANN,115,7,0.005334759563305397,0.9716,0.005353860763690243,0.9718,1.5889934640623646
mnist,KarciFANN,115,8,0.004845975087645822,0.9747454545454546,0.004961497629836836,0.9728,1.3862199423103894
mnist,KarciFANN,115,9,0.004308658537971645,0.9768181818181818,0.004641170416986004,0.974,1.6670494778635871
mnist,KarciFANN,115,10,0.0044986231885352865,0.9762909090909091,0.004933880802322865,0.9732,1.502449653875222
mnist,exp,100,1,0.013713008984360396,0.9222545454545454,0.010785438099598775,0.9392,0.9945640240917206
mnist,exp,100,2,0.012158980845428772,0.9301454545454545,0.009508957100466064,0.95,0.9933144993657574
mnist,exp,100,3,0.008882570450647045,0.9512909090909091,0.007135010409626333,0.9612,0.9913645326486471
mnist,exp,100,4,0.008068390833555091,0.955690909090909,0.006781765477851424,0.9628,0.9910116476597134
mnist,exp,100,5,0.0072543499258253975,0.9601818181818181,0.006300593900346301,0.965,0.9903093719727661
mnist,exp,100,6,0.006582787412204677,0.9650363636363636,0.005933040385030182,0.9686,0.9904010371277104
mnist,exp,100,7,0.0061798754556019065,0.9674909090909091,0.00571812874240591,0.9684,0.9903742420368941
mnist,exp,100,8,0.005661978967722806,0.9696727272727272,0.005464854905273445,0.9704,0.9894473163985331
mnist,exp,100,9,0.005380116230227123,0.9724181818181818,0.005367885267355414,0.9696,0.9886397944313514
mnist,exp,100,10,0.0051485148269164475,0.9736181818181818,0.0052682224598470965,0.9702,0.98851374377106
mnist,exp,101,1,0.014242745004626472,0.918309090909091,0.011234968215477883,0.9382,0.9944819049069228
mnist,exp,101,2,0.011051434050532934,0.9370545454545455,0.008919916097376909,0.9508,0.9928618017274735
mnist,exp,101,3,0.009028376692944894,0.9483454545454545,0.0072850275224417204,0.9594,0.991236712146519
mnist,exp,101,4,0.008278694990521512,0.9543090909090909,0.0067883609059872195,0.9648,0.9918243575721923
mnist,exp,101,5,0.007218753299043966,0.9604181818181818,0.006143633580192203,0.9656,0.9909765128203047
mnist,exp,101,6,0.006623772050520963,0.9638909090909091,0.005794001142072975,0.9692,0.9899111736327233
mnist,exp,101,7,0.006101970766848036,0.9675272727272727,0.005526233692362961,0.9688,0.9891818621964099
mnist,exp,101,8,0.0060370299576563745,0.9682181818181819,0.0055268674199092415,0.9706,0.988950881422449
mnist,exp,101,9,0.005291884042926766,0.9723090909090909,0.0050783715778532895,0.9718,0.9886427533452342
mnist,exp,101,10,0.005176856711294509,0.9731090909090909,0.005030940921345684,0.9734,0.9883442227856883
mnist,exp,102,1,0.01367768246159579,0.9212181818181818,0.010560202137780469,0.9428,0.9937380907220904
mnist,exp,102,2,0.010371193069352082,0.9401818181818182,0.008099352048227402,0.9518,0.9920260829033154
mnist,exp,102,3,0.008822563293412492,0.9498909090909091,0.00700923837387616,0.9616,0.9918502546369777
mnist,exp,102,4,0.007865246548990703,0.9555454545454546,0.006333100932523548,0.9654,0.9915197034495279
mnist,exp,102,5,0.007287572249554713,0.9597818181818182,0.0062434567452646335,0.966,0.9912871561705483
mnist,exp,102,6,0.006912875659314291,0.9630545454545455,0.0059468426211520264,0.968,0.9907275394535148
mnist,exp,102,7,0.0063525922356862385,0.965709090909091,0.005747776752944204,0.97,0.9905486392108388
mnist,exp,102,8,0.005786866548118298,0.968690909090909,0.005355423839504804,0.9708,0.9899255348777819
mnist,exp,102,9,0.0056165707350985215,0.9699818181818182,0.005360196340091516,0.9708,0.9888622598395092
mnist,exp,102,10,0.00525255096400737,0.9728363636363636,0.005245910330396131,0.971,0.9887653068876999
mnist,exp,103,1,0.013383376497782427,0.9214909090909091,0.010342162558452758,0.9426,0.9932923200524992
mnist,exp,103,2,0.01049672015783088,0.9406909090909091,0.008347229613455538,0.955,0.9926192779185379
mnist,exp,103,3,0.008915225807658859,0.9500363636363637,0.0071427806228786936,0.9618,0.9917121857673465
mnist,exp,103,4,0.00800926977390585,0.9551272727272727,0.006595202251088358,0.964,0.9908102485222138
mnist,exp,103,5,0.007761249958289187,0.9569272727272727,0.006623718070166947,0.9656,0.9905296568372922
mnist,exp,103,6,0.006509884263590907,0.9644545454545455,0.0058924978991842,0.9698,0.9897436049329423
mnist,exp,103,7,0.006114982359488027,0.9674181818181818,0.0056360621462567635,0.971,0.9891672207411568
mnist,exp,103,8,0.005840585010393003,0.9693272727272727,0.005486891998152585,0.9728,0.9901393382988729
mnist,exp,103,9,0.005356473183838833,0.9713818181818182,0.005345537221090267,0.9726,0.9884218867208845
mnist,exp,103,10,0.005195705850832979,0.9732363636363637,0.005309493892478958,0.9712,0.9885945818585284
mnist,exp,104,1,0.014132005804557923,0.9193272727272728,0.011157926130731867,0.939,0.9946226147045142
mnist,exp,104,2,0.01061930554918836,0.9406909090909091,0.00848071815224993,0.9544,0.9925210978573638
mnist,exp,104,3,0.009127604149893664,0.9493272727272727,0.007431862767618315,0.9602,0.9919279378142839
mnist,exp,104,4,0.007839764241469186,0.9565636363636364,0.006606509258207721,0.9658,0.9924563221859586
mnist,exp,104,5,0.007354339720810709,0.9592,0.006383312614265226,0.9664,0.9909949254916129
mnist,exp,104,6,0.00659572474903072,0.9638909090909091,0.005863933696128856,0.9686,0.9899275454515241
mnist,exp,104,7,0.006146699764435437,0.9662727272727273,0.005625998259414252,0.969,0.9894082532360159
mnist,exp,104,8,0.005736827773761838,0.9696181818181818,0.005406733772338525,0.97,0.988737074766496
mnist,exp,104,9,0.00544217137731485,0.9712,0.005248000964209962,0.971,0.9885854947265388
mnist,exp,104,10,0.005336750639534506,0.9718545454545454,0.005267171474450663,0.9714,0.9884242616301742
mnist,exp,105,1,0.01428648070778586,0.9178545454545455,0.011459104052454299,0.9334,0.9936492389675711
mnist,exp,105,2,0.01051976756232594,0.9412909090909091,0.00837236753311117,0.9556,0.9936395470465579
mnist,exp,105,3,0.008945660101810181,0.9492909090909091,0.007271523239215329,0.959,0.9915588116046512
mnist,exp,105,4,0.008325886998714237,0.9528909090909091,0.006755773209546209,0.9634,0.9914593830904798
mnist,exp,105,5,0.006984162921017663,0.9614363636363636,0.005995673058950183,0.9664,0.9902012974666257
mnist,exp,105,6,0.006429739774807284,0.9641454545454545,0.005782958710709528,0.9684,0.9894925197223101
mnist,exp,105,7,0.00597232251183325,0.9673272727272727,0.005493271626523952,0.9698,0.9896102451644903
mnist,exp,105,8,0.005724359973605586,0.9693636363636363,0.00543103689491136,0.9702,0.9894660006822045
mnist,exp,105,9,0.00524163940874826,0.9723636363636363,0.005161975165928055,0.971,0.9886244839451857
mnist,exp,105,10,0.005011901905940389,0.9738545454545454,0.005088115021720594,0.9724,0.9882637130297665
mnist,exp,106,1,0.013915016548904636,0.9212363636363636,0.011011196358534146,0.942,0.9934440522586546
mnist,exp,106,2,0.011077902690627299,0.9359818181818181,0.00856286062792337,0.9558,0.9926751096074674
mnist,exp,106,3,0.008962165274999058,0.9497636363636364,0.007300394812225356,0.9594,0.9912460481317473
mnist,exp,106,4,0.007692979662251402,0.9570909090909091,0.006354529431222855,0.9666,0.9910767248347307
mnist,exp,106,5,0.007181282071070893,0.9601090909090909,0.00613353105570292,0.966,0.9901466476977356
mnist,exp,106,6,0.0069069128797519625,0.9623454545454545,0.006096865853946606,0.9652,0.9902056989670741
mnist,exp,106,7,0.006564193275122822,0.9642545454545455,0.005966608703136359,0.9678,0.9904022740515994
mnist,exp,106,8,0.006017584425053234,0.9677818181818182,0.005545345556341123,0.968,0.9895934998555577
mnist,exp,106,9,0.005672203654214734,0.9711090909090909,0.00543273087004635,0.9714,0.9893230457681177
mnist,exp,106,10,0.00536596412521854,0.9720545454545455,0.005285488454964993,0.971,0.9889615900695831
mnist,exp,107,1,0.013770479104498913,0.9204909090909091,0.010696518213954223,0.9414,0.9933267778301655
mnist,exp,107,2,0.01098172482570835,0.935509090909091,0.008568373747825717,0.9504,0.9919946142657892
mnist,exp,107,3,0.008926232344072724,0.9491636363636363,0.007122241432964798,0.961,0.9922150393829415
mnist,exp,107,4,0.008406181712867878,0.9526545454545454,0.006801113855786967,0.963,0.990900758809901
mnist,exp,107,5,0.0073842271221529615,0.9600909090909091,0.006236104686105323,0.9676,0.9909044079092073
mnist,exp,107,6,0.006625259954790314,0.9638181818181818,0.00574456789155438,0.9708,0.9897393017565915
mnist,exp,107,7,0.006336265227118233,0.9655272727272727,0.005646900602795067,0.9692,0.9898658625800301
mnist,exp,107,8,0.005642485365807057,0.9700545454545455,0.005196629665856033,0.9726,0.9888307492006683
mnist,exp,107,9,0.005525287120305665,0.9715090909090909,0.005200656151050136,0.9702,0.9892774270474465
mnist,exp,107,10,0.005077181467557454,0.9735818181818182,0.00505084214608612,0.9714,0.9884496557643979
mnist,exp,108,1,0.014572269160538116,0.9179272727272727,0.01132946012200243,0.937,0.9937668836052037
mnist,exp,108,2,0.010674852689463507,0.9386363636363636,0.008252751894943792,0.9548,0.9921519930448517
mnist,exp,108,3,0.008843787965135267,0.9510363636363637,0.006909757702604683,0.9646,0.9916548051730351
mnist,exp,108,4,0.007838899156020786,0.9560909090909091,0.006211282411836207,0.9678,0.990900567478798
mnist,exp,108,5,0.007159819700092719,0.9601818181818181,0.0057464063618909884,0.9694,0.9899027417602864
mnist,exp,108,6,0.006431357143200709,0.9649454545454546,0.005471716193427292,0.9718,0.9894006127535429
mnist,exp,108,7,0.006324372245337437,0.9663636363636363,0.00555205124227027,0.97,0.9908915713669708
mnist,exp,108,8,0.005796157358938673,0.9695636363636364,0.005346045671089605,0.9712,0.9891876252700637
mnist,exp,108,9,0.00529287611940102,0.9723272727272727,0.004983422119195937,0.9726,0.9883266231348038
mnist,exp,108,10,0.005338274350287024,0.9722,0.005109201247779101,0.9728,0.9887747303496436
mnist,exp,109,1,0.013527103309778634,0.9208909090909091,0.010362316010062095,0.9402,0.9934499480081803
mnist,exp,109,2,0.011402796346050584,0.9343636363636364,0.009164915114784926,0.9482,0.993098105041155
mnist,exp,109,3,0.009344056837718011,0.9468727272727273,0.007711279359868661,0.9584,0.9918529713127925
mnist,exp,109,4,0.007887367408756145,0.9562181818181819,0.00658205791601044,0.9626,0.9905417494729694
mnist,exp,109,5,0.007276299710387417,0.9598181818181818,0.006285887317608083,0.9644,0.9909013992647663
mnist,exp,109,6,0.006281155072409343,0.9654545454545455,0.005597796752155624,0.9674,0.9898675718708674
mnist,exp,109,7,0.005788519046294268,0.9691454545454545,0.005304120623808942,0.9704,0.9893010070201381
mnist,exp,109,8,0.005572920502638105,0.9708363636363636,0.005388020944508679,0.9704,0.9888723131171853
mnist,exp,109,9,0.005487725854427115,0.971690909090909,0.005262497369643853,0.9714,0.9887667209647327
mnist,exp,109,10,0.0049990214748518854,0.9744363636363637,0.00507206930900971,0.9716,0.988864371407326
mnist,exp,110,1,0.013297791057801388,0.9229272727272727,0.010277829649515015,0.9418,0.9931220203059693
mnist,exp,110,2,0.010693756228113575,0.9382363636363636,0.00850377601760096,0.9548,0.9927428796213116
mnist,exp,110,3,0.008977123224025189,0.9490363636363637,0.0071603483414613865,0.9628,0.9922654452860412
mnist,exp,110,4,0.008602444444116352,0.9512363636363637,0.007023601028647822,0.9612,0.9919589078272291
mnist,exp,110,5,0.007373317641158263,0.9592545454545455,0.006140032686264632,0.9678,0.9902643983447491
mnist,exp,110,6,0.006558428060229104,0.9639090909090909,0.005637060269242879,0.9688,0.9896529656992784
mnist,exp,110,7,0.006171380613894911,0.9661636363636363,0.005433661178756848,0.9694,0.9895388029018014
mnist,exp,110,8,0.005939178774183602,0.9683818181818182,0.005369466249657591,0.97,0.988936616120571
mnist,exp,110,9,0.006356097867257498,0.9664545454545455,0.00595824520872372,0.967,0.9894374332127197
mnist,exp,110,10,0.005365546967332332,0.9719454545454546,0.005184164747439895,0.9718,0.9889298115850768
mnist,exp,111,1,0.01378962248831395,0.9204363636363636,0.010804393775941251,0.9372,0.9935085742770359
mnist,exp,111,2,0.010797597080458878,0.9381818181818182,0.008681940383459132,0.9518,0.9930478198726779
mnist,exp,111,3,0.009253307038046183,0.9488181818181818,0.007538264797173379,0.9588,0.9924689311034828
mnist,exp,111,4,0.0083032911232143,0.9528181818181818,0.006948869903572702,0.962,0.9918202198929185
mnist,exp,111,5,0.007221831215972321,0.9604545454545454,0.006277101756562324,0.9658,0.9910753216450545
mnist,exp,111,6,0.006525215922468067,0.9639818181818182,0.005906628781760816,0.9678,0.9895795504023561
mnist,exp,111,7,0.006160728279988974,0.9668909090909091,0.005798185292370668,0.969,0.9898257357209205
mnist,exp,111,8,0.005861416310139854,0.9680909090909091,0.0055655969631975225,0.9694,0.9903052720887215
mnist,exp,111,9,0.0053785787367227,0.9714,0.005362132984398538,0.9706,0.9885878362760651
mnist,exp,111,10,0.005207501741968476,0.9728727272727272,0.005369509943826668,0.9704,0.9890694880640791
mnist,exp,112,1,0.015279815640303706,0.9109818181818182,0.012196313102345773,0.9302,0.9944253771291879
mnist,exp,112,2,0.010720660610441784,0.9381636363636363,0.008481953293754042,0.954,0.9924731079607851
mnist,exp,112,3,0.008855352924491886,0.9495454545454546,0.006914105046628488,0.963,0.9917000888783525
mnist,exp,112,4,0.00863727760964377,0.9533090909090909,0.006953472631949526,0.963,0.9919979700014857
mnist,exp,112,5,0.007179364969440253,0.9602727272727273,0.0060755197600081716,0.9664,0.9899476217330994
mnist,exp,112,6,0.006566599253279854,0.9646363636363636,0.005568324508941812,0.9688,0.9895328887282503
mnist,exp,112,7,0.006064849788488522,0.9672,0.00534119052859515,0.9706,0.9895684673072693
mnist,exp,112,8,0.0055639874990544525,0.9705454545454546,0.0050837959213713485,0.9722,0.9887890523754534
mnist,exp,112,9,0.0053824553074688945,0.9716363636363636,0.005103691638088193,0.971,0.9885573946628609
mnist,exp,112,10,0.005036231866631579,0.9732545454545455,0.004971551254006026,0.9718,0.9886772040432353
mnist,exp,113,1,0.013710292302659707,0.9238,0.01072985875514088,0.9418,0.9948107824222017
mnist,exp,113,2,0.010416077077929192,0.9418181818181818,0.008150684767143018,0.956,0.9926202946758659
mnist,exp,113,3,0.008586269524559932,0.9517818181818182,0.006790684729977444,0.963,0.9918792245844789
mnist,exp,113,4,0.007747124091414444,0.957709090909091,0.006376140545023359,0.9662,0.9911301461510293
mnist,exp,113,5,0.007608080100596084,0.9582181818181819,0.006523381820921263,0.9642,0.9904489587947845
mnist,exp,113,6,0.006306011136998933,0.9658545454545454,0.005418878171996714,0.9702,0.9895146026721636
mnist,exp,113,7,0.0059753735516615775,0.9678,0.005347475221059574,0.9706,0.9892400043218353
mnist,exp,113,8,0.005573395136530967,0.9708545454545454,0.005111592037642259,0.9728,0.9891525513320831
mnist,exp,113,9,0.005365300532537881,0.9726363636363636,0.005156713408721786,0.9726,0.9887782999276717
mnist,exp,113,10,0.00513266830821062,0.973690909090909,0.005137755118140377,0.9724,0.9884837985292949
mnist,exp,114,1,0.014483599889306576,0.9143818181818182,0.011527555873293172,0.9326,0.9943278139929234
mnist,exp,114,2,0.011441408107958958,0.933490909090909,0.008824963016696807,0.9524,0.9922824781426391
mnist,exp,114,3,0.008934819743890559,0.9483272727272727,0.007090569611420785,0.9598,0.9912722694760071
mnist,exp,114,4,0.007682427181630718,0.956690909090909,0.006388247168791251,0.9658,0.9904235449753708
mnist,exp,114,5,0.007012570918899449,0.9610545454545455,0.006128508940380656,0.965,0.9904133525596238
mnist,exp,114,6,0.0064975403763432174,0.9650363636363636,0.005733105884024453,0.967,0.9896847904762732
mnist,exp,114,7,0.006103453035518481,0.9671454545454545,0.005493001728247691,0.9706,0.9892677792152128
mnist,exp,114,8,0.0061065701732027034,0.966690909090909,0.005738225775326831,0.9678,0.9902576208893368
mnist,exp,114,9,0.00528729948017835,0.9724727272727273,0.005146182935444842,0.972,0.9886170756177326
mnist,exp,114,10,0.004924604050348249,0.9748727272727272,0.004905419196609929,0.9726,0.9887364196205412
mnist,exp,115,1,0.013654387210179997,0.9217272727272727,0.010632565778812577,0.9448,0.9937597638605229
mnist,exp,115,2,0.011402989174880808,0.934490909090909,0.008964900149510808,0.9502,0.9931517298074882
mnist,exp,115,3,0.009200984809383528,0.9471090909090909,0.00734342740059242,0.9616,0.9916434563936778
mnist,exp,115,4,0.007971212489343009,0.9560181818181818,0.006441176683745621,0.9646,0.9915427059889153
mnist,exp,115,5,0.008257667967326727,0.9547818181818182,0.00700732102316688,0.9618,0.9906126791083847
mnist,exp,115,6,0.006744974045085847,0.9635818181818182,0.005761269058370649,0.969,0.9902811865404417
mnist,exp,115,7,0.006494922761992246,0.9642181818181819,0.005721116395035422,0.967,0.989764893420454
mnist,exp,115,8,0.00573481731614757,0.9690181818181818,0.005133250852224182,0.9702,0.9896984945396868
mnist,exp,115,9,0.005454518018037315,0.9708727272727272,0.005110300205201896,0.9704,0.9887360424074592
mnist,exp,115,10,0.005324107042584459,0.972,0.00503465807411675,0.9728,0.9888202548504
mnist,tanh,100,1,0.013678338851224442,0.9220363636363637,0.010803639796933464,0.9408,1.0026278263696895
mnist,tanh,100,2,0.011821937495700053,0.9322181818181818,0.009290847423760875,0.951,1.053971488950727
mnist,tanh,100,3,0.008864564964748843,0.9513636363636364,0.007159943781021585,0.9604,1.012888330734799
mnist,tanh,100,4,0.008065152017274093,0.9559454545454545,0.006814326424717533,0.9632,1.0013265802028823
mnist,tanh,100,5,0.007448855180191303,0.9592,0.00642932148194164,0.9642,1.002066102626652
mnist,tanh,100,6,0.006522495724496973,0.9654545454545455,0.005876103036748203,0.9684,1.0008027653942992
mnist,tanh,100,7,0.006611932038953526,0.9648727272727273,0.006061318006024012,0.9662,1.0005647579024335
mnist,tanh,100,8,0.005995592431033245,0.9679454545454546,0.005701831003136476,0.9688,1.0013528000284093
mnist,tanh,100,9,0.005471069492134621,0.9717454545454546,0.005357735507383057,0.9706,1.0007509531076801
mnist,tanh,100,10,0.005274816423243154,0.9726,0.0052942540200815146,0.9706,1.0004165563524392
mnist,tanh,101,1,0.014237578426664881,0.9182545454545454,0.011297653355377947,0.9368,1.0022864069182853
mnist,tanh,101,2,0.011188901277658082,0.9368,0.009129128987528464,0.9506,1.0009353227751632
mnist,tanh,101,3,0.009046478211109677,0.9490181818181819,0.00745129415524603,0.9588,1.0010399980321343
mnist,tanh,101,4,0.008155006528111209,0.9555636363636364,0.006815754758437249,0.9648,1.0005667340148097
mnist,tanh,101,5,0.0072581539493706175,0.9597818181818182,0.0062379977482026165,0.9676,1.001185406093903
mnist,tanh,101,6,0.0066414394426468504,0.9642727272727273,0.005876501960197379,0.97,1.0009969917058383
mnist,tanh,101,7,0.006048814682662492,0.9678181818181818,0.0054904120931853345,0.9698,1.0021449712784845
mnist,tanh,101,8,0.006421675846501989,0.9658363636363636,0.005895230140162876,0.968,1.0012757080374015
mnist,tanh,101,9,0.005540378886386449,0.9707454545454546,0.005362801062667955,0.9702,1.000665185538237
mnist,tanh,101,10,0.005699192974879292,0.970690909090909,0.005494959067005873,0.9702,1.0005424613726084
mnist,tanh,102,1,0.014032449366053005,0.9194727272727272,0.010884093251810471,0.9416,1.0370843356808703
mnist,tanh,102,2,0.010346962178756011,0.9403272727272727,0.008185944181925113,0.956,1.0343304549530732
mnist,tanh,102,3,0.0088093923526911,0.9499818181818181,0.006998980497563127,0.962,1.0354958892308839
mnist,tanh,102,4,0.00782904481829894,0.9557636363636364,0.006338357151024766,0.964,1.034350715810788
mnist,tanh,102,5,0.007260882907719538,0.9599090909090909,0.006245117188125121,0.9672,1.0345450378956658
mnist,tanh,102,6,0.006845990933607892,0.9626727272727272,0.005960724834067285,0.9662,1.0363566329918605
mnist,tanh,102,7,0.006445768817387813,0.9647272727272728,0.005937052984122104,0.9666,1.0338364519063932
mnist,tanh,102,8,0.005907768971894013,0.9682727272727273,0.005488602631908393,0.9692,1.0341853108327201
mnist,tanh,102,9,0.005484925491106647,0.9700909090909091,0.005253855300996352,0.9718,1.0353393467237508
mnist,tanh,102,10,0.005430905464615797,0.9716363636363636,0.005523172787867809,0.9694,1.0338145526369802
mnist,tanh,103,1,0.013357866736835167,0.9219636363636363,0.010384849284101624,0.942,1.0008065104963575
mnist,tanh,103,2,0.010456715817415427,0.9414181818181818,0.008423120171740395,0.9538,1.0022012100035704
mnist,tanh,103,3,0.009187733701025576,0.9495818181818182,0.007512584484630031,0.9614,1.0026478273723827
mnist,tanh,103,4,0.008009748254354266,0.9556181818181818,0.0065500266782461845,0.9662,1.0018220761966663
mnist,tanh,103,5,0.007698498474739432,0.9575454545454546,0.006550652625963632,0.9628,1.0011500860307239
mnist,tanh,103,6,0.007009606621910819,0.9617818181818182,0.006175427072718072,0.9658,1.0028935801368604
mnist,tanh,103,7,0.006288449938619088,0.9663454545454545,0.005687674717158286,0.9696,1.0016485845157532
mnist,tanh,103,8,0.006037481223262533,0.9682727272727273,0.005595191276916566,0.9696,1.000766560575211
mnist,tanh,103,9,0.005568527354440325,0.9703090909090909,0.00543626871554599,0.9696,1.0006275841869756
mnist,tanh,103,10,0.005359955711844706,0.9714545454545455,0.005420160646659348,0.9678,1.0009141045783112
mnist,tanh,104,1,0.013988437496365436,0.9204545454545454,0.011051001676605542,0.9404,1.000921263442151
mnist,tanh,104,2,0.010764926031924332,0.9392545454545455,0.008633680409773173,0.9534,1.0008123149590518
mnist,tanh,104,3,0.009284656261778499,0.9477454545454546,0.007677865795398163,0.961,1.0018288156272053
mnist,tanh,104,4,0.007971118376415294,0.9556727272727272,0.00684346303041394,0.9634,1.0010015305466167
mnist,tanh,104,5,0.007445987963382274,0.9595818181818182,0.006588783642414695,0.9662,1.0022667948564454
mnist,tanh,104,6,0.00679372165884922,0.9638181818181818,0.006128640325595963,0.9676,1.0014468513444479
mnist,tanh,104,7,0.006361850076357609,0.9658363636363636,0.0060238305145421875,0.9656,1.0020098132612407
mnist,tanh,104,8,0.005827769443527728,0.9691090909090909,0.005704745290661564,0.9688,1.0009194211514907
mnist,tanh,104,9,0.00549327122745078,0.9708545454545454,0.005474205046599833,0.9698,1.0020248208757894
mnist,tanh,104,10,0.005455445431237122,0.9712909090909091,0.005556561592488293,0.9712,1.0007289394506367
mnist,tanh,105,1,0.01457674902335577,0.9163272727272728,0.011623509265562784,0.9344,1.005368329204954
mnist,tanh,105,2,0.010586636748021305,0.9398727272727273,0.008447663220358738,0.952,1.0024409023939647
mnist,tanh,105,3,0.009267752591305503,0.9469272727272727,0.007512384136720672,0.9584,1.0023138643249365
mnist,tanh,105,4,0.008439103606397717,0.9530363636363637,0.007050926149790354,0.9604,1.0039693907944878
mnist,tanh,105,5,0.007052402145968498,0.9604727272727273,0.006203992255395512,0.9656,1.0006295025498984
mnist,tanh,105,6,0.006460090843227121,0.9648363636363636,0.005980312356439219,0.9662,0.9991210095412831
mnist,tanh,105,7,0.0060853260500190395,0.9666545454545454,0.005731723640466537,0.97,1.0008563619729791
mnist,tanh,105,8,0.005654547063293347,0.9701636363636363,0.005493654174552142,0.9704,1.0042659711260178
mnist,tanh,105,9,0.005296852633783772,0.9722363636363637,0.005248141066171721,0.9698,1.0015727004805823
mnist,tanh,105,10,0.004960673550810861,0.9745272727272727,0.005130090786643285,0.9716,1.000979463611376
mnist,tanh,106,1,0.014026609909078218,0.9206363636363636,0.011102689616319548,0.9412,1.0006416209936349
mnist,tanh,106,2,0.011352432920661872,0.9342545454545454,0.00884271745199183,0.9538,1.0010299836798513
mnist,tanh,106,3,0.00935942118200076,0.9470909090909091,0.007579096128500714,0.9586,1.1219115350607705
mnist,tanh,106,4,0.007858925884330653,0.9562363636363637,0.006460366644006089,0.966,1.0008797857802951
mnist,tanh,106,5,0.007287540960723704,0.9592,0.006174123124270425,0.964,1.0011251653991193
mnist,tanh,106,6,0.007176867432452036,0.9604909090909091,0.006193370168182497,0.9662,1.0008947170902303
mnist,tanh,106,7,0.007203957970221811,0.9597272727272728,0.00651118191183675,0.9644,1.000873829185459
mnist,tanh,106,8,0.006012446950596363,0.9670909090909091,0.005472348052623561,0.969,1.0015843671925984
mnist,tanh,106,9,0.005925668621766467,0.9690545454545455,0.005582547555671373,0.9694,1.0006309270889193
mnist,tanh,106,10,0.005701644256944356,0.9699818181818182,0.005489539818735,0.969,1.0025215826116503
mnist,tanh,107,1,0.013715122720752005,0.9208909090909091,0.010653495138330296,0.9406,1.0007231554949474
mnist,tanh,107,2,0.010937776750536313,0.9359818181818181,0.008512341471309689,0.9522,1.0039661527775399
mnist,tanh,107,3,0.00924722004887174,0.9476181818181818,0.007365074925866714,0.96,1.0016186042931796
mnist,tanh,107,4,0.008500315313885997,0.9520727272727273,0.007056673430427012,0.963,1.0010258111770585
mnist,tanh,107,5,0.008237782383076746,0.9556727272727272,0.006917645347625212,0.9662,1.0013525476463574
mnist,tanh,107,6,0.006781655146118093,0.9626545454545454,0.0057569361593194455,0.9702,1.0005822137441143
mnist,tanh,107,7,0.0066122050758141565,0.9637454545454546,0.005803663091271718,0.968,1.0022602560937715
mnist,tanh,107,8,0.005941435827997877,0.9684727272727273,0.005412693076454425,0.9712,1.0016659709733862
mnist,tanh,107,9,0.0056626158378381775,0.9704727272727273,0.005240822886850293,0.972,1.0008718835012211
mnist,tanh,107,10,0.005361738933975759,0.9717454545454546,0.005115085430773397,0.9722,1.000537597648388
mnist,tanh,108,1,0.014789307924970962,0.9171818181818182,0.011557066791032198,0.937,1.0048111858966058
mnist,tanh,108,2,0.010887935878499273,0.9371090909090909,0.008433953769588531,0.9546,1.0029332133867912
mnist,tanh,108,3,0.009050850673274439,0.95,0.007119257543520166,0.9624,1.0044898499500805
mnist,tanh,108,4,0.008092656748033517,0.9548181818181818,0.006581368036279389,0.9656,1.0019783558902877
mnist,tanh,108,5,0.007512474870435359,0.9578545454545454,0.00615923411748308,0.9666,1.001981745481345
mnist,tanh,108,6,0.006693091751259277,0.9634,0.005724991641858467,0.97,1.0008065658857066
mnist,tanh,108,7,0.0064650778492330915,0.9656727272727272,0.005759834912314937,0.9694,1.0024912229063667
mnist,tanh,108,8,0.005986355039475506,0.9682545454545455,0.005652053199480114,0.9698,1.002447681959865
mnist,tanh,108,9,0.005486524892975854,0.9711454545454545,0.005235640775648376,0.9712,1.0024981357642986
mnist,tanh,108,10,0.005389427467491487,0.9717454545454546,0.005273992038981273,0.9708,1.0033026502051143
mnist,tanh,109,1,0.013567972615142693,0.9196727272727273,0.010443355455968075,0.9416,1.0038005582445995
mnist,tanh,109,2,0.011411274525022426,0.9340363636363637,0.009147404327368394,0.9486,1.0025040325085732
mnist,tanh,109,3,0.009215400269874136,0.9467636363636364,0.007543170441520083,0.9578,1.0143109643296286
mnist,tanh,109,4,0.007910561814129902,0.9557818181818182,0.006556981877422552,0.9634,1.0026152854646602
mnist,tanh,109,5,0.0074628985975567575,0.9590181818181818,0.006372724734968711,0.963,1.0007745321327086
mnist,tanh,109,6,0.006455820615886329,0.9648545454545454,0.005668224208325771,0.9674,1.0014282360689282
mnist,tanh,109,7,0.006087599721980918,0.9676181818181818,0.00550944121280755,0.9688,1.000495442495014
mnist,tanh,109,8,0.006190305990671287,0.9675090909090909,0.005837427898912807,0.968,1.0015232427599001
mnist,tanh,109,9,0.005857319297121247,0.9695818181818182,0.005408897284898051,0.9716,1.0009511944122431
mnist,tanh,109,10,0.005416393703850823,0.9719454545454546,0.005258234879209213,0.9718,1.0002723773648794
mnist,tanh,110,1,0.013198961551328948,0.9237454545454545,0.010151871957004061,0.9416,1.001020286503702
mnist,tanh,110,2,0.010583782295729711,0.9394545454545454,0.008428231476027838,0.955,1.0015780606177824
mnist,tanh,110,3,0.008955426422427599,0.9499272727272727,0.0072723544847447166,0.9612,1.0021374995228307
mnist,tanh,110,4,0.008436283035141092,0.9523636363636364,0.007005676118889335,0.9618,1.0021375147580855
mnist,tanh,110,5,0.0074435863747518965,0.9591272727272727,0.006231729221499811,0.9674,1.003989750043215
mnist,tanh,110,6,0.006607938218083547,0.9636181818181818,0.005795450357165116,0.9672,1.0014871519925115
mnist,tanh,110,7,0.006080027375823243,0.9671818181818181,0.005490151034557809,0.9686,1.0005988159533379
mnist,tanh,110,8,0.005930611497912948,0.9681818181818181,0.0053438882683046005,0.9698,1.0010371008784775
mnist,tanh,110,9,0.006149049497544275,0.9683818181818182,0.005859495296655326,0.9674,1.0057176692044116
mnist,tanh,110,10,0.005494635733943604,0.9713454545454545,0.005333801082231188,0.9704,1.0010177882584037
mnist,tanh,111,1,0.013724939381562454,0.9214545454545454,0.010763735224829738,0.9396,1.0037718602056642
mnist,tanh,111,2,0.010616757354312065,0.9387636363636364,0.008533406028363551,0.9518,1.0016132113303868
mnist,tanh,111,3,0.008952990682171261,0.9498181818181818,0.007312457929526671,0.9616,1.0008750089620817
mnist,tanh,111,4,0.008422663521724551,0.9539818181818182,0.0070754646874738175,0.9608,1.0007092621318407
mnist,tanh,111,5,0.007340868233459232,0.9595272727272727,0.00641945589467851,0.9652,1.0027094828054703
mnist,tanh,111,6,0.00684232033121423,0.9626727272727272,0.006251876581936931,0.963,1.000504437901181
mnist,tanh,111,7,0.006373849400569641,0.966,0.006052087801491635,0.9658,1.000843871243076
mnist,tanh,111,8,0.005880063555524964,0.9684909090909091,0.0056302932650958235,0.9678,1.0023996188377202
mnist,tanh,111,9,0.005540560942870004,0.9704181818181818,0.005487503848483933,0.9698,1.0005423493795687
mnist,tanh,111,10,0.005347654142279842,0.9719818181818182,0.005358391767098206,0.9704,1.0052563203332119
mnist,tanh,112,1,0.015460854686472039,0.9094181818181818,0.012290545571509492,0.9292,1.0033613675021118
mnist,tanh,112,2,0.01066836064489467,0.9387090909090909,0.008402550580740518,0.9552,1.0020837251802048
mnist,tanh,112,3,0.008876269082340656,0.9496181818181818,0.0068596355914847034,0.963,1.000679562827319
mnist,tanh,112,4,0.008602140920801181,0.9530181818181818,0.006882238753054462,0.9646,1.0008732820070416
mnist,tanh,112,5,0.007123572690274836,0.9608545454545454,0.005990681882275657,0.966,1.0014210095024676
mnist,tanh,112,6,0.0064882498902000965,0.9644909090909091,0.005480808027987971,0.9708,1.0025007121324758
mnist,tanh,112,7,0.006206066025121284,0.9665636363636364,0.005432274328260748,0.9722,1.0027850470270223
mnist,tanh,112,8,0.005681607295563677,0.97,0.005094658512944661,0.9734,1.0013054836828006
mnist,tanh,112,9,0.005399864646210309,0.9714545454545455,0.005025254764853359,0.9724,1.0016361269299892
mnist,tanh,112,10,0.0050939098024788436,0.9730909090909091,0.004966885900853892,0.972,1.0009926854506919
mnist,tanh,113,1,0.013663344492360781,0.9235818181818182,0.010711225267122638,0.943,1.0071222659209813
mnist,tanh,113,2,0.010449439115377919,0.9418545454545455,0.008236284035000731,0.9566,1.0053545478242583
mnist,tanh,113,3,0.008590279133098795,0.9516727272727272,0.006844675799058546,0.9642,1.0056021612930424
mnist,tanh,113,4,0.007793200744656014,0.9583090909090909,0.006505428821126327,0.9658,1.0055711113909085
mnist,tanh,113,5,0.008259627953922634,0.9549272727272727,0.007240005440498458,0.9612,1.0065467428427766
mnist,tanh,113,6,0.006488546703682669,0.9652,0.005652203223756182,0.969,1.005626934722488
mnist,tanh,113,7,0.006344612083323577,0.9663636363636363,0.005797345519702072,0.972,1.005864372395283
mnist,tanh,113,8,0.005778293055659013,0.9696363636363636,0.005486308038114816,0.9728,1.0059084917382468
mnist,tanh,113,9,0.005518120748160959,0.9714727272727273,0.005373216546502786,0.9726,1.0057987478587271
mnist,tanh,113,10,0.005332229438354307,0.9720363636363636,0.005389463820152204,0.9708,1.0054509014629798
mnist,tanh,114,1,0.014329035997805864,0.9159636363636363,0.011418199515259594,0.9332,1.0019035091528061
mnist,tanh,114,2,0.0112719489029451,0.9350363636363637,0.008713491262615947,0.9522,1.003974526063942
mnist,tanh,114,3,0.008776424587407591,0.9489090909090909,0.006955755931726562,0.962,1.0037772657514594
mnist,tanh,114,4,0.007654073517930941,0.9564545454545454,0.006310012986897755,0.967,1.0001682179563065
mnist,tanh,114,5,0.006886082956688918,0.9610181818181818,0.005917054295781479,0.9662,1.0032556765163805
mnist,tanh,114,6,0.0063856621655676,0.9656545454545454,0.005591849859950758,0.9692,1.001724459045521
mnist,tanh,114,7,0.006031323359459224,0.9677636363636364,0.0054639717316169985,0.9706,1.002073969882525
mnist,tanh,114,8,0.0056452895478167255,0.9696,0.005334235392896485,0.9724,1.002317156195293
mnist,tanh,114,9,0.005162386750797808,0.9731090909090909,0.00500763590112359,0.9754,1.0031689245693158
mnist,tanh,114,10,0.004880889812411254,0.9745636363636364,0.004847539765752252,0.9746,1.0018407350184428
mnist,tanh,115,1,0.01361360437917836,0.9213818181818182,0.01066294548666972,0.9454,1.0022320172189987
mnist,tanh,115,2,0.011510630847945394,0.9340545454545455,0.009166736245616229,0.9506,1.049931963434677
mnist,tanh,115,3,0.009071719934811363,0.9476181818181818,0.0073338208398379175,0.9612,1.0034951096438136
mnist,tanh,115,4,0.007973195163226393,0.9558727272727273,0.006548667686220152,0.9656,1.0010056706810864
mnist,tanh,115,5,0.008148679259759995,0.9549090909090909,0.007062212506115871,0.9608,1.0008559478675492
mnist,tanh,115,6,0.006881525262620013,0.9628363636363636,0.006014871927288284,0.9694,1.0008911905922893
mnist,tanh,115,7,0.006549241610263748,0.9641636363636363,0.005880956686902477,0.9656,1.0018729978663887
mnist,tanh,115,8,0.005704281730427183,0.9687636363636364,0.00527747967581076,0.9698,1.0016869601523777
mnist,tanh,115,9,0.005724874504918433,0.9698545454545454,0.005403043684991544,0.9698,1.0043769730770704
mnist,tanh,115,10,0.005466009670300669,0.9710181818181818,0.0053533424311508334,0.9716,1.000522037523202
mnist,log,100,1,0.015182776091499445,0.9164727272727273,0.012018348436519702,0.9386,0.8876355032833028
mnist,log,100,2,0.012777523329024622,0.9280727272727273,0.010018561489585433,0.9482,0.8439177320185641
mnist,log,100,3,0.010142952061298715,0.9442181818181818,0.008164346376632456,0.9552,0.686915451171527
mnist,log,100,4,0.009209162420823556,0.9503090909090909,0.007601562188013992,0.96,0.7095614571733466
mnist,log,100,5,0.00870236181316989,0.9517636363636364,0.00727412913468969,0.9602,0.6292502035333648
mnist,log,100,6,0.008066051765788685,0.9564545454545454,0.0067691287391278,0.9652,0.7452297961393295
mnist,log,100,7,0.007625574136024585,0.9580909090909091,0.00652363549608271,0.9638,0.8240269338805158
mnist,log,100,8,0.00745835371960924,0.9592727272727273,0.006494876771025217,0.9634,0.7114720975798836
mnist,log,100,9,0.007083013524631217,0.9622,0.006251314710194296,0.9666,0.7190721771581022
mnist,log,100,10,0.006684582357304181,0.9639818181818182,0.005992934771290499,0.9664,0.6871626908376509
mnist,log,101,1,0.015187781513353997,0.9148,0.011981541148246042,0.9354,0.9178942239739473
mnist,log,101,2,0.01214210852268482,0.9314545454545454,0.009676858658016119,0.945,0.797389061015812
mnist,log,101,3,0.010384324003265687,0.9409090909090909,0.008287469797278773,0.9536,0.6719038456974642
mnist,log,101,4,0.009632752197151154,0.9466727272727272,0.007705841698640595,0.9594,0.823299897993701
mnist,log,101,5,0.008560393138505096,0.9520545454545455,0.007001381642083007,0.9604,0.7474910682443778
mnist,log,101,6,0.008079691101623435,0.9552909090909091,0.006690899686230688,0.964,0.6477927395617241
mnist,log,101,7,0.00750433638550221,0.9582727272727273,0.00632692398840619,0.9678,0.5139392069989511
mnist,log,101,8,0.007280986586547749,0.9598181818181818,0.0063042737795193276,0.9662,0.5706079856344445
mnist,log,101,9,0.006768637791774595,0.9632,0.005940609209877808,0.9686,0.5715570106368169
mnist,log,101,10,0.006525888816987559,0.9647636363636364,0.005820819038167014,0.9688,0.5475281757476566
mnist,log,102,1,0.015018420756675538,0.9150909090909091,0.011769057171691978,0.9378,0.9478575366889579
mnist,log,102,2,0.011809851863649164,0.932490909090909,0.009273519342800168,0.948,0.7377602367679045
mnist,log,102,3,0.010209366377282298,0.9423272727272727,0.008023535161080616,0.956,0.8458959591487812
mnist,log,102,4,0.00934780587943423,0.9483454545454545,0.007443412026340084,0.9594,0.9730183595819502
mnist,log,102,5,0.008650684896774683,0.9526545454545454,0.007085202508095783,0.9634,0.9709136070271656
mnist,log,102,6,0.008218756071964973,0.9546909090909091,0.006722870631882677,0.9624,0.9948923313301526
mnist,log,102,7,0.007671178513134845,0.9582181818181819,0.006512695759206611,0.9654,0.9609541889138752
mnist,log,102,8,0.007190846066391972,0.961,0.006127836795121682,0.966,0.8647258318403235
mnist,log,102,9,0.006879056707573651,0.962690909090909,0.006011600507110699,0.9668,0.7399112943354881
mnist,log,102,10,0.006528541276599532,0.9648,0.005782689875888476,0.9692,0.808239852484935
mnist,log,103,1,0.014657408690920451,0.9172545454545454,0.011564652010839805,0.9356,0.6979384805946086
mnist,log,103,2,0.011735053315207624,0.9334181818181818,0.009208327589371273,0.951,0.7657075542684572
mnist,log,103,3,0.01044272066075125,0.9417090909090909,0.008155090843180366,0.9562,0.8018372370648386
mnist,log,103,4,0.009294211676324823,0.949,0.00736638382608126,0.9604,1.032894045566117
mnist,log,103,5,0.008696703050561113,0.9523272727272727,0.006976663579278893,0.964,0.7335146464308757
mnist,log,103,6,0.007830150886928238,0.9571090909090909,0.00656626066122991,0.9654,0.5681558659005032
mnist,log,103,7,0.007330034783847732,0.9606181818181818,0.006200706661554937,0.9668,0.5067855295672542
mnist,log,103,8,0.007123987189750329,0.9622363636363637,0.0061154575310934205,0.9668,0.8270725480547451
mnist,log,103,9,0.006675461971452386,0.9644727272727273,0.005912949892290138,0.9684,0.6148886441068259
mnist,log,103,10,0.00691756675343946,0.9640909090909091,0.006001657605067728,0.9688,0.7388524464482619
mnist,log,104,1,0.015498527255727293,0.9125272727272727,0.012331666008812431,0.9322,0.9101672476545437
mnist,log,104,2,0.011849761526207024,0.9336727272727273,0.00930041592165193,0.9514,0.7447689063092666
mnist,log,104,3,0.01031154767986557,0.9426,0.00821183292013206,0.9568,0.7949586482919454
mnist,log,104,4,0.009304779425583852,0.9477818181818182,0.007455588459660687,0.9616,0.9292605717524497
mnist,log,104,5,0.009010081682848812,0.9498545454545455,0.007351585379770132,0.9622,0.8009998367473707
mnist,log,104,6,0.008300185439681753,0.9545454545454546,0.006967492434899714,0.9644,0.6600325632814285
mnist,log,104,7,0.007656654919178185,0.9581090909090909,0.006492683232122766,0.9676,0.5702962876900929
mnist,log,104,8,0.007184134801260517,0.9610181818181818,0.006196170783574137,0.9676,0.3950325598597197
mnist,log,104,9,0.006876727730035008,0.9623818181818182,0.006013263764488181,0.9664,0.5195097981480253
mnist,log,104,10,0.006756209274823866,0.9636,0.005949805636812907,0.9688,0.7118250634884273
mnist,log,105,1,0.015257808320319075,0.9156,0.012236534923984767,0.9344,0.792417361897201
mnist,log,105,2,0.011692182057215152,0.9338545454545455,0.009244588904057839,0.9514,0.8424427666912677
mnist,log,105,3,0.010232594183490663,0.9420181818181819,0.008095445097883966,0.9554,0.6423610424123798
mnist,log,105,4,0.009405312740744349,0.9473454545454545,0.007391022994277506,0.9614,0.7624298591918112
mnist,log,105,5,0.008424449402941897,0.9533636363636364,0.006756837004259119,0.9642,0.629065881614429
mnist,log,105,6,0.007815958526276342,0.9565636363636364,0.006406832967849673,0.964,0.2689245404605421
mnist,log,105,7,0.007333102798609149,0.9593272727272727,0.006075463576122038,0.9666,0.6732129420782126
mnist,log,105,8,0.00695568941780179,0.9621818181818181,0.005845776579185512,0.9676,0.7862573571201182
mnist,log,105,9,0.006581069275579379,0.9645818181818182,0.005630520001637285,0.9698,0.5537317928717743
mnist,log,105,10,0.006276750026815103,0.9664545454545455,0.005513430785552938,0.971,0.5167995129841816
mnist,log,106,1,0.014873156966548664,0.9171090909090909,0.011790319478746905,0.939,0.7767154106215485
mnist,log,106,2,0.012245776970842665,0.9285454545454546,0.009371305402842115,0.9496,0.7862580984445907
mnist,log,106,3,0.010091993922464779,0.9430363636363637,0.007974579053496154,0.9574,0.5570762143907715
mnist,log,106,4,0.009038859869648414,0.9491090909090909,0.007219183330942067,0.9624,0.728133961605242
mnist,log,106,5,0.008417220257657797,0.9528909090909091,0.0068513875612356175,0.9632,0.5574330034318369
mnist,log,106,6,0.00815717052950895,0.9549454545454545,0.006688996702613963,0.9626,0.7346825859535794
mnist,log,106,7,0.007649390778071644,0.9581454545454545,0.006513688165139417,0.9638,0.7259572883284873
mnist,log,106,8,0.0070559620873594875,0.9608,0.0060588932900375175,0.966,0.78292477597501
mnist,log,106,9,0.0068139633301145495,0.9637636363636364,0.005956332905813744,0.9678,0.727874131570179
mnist,log,106,10,0.006555801987690961,0.9655090909090909,0.005802669333656605,0.966,0.7612250580360392
mnist,log,107,1,0.01506615647045877,0.9157272727272727,0.011726483324439364,0.9372,0.7107100800778582
mnist,log,107,2,0.012054948452730002,0.9303818181818182,0.009330413746154195,0.947,0.5677540400892378
mnist,log,107,3,0.010502405746805917,0.9393272727272727,0.00826108795689163,0.9552,0.8280344786125675
mnist,log,107,4,0.009875010765195194,0.9456363636363636,0.007835265816656911,0.959,0.6681359563102449
mnist,log,107,5,0.008717407315357627,0.9517454545454546,0.0071409810212917976,0.9618,0.8132538188620023
mnist,log,107,6,0.007947416342356529,0.9563090909090909,0.006646843737719057,0.9666,0.5959116884522708
mnist,log,107,7,0.007682170430705288,0.9580363636363637,0.006592016074164881,0.9666,0.7690074539520262
mnist,log,107,8,0.007062667730509772,0.9614727272727273,0.0060825871263250975,0.9688,0.5262219397393072
mnist,log,107,9,0.006790804674768223,0.9638181818181818,0.006062731636539077,0.97,0.698251837067732
mnist,log,107,10,0.0063699292448602006,0.9666181818181818,0.005781554516002079,0.971,0.7404008164918159
mnist,log,108,1,0.015111757136832642,0.9158363636363637,0.011804213431397818,0.9354,0.8221472029563772
mnist,log,108,2,0.011719554454909282,0.9332545454545454,0.009085881652488338,0.9492,0.683602914908235
mnist,log,108,3,0.010119555354761448,0.9434181818181818,0.007935737941524018,0.9564,0.7034470338797509
mnist,log,108,4,0.009179199168206803,0.9483272727272727,0.007251834406650532,0.9624,0.7009624552082798
mnist,log,108,5,0.008325796299625978,0.9536909090909091,0.00667803726428135,0.9662,0.5450503620728901
mnist,log,108,6,0.0076379515797116325,0.9577818181818182,0.006235630071155665,0.9694,0.3358580556106031
mnist,log,108,7,0.007473024001156294,0.9592545454545455,0.006276941605034141,0.9674,0.8540528484021146
mnist,log,108,8,0.006846722097684884,0.9636,0.0058509142601701255,0.9698,0.792605169935785
mnist,log,108,9,0.0065739144089075625,0.9648545454545454,0.005712589637781884,0.97,0.24439063631203192
mnist,log,108,10,0.006335145093487984,0.966,0.005585800579426212,0.971,0.7360270139133845
mnist,log,109,1,0.01460896785482005,0.9163272727272728,0.011350125738491692,0.9402,0.7417080679706737
mnist,log,109,2,0.012208960159532286,0.9306363636363636,0.009694046059004603,0.9466,0.8362636791279149
mnist,log,109,3,0.010706258664894738,0.9390363636363637,0.008619369611636023,0.9534,0.7242655942323619
mnist,log,109,4,0.009282046432022408,0.9479454545454545,0.007540293682656443,0.9586,0.47996649197602387
mnist,log,109,5,0.008569232685938318,0.9525636363636364,0.007146554417816386,0.9614,0.7489790200799158
mnist,log,109,6,0.00789487388340207,0.9564545454545454,0.00668254831316156,0.9654,0.6419575939178925
mnist,log,109,7,0.007536037484922302,0.9588909090909091,0.00632279215921526,0.9656,0.7161072163813634
mnist,log,109,8,0.007081119651631288,0.9618909090909091,0.006184782478589543,0.9658,0.48659604271680995
mnist,log,109,9,0.0070784536807963205,0.9621272727272727,0.00618920188190996,0.9672,0.7625801188303479
mnist,log,109,10,0.006513197570692648,0.9648545454545454,0.005894201811255808,0.9676,0.7524405080842528
mnist,log,110,1,0.015002902318984079,0.9158181818181819,0.01177384244009244,0.9396,0.7044922087371561
mnist,log,110,2,0.011896748242188995,0.9322545454545454,0.009345133686315637,0.9498,0.814901167352233
mnist,log,110,3,0.010537394728270397,0.9406545454545454,0.008262080602591993,0.9554,0.8260280437697114
mnist,log,110,4,0.010262848237437873,0.9414181818181818,0.00800605631030802,0.9562,0.8655078653867166
mnist,log,110,5,0.008839924243597638,0.9511272727272727,0.00707623494212501,0.9618,0.7402737156171222
mnist,log,110,6,0.008293022446724658,0.9534181818181818,0.006696739871718946,0.9632,0.5672847227155623
mnist,log,110,7,0.007802969069853177,0.9564727272727273,0.006338088975409539,0.9646,0.5068792055461625
mnist,log,110,8,0.007532047390173019,0.9583818181818182,0.006240571841665305,0.9662,0.4974452229921374
mnist,log,110,9,0.007688241025080945,0.9571090909090909,0.006684352062679288,0.964,0.8500407056463221
mnist,log,110,10,0.006899759909282086,0.9622,0.005991707528155507,0.9672,0.7175455878294833
mnist,log,111,1,0.014856761314589333,0.9156363636363636,0.011698994463700069,0.9356,0.762422374842854
mnist,log,111,2,0.011741746602309212,0.9327454545454545,0.00930210484077641,0.9492,0.7957814149965908
mnist,log,111,3,0.010307173957976612,0.9421454545454545,0.008143634045695089,0.9574,0.8250720573759767
mnist,log,111,4,0.009678947735388625,0.9447454545454546,0.007879421252002538,0.956,0.8542407830518082
mnist,log,111,5,0.00858290667932553,0.9516727272727272,0.007106390748465061,0.9608,0.7852869212993241
mnist,log,111,6,0.007836342064934268,0.9558909090909091,0.006637656446321482,0.9642,0.5083524676879856
mnist,log,111,7,0.00743667317806204,0.9593090909090909,0.006375311792584829,0.9664,0.708051245724098
mnist,log,111,8,0.007075084654760643,0.9605636363636364,0.006197355612271249,0.9638,0.8127228616178794
mnist,log,111,9,0.00665772623592164,0.9637636363636364,0.005917185682830682,0.966,0.6691190173384546
mnist,log,111,10,0.006780875209419152,0.9631818181818181,0.006066783024725499,0.9658,0.7737738163715308
mnist,log,112,1,0.01595053465775566,0.9091454545454546,0.012547394388852339,0.9308,0.8949306793214574
mnist,log,112,2,0.011676368464428407,0.9339636363636363,0.00904506723403838,0.9506,0.7501224437769707
mnist,log,112,3,0.010209202076256363,0.9424727272727272,0.00797770033264581,0.9556,0.6538122188587039
mnist,log,112,4,0.009753211470650992,0.9462181818181818,0.007707983026419959,0.959,0.8288823223800166
mnist,log,112,5,0.008506881206887057,0.9528545454545455,0.006867405141791053,0.9636,0.4436695718803586
mnist,log,112,6,0.008560225596583577,0.9539272727272727,0.006948222725065059,0.964,0.4559749834781247
mnist,log,112,7,0.007618370450758488,0.9583090909090909,0.006226402846425613,0.9684,0.5351128238652679
mnist,log,112,8,0.007143696043072821,0.9614181818181818,0.0059428841365732725,0.9692,0.29926908621573883
mnist,log,112,9,0.006898816512882683,0.9623454545454545,0.00590711269966079,0.9692,0.6825319702404108
mnist,log,112,10,0.006599899017546349,0.9643636363636363,0.005782653809599433,0.9698,0.7258668103199805
mnist,log,113,1,0.014813295781730787,0.9184363636363636,0.011695227534815876,0.9392,1.0999877605484538
mnist,log,113,2,0.011635804604894346,0.9350363636363637,0.009135279023360404,0.9508,0.8086243755719458
mnist,log,113,3,0.009954381562743163,0.9445454545454546,0.00790986339976528,0.9594,0.8087487293367825
mnist,log,113,4,0.00892752888128726,0.9516181818181818,0.007162374584973916,0.9636,0.748460684376855
mnist,log,113,5,0.008921443916890212,0.9507636363636364,0.00741824680518151,0.961,0.7987553072073351
mnist,log,113,6,0.007624177712379308,0.9588181818181818,0.00631561407185141,0.9662,0.5702361158876122
mnist,log,113,7,0.00724277670354944,0.9607636363636364,0.006150023787941675,0.967,0.5031068503293892
mnist,log,113,8,0.006888100871360374,0.9636545454545454,0.005873004925677279,0.9696,0.759812671853217
mnist,log,113,9,0.0066545457527126175,0.9645090909090909,0.0057795709028246175,0.9686,0.6243947035795411
mnist,log,113,10,0.006479567319436135,0.9654363636363636,0.005831066141916754,0.9688,0.7322251764945222
mnist,log,114,1,0.01566358335371007,0.9114363636363636,0.012597779228406903,0.9284,0.8980332659259173
mnist,log,114,2,0.012926936994984286,0.9246363636363636,0.010151712259868337,0.9428,0.7216158194029468
mnist,log,114,3,0.010698982940838257,0.9384727272727272,0.00835463644741311,0.9534,0.5918628791827286
mnist,log,114,4,0.009554555040213972,0.9458545454545455,0.0076826022499944585,0.9596,0.37287407053686766
mnist,log,114,5,0.008756528064178799,0.9505454545454546,0.007227114071994277,0.96,0.7337896255094595
mnist,log,114,6,0.008119371325451695,0.9544181818181818,0.006688575369666758,0.963,0.5638703868920111
mnist,log,114,7,0.007505677874370228,0.9586181818181818,0.006315545716180304,0.9644,0.6882878092045911
mnist,log,114,8,0.007326030232250491,0.9594909090909091,0.006362139159006075,0.9638,0.8476122907881813
mnist,log,114,9,0.006827630919314219,0.9632727272727273,0.005969143640006575,0.9666,0.6450278480360758
mnist,log,114,10,0.006609075064169038,0.9651454545454545,0.005883998624264288,0.9674,0.7888895992947859
mnist,log,115,1,0.014702481599382087,0.9175636363636364,0.01155821360292081,0.9408,0.7839162407159945
mnist,log,115,2,0.01264876285189968,0.9282545454545454,0.010134925086902455,0.9446,0.8529904697799636
mnist,log,115,3,0.010489554542681565,0.9403272727272727,0.00831599519896805,0.955,0.7603098545455849
mnist,log,115,4,0.009362782757780101,0.9478,0.007493112968500476,0.9608,0.810969227421681
mnist,log,115,5,0.00895263122963544,0.9500545454545455,0.007361631734822891,0.961,0.7067077378666453
mnist,log,115,6,0.008187444744995642,0.9549090909090909,0.006775813666045746,0.9644,0.7266251901787938
mnist,log,115,7,0.007838641521946263,0.9563818181818182,0.006646628528127098,0.9668,0.7366736468058851
mnist,log,115,8,0.0071996211729859995,0.9607454545454546,0.006188387592255601,0.968,0.7699485501293178
mnist,log,115,9,0.0068900620649878465,0.9624545454545455,0.006026137394598195,0.9676,0.6987971919678824
mnist,log,115,10,0.006836807860784742,0.9635636363636364,0.006009840162643304,0.9688,0.7238355085437663
