stage,dataset,split,method,tune_seed,shape,scale,val,test,diverged,rule,grid_edge,kind,seed,single_mean,single_se,single_sgd_lr,single_alpha,single_power_scale,multi_mean,multi_se,multi_sgd_lr,multi_alpha,multi_power_scale,stored_mean,n_seeds,n_tune_seeds
tune,satimage,8,gradient descent,1,,0.5,0.8516597510373444,0.8589211618257261,False,,,,,,,,,,,,,,,,,
tune,satimage,8,gradient descent,2,,0.5,0.8547717842323651,0.8547717842323651,False,,,,,,,,,,,,,,,,,
tune,satimage,8,gradient descent,3,,0.5,0.8454356846473029,0.8537344398340249,False,,,,,,,,,,,,,,,,,
tune,satimage,8,gradient descent,1,,1,0.8578838174273858,0.8724066390041494,False,,,,,,,,,,,,,,,,,
tune,satimage,8,gradient descent,2,,1,0.8620331950207469,0.8682572614107884,False,,,,,,,,,,,,,,,,,
tune,satimage,8,gradient descent,3,,1,0.8578838174273858,0.8692946058091287,False,,,,,,,,,,,,,,,,,
tune,satimage,8,gradient descent,1,,2,0.8755186721991701,0.8807053941908713,False,,,,,,,,,,,,,,,,,
tune,satimage,8,gradient descent,2,,2,0.8724066390041494,0.8890041493775933,False,,,,,,,,,,,,,,,,,
tune,satimage,8,gradient descent,3,,2,0.8765560165975104,0.8848547717842323,False,,,,,,,,,,,,,,,,,
tune,satimage,8,gradient descent,1,,4,0.8921161825726142,0.9024896265560166,False,,,,,,,,,,,,,,,,,
tune,satimage,8,gradient descent,2,,4,0.8848547717842323,0.9035269709543569,False,,,,,,,,,,,,,,,,,
tune,satimage,8,gradient descent,3,,4,0.8890041493775933,0.8931535269709544,False,,,,,,,,,,,,,,,,,
tune,satimage,8,gradient descent,1,,8,0.8931535269709544,0.9097510373443983,False,,,,,,,,,,,,,,,,,
tune,satimage,8,gradient descent,2,,8,0.8952282157676349,0.9035269709543569,False,,,,,,,,,,,,,,,,,
tune,satimage,8,gradient descent,3,,8,0.8983402489626556,0.9035269709543569,False,,,,,,,,,,,,,,,,,
tune,satimage,8,gradient descent,1,,16,0.8973029045643154,0.9045643153526971,False,,,,,,,,,,,,,,,,,
tune,satimage,8,gradient descent,2,,16,0.8952282157676349,0.9149377593360996,False,,,,,,,,,,,,,,,,,
tune,satimage,8,gradient descent,3,,16,0.8983402489626556,0.9045643153526971,False,,,,,,,,,,,,,,,,,
tune,satimage,8,gradient descent,1,,32,0.8786307053941909,0.9014522821576764,False,,,,,,,,,,,,,,,,,
tune,satimage,8,gradient descent,2,,32,0.7925311203319502,0.7904564315352697,False,,,,,,,,,,,,,,,,,
tune,satimage,8,gradient descent,3,,32,0.7925311203319502,0.7925311203319502,False,,,,,,,,,,,,,,,,,
tune,satimage,8,gradient descent,1,,64,0.9045643153526971,0.9097510373443983,False,,,,,,,,,,,,,,,,,
tune,satimage,8,gradient descent,2,,64,0.6109958506224067,0.6234439834024896,False,,,,,,,,,,,,,,,,,
tune,satimage,8,gradient descent,3,,64,0.7053941908713693,0.7095435684647303,False,,,,,,,,,,,,,,,,,
tune,satimage,8,gradient descent,1,,128,0.3848547717842324,0.3900414937759336,False,,,,,,,,,,,,,,,,,
tune,satimage,8,gradient descent,2,,128,0.10995850622406639,0.10995850622406639,False,,,,,,,,,,,,,,,,,
tune,satimage,8,gradient descent,3,,128,0.5560165975103735,0.5477178423236515,False,,,,,,,,,,,,,,,,,
best,satimage,8,gradient descent,,,64,,,,single,0,,,,,,,,,,,,,,,
best,satimage,8,gradient descent,,,16,,,,multi,0,,,,,,,,,,,,,,,
tune,satimage,8,power,1,-1.5,0.5,0.7977178423236515,0.8101659751037344,False,,,,,,,,,,,,,,,,,
tune,satimage,8,power,2,-1.5,0.5,0.7489626556016598,0.7520746887966805,False,,,,,,,,,,,,,,,,,
tune,satimage,8,power,3,-1.5,0.5,0.7904564315352697,0.7987551867219918,False,,,,,,,,,,,,,,,,,
tune,satimage,8,power,1,-1.5,1,0.6587136929460581,0.6597510373443983,False,,,,,,,,,,,,,,,,,
tune,satimage,8,power,2,-1.5,1,0.8661825726141079,0.8765560165975104,False,,,,,,,,,,,,,,,,,
tune,satimage,8,power,3,-1.5,1,0.8568464730290456,0.8703319502074689,False,,,,,,,,,,,,,,,,,
tune,satimage,8,power,1,-1.5,2,0.8578838174273858,0.8703319502074689,False,,,,,,,,,,,,,,,,,
tune,satimage,8,power,2,-1.5,2,0.6317427385892116,0.6524896265560166,False,,,,,,,,,,,,,,,,,
tune,satimage,8,power,3,-1.5,2,0.6524896265560166,0.6452282157676349,False,,,,,,,,,,,,,,,,,
tune,satimage,8,power,1,-1.5,4,0.8008298755186722,0.8070539419087137,False,,,,,,,,,,,,,,,,,
tune,satimage,8,power,2,-1.5,4,0.8153526970954357,0.8132780082987552,False,,,,,,,,,,,,,,,,,
tune,satimage,8,power,3,-1.5,4,0.8692946058091287,0.8589211618257261,False,,,,,,,,,,,,,,,,,
tune,satimage,8,power,1,-1.5,8,0.5715767634854771,0.58298755186722,False,,,,,,,,,,,,,,,,,
tune,satimage,8,power,2,-1.5,8,0.6099585062240664,0.6172199170124482,False,,,,,,,,,,,,,,,,,
tune,satimage,8,power,3,-1.5,8,0.6151452282157677,0.6016597510373444,False,,,,,,,,,,,,,,,,,
tune,satimage,8,power,1,-1.5,16,0.4066390041493776,0.40767634854771784,False,,,,,,,,,,,,,,,,,
tune,satimage,8,power,2,-1.5,16,0.4107883817427386,0.40560165975103735,False,,,,,,,,,,,,,,,,,
tune,satimage,8,power,3,-1.5,16,0.46887966804979253,0.4657676348547718,False,,,,,,,,,,,,,,,,,
tune,satimage,8,power,1,-1.5,32,0.18672199170124482,0.18153526970954356,False,,,,,,,,,,,,,,,,,
tune,satimage,8,power,2,-1.5,32,0.34232365145228216,0.33713692946058094,False,,,,,,,,,,,,,,,,,
tune,satimage,8,power,3,-1.5,32,0.14315352697095435,0.1400414937759336,False,,,,,,,,,,,,,,,,,
tune,satimage,8,power,1,-1.5,64,0.21161825726141079,0.21161825726141079,False,,,,,,,,,,,,,,,,,
tune,satimage,8,power,2,-1.5,64,0.0954356846473029,0.07883817427385892,False,,,,,,,,,,,,,,,,,
tune,satimage,8,power,3,-1.5,64,0.1078838174273859,0.11099585062240663,False,,,,,,,,,,,,,,,,,
tune,satimage,8,power,1,-1.5,128,0.3392116182572614,0.3412863070539419,False,,,,,,,,,,,,,,,,,
tune,satimage,8,power,2,-1.5,128,0.23443983402489627,0.23236514522821577,False,,,,,,,,,,,,,,,,,
tune,satimage,8,power,3,-1.5,128,0.11929460580912864,0.11514522821576763,False,,,,,,,,,,,,,,,,,
tune,satimage,8,power,1,-1.0,0.5,0.8890041493775933,0.9024896265560166,False,,,,,,,,,,,,,,,,,
tune,satimage,8,power,2,-1.0,0.5,0.8858921161825726,0.8941908713692946,False,,,,,,,,,,,,,,,,,
tune,satimage,8,power,3,-1.0,0.5,0.8807053941908713,0.8921161825726142,False,,,,,,,,,,,,,,,,,
tune,satimage,8,power,1,-1.0,1,0.8983402489626556,0.9066390041493776,False,,,,,,,,,,,,,,,,,
tune,satimage,8,power,2,-1.0,1,0.8796680497925311,0.8931535269709544,False,,,,,,,,,,,,,,,,,
tune,satimage,8,power,3,-1.0,1,0.8900414937759336,0.8973029045643154,False,,,,,,,,,,,,,,,,,
tune,satimage,8,power,1,-1.0,2,0.7510373443983402,0.7614107883817427,False,,,,,,,,,,,,,,,,,
tune,satimage,8,power,2,-1.0,2,0.8775933609958506,0.8952282157676349,False,,,,,,,,,,,,,,,,,
tune,satimage,8,power,3,-1.0,2,0.8775933609958506,0.8910788381742739,False,,,,,,,,,,,,,,,,,
tune,satimage,8,power,1,-1.0,4,0.779045643153527,0.7811203319502075,False,,,,,,,,,,,,,,,,,
tune,satimage,8,power,2,-1.0,4,0.8433609958506224,0.8547717842323651,False,,,,,,,,,,,,,,,,,
tune,satimage,8,power,3,-1.0,4,0.8827800829875518,0.8858921161825726,False,,,,,,,,,,,,,,,,,
tune,satimage,8,power,1,-1.0,8,0.8558091286307054,0.8558091286307054,False,,,,,,,,,,,,,,,,,
tune,satimage,8,power,2,-1.0,8,0.7914937759336099,0.7946058091286307,False,,,,,,,,,,,,,,,,,
tune,satimage,8,power,3,-1.0,8,0.7873443983402489,0.8018672199170125,False,,,,,,,,,,,,,,,,,
tune,satimage,8,power,1,-1.0,16,0.6742738589211619,0.6659751037344398,False,,,,,,,,,,,,,,,,,
tune,satimage,8,power,2,-1.0,16,0.7064315352697096,0.7219917012448133,False,,,,,,,,,,,,,,,,,
tune,satimage,8,power,3,-1.0,16,0.6161825726141079,0.6099585062240664,False,,,,,,,,,,,,,,,,,
tune,satimage,8,power,1,-1.0,32,0.37344398340248963,0.38900414937759337,False,,,,,,,,,,,,,,,,,
tune,satimage,8,power,2,-1.0,32,0.6078838174273858,0.6161825726141079,False,,,,,,,,,,,,,,,,,
tune,satimage,8,power,3,-1.0,32,0.5435684647302904,0.5549792531120332,False,,,,,,,,,,,,,,,,,
tune,satimage,8,power,1,-1.0,64,0.3257261410788382,0.32468879668049794,False,,,,,,,,,,,,,,,,,
tune,satimage,8,power,2,-1.0,64,0.26348547717842324,0.2603734439834025,False,,,,,,,,,,,,,,,,,
tune,satimage,8,power,3,-1.0,64,0.274896265560166,0.2603734439834025,False,,,,,,,,,,,,,,,,,
tune,satimage,8,power,1,-1.0,128,0.2717842323651452,0.274896265560166,False,,,,,,,,,,,,,,,,,
tune,satimage,8,power,2,-1.0,128,0.12551867219917012,0.13070539419087138,False,,,,,,,,,,,,,,,,,
tune,satimage,8,power,3,-1.0,128,0.11618257261410789,0.13900414937759337,False,,,,,,,,,,,,,,,,,
tune,satimage,8,power,1,-0.8,0.5,0.8869294605809128,0.8921161825726142,False,,,,,,,,,,,,,,,,,
tune,satimage,8,power,2,-0.8,0.5,0.8827800829875518,0.8786307053941909,False,,,,,,,,,,,,,,,,,
tune,satimage,8,power,3,-0.8,0.5,0.8796680497925311,0.8890041493775933,False,,,,,,,,,,,,,,,,,
tune,satimage,8,power,1,-0.8,1,0.8838174273858921,0.9004149377593361,False,,,,,,,,,,,,,,,,,
tune,satimage,8,power,2,-0.8,1,0.8910788381742739,0.9024896265560166,False,,,,,,,,,,,,,,,,,
tune,satimage,8,power,3,-0.8,1,0.8890041493775933,0.9056016597510373,False,,,,,,,,,,,,,,,,,
tune,satimage,8,power,1,-0.8,2,0.8858921161825726,0.9004149377593361,False,,,,,,,,,,,,,,,,,
tune,satimage,8,power,2,-0.8,2,0.8848547717842323,0.9024896265560166,False,,,,,,,,,,,,,,,,,
tune,satimage,8,power,3,-0.8,2,0.8910788381742739,0.8983402489626556,False,,,,,,,,,,,,,,,,,
tune,satimage,8,power,1,-0.8,4,0.8890041493775933,0.8962655601659751,False,,,,,,,,,,,,,,,,,
tune,satimage,8,power,2,-0.8,4,0.8506224066390041,0.8838174273858921,False,,,,,,,,,,,,,,,,,
tune,satimage,8,power,3,-0.8,4,0.8796680497925311,0.9087136929460581,False,,,,,,,,,,,,,,,,,
tune,satimage,8,power,1,-0.8,8,0.8661825726141079,0.8734439834024896,False,,,,,,,,,,,,,,,,,
tune,satimage,8,power,2,-0.8,8,0.8547717842323651,0.8672199170124482,False,,,,,,,,,,,,,,,,,
tune,satimage,8,power,3,-0.8,8,0.8827800829875518,0.8890041493775933,False,,,,,,,,,,,,,,,,,
tune,satimage,8,power,1,-0.8,16,0.8661825726141079,0.8765560165975104,False,,,,,,,,,,,,,,,,,
tune,satimage,8,power,2,-0.8,16,0.8661825726141079,0.8744813278008299,False,,,,,,,,,,,,,,,,,
tune,satimage,8,power,3,-0.8,16,0.8724066390041494,0.8620331950207469,False,,,,,,,,,,,,,,,,,
tune,satimage,8,power,1,-0.8,32,0.8205394190871369,0.8236514522821576,False,,,,,,,,,,,,,,,,,
tune,satimage,8,power,2,-0.8,32,0.7375518672199171,0.7551867219917012,False,,,,,,,,,,,,,,,,,
tune,satimage,8,power,3,-0.8,32,0.8433609958506224,0.8506224066390041,False,,,,,,,,,,,,,,,,,
tune,satimage,8,power,1,-0.8,64,0.4387966804979253,0.4574688796680498,False,,,,,,,,,,,,,,,,,
tune,satimage,8,power,2,-0.8,64,0.5778008298755186,0.5560165975103735,False,,,,,,,,,,,,,,,,,
tune,satimage,8,power,3,-0.8,64,0.7510373443983402,0.7531120331950207,False,,,,,,,,,,,,,,,,,
tune,satimage,8,power,1,-0.8,128,0.33713692946058094,0.33713692946058094,False,,,,,,,,,,,,,,,,,
tune,satimage,8,power,2,-0.8,128,0.27593360995850624,0.279045643153527,False,,,,,,,,,,,,,,,,,
tune,satimage,8,power,3,-0.8,128,0.3091286307053942,0.2987551867219917,False,,,,,,,,,,,,,,,,,
tune,satimage,8,power,1,-0.6,0.5,0.8734439834024896,0.8827800829875518,False,,,,,,,,,,,,,,,,,
tune,satimage,8,power,2,-0.6,0.5,0.8765560165975104,0.8775933609958506,False,,,,,,,,,,,,,,,,,
tune,satimage,8,power,3,-0.6,0.5,0.8713692946058091,0.8848547717842323,False,,,,,,,,,,,,,,,,,
tune,satimage,8,power,1,-0.6,1,0.8848547717842323,0.8993775933609959,False,,,,,,,,,,,,,,,,,
tune,satimage,8,power,2,-0.6,1,0.8879668049792531,0.8931535269709544,False,,,,,,,,,,,,,,,,,
tune,satimage,8,power,3,-0.6,1,0.8817427385892116,0.8890041493775933,False,,,,,,,,,,,,,,,,,
tune,satimage,8,power,1,-0.6,2,0.8879668049792531,0.9004149377593361,False,,,,,,,,,,,,,,,,,
tune,satimage,8,power,2,-0.6,2,0.8941908713692946,0.9014522821576764,False,,,,,,,,,,,,,,,,,
tune,satimage,8,power,3,-0.6,2,0.8838174273858921,0.9045643153526971,False,,,,,,,,,,,,,,,,,
tune,satimage,8,power,1,-0.6,4,0.9004149377593361,0.9035269709543569,False,,,,,,,,,,,,,,,,,
tune,satimage,8,power,2,-0.6,4,0.8890041493775933,0.8931535269709544,False,,,,,,,,,,,,,,,,,
tune,satimage,8,power,3,-0.6,4,0.8921161825726142,0.8983402489626556,False,,,,,,,,,,,,,,,,,
tune,satimage,8,power,1,-0.6,8,0.8910788381742739,0.9097510373443983,False,,,,,,,,,,,,,,,,,
tune,satimage,8,power,2,-0.6,8,0.8775933609958506,0.8910788381742739,False,,,,,,,,,,,,,,,,,
tune,satimage,8,power,3,-0.6,8,0.8973029045643154,0.8973029045643154,False,,,,,,,,,,,,,,,,,
tune,satimage,8,power,1,-0.6,16,0.8838174273858921,0.8900414937759336,False,,,,,,,,,,,,,,,,,
tune,satimage,8,power,2,-0.6,16,0.8838174273858921,0.8921161825726142,False,,,,,,,,,,,,,,,,,
tune,satimage,8,power,3,-0.6,16,0.8838174273858921,0.8775933609958506,False,,,,,,,,,,,,,,,,,
tune,satimage,8,power,1,-0.6,32,0.8755186721991701,0.8786307053941909,False,,,,,,,,,,,,,,,,,
tune,satimage,8,power,2,-0.6,32,0.7769709543568465,0.7842323651452282,False,,,,,,,,,,,,,,,,,
tune,satimage,8,power,3,-0.6,32,0.7676348547717843,0.7852697095435685,False,,,,,,,,,,,,,,,,,
tune,satimage,8,power,1,-0.6,64,0.7043568464730291,0.7022821576763485,False,,,,,,,,,,,,,,,,,
tune,satimage,8,power,2,-0.6,64,0.7551867219917012,0.774896265560166,False,,,,,,,,,,,,,,,,,
tune,satimage,8,power,3,-0.6,64,0.5145228215767634,0.5259336099585062,False,,,,,,,,,,,,,,,,,
tune,satimage,8,power,1,-0.6,128,0.5031120331950207,0.5093360995850622,False,,,,,,,,,,,,,,,,,
tune,satimage,8,power,2,-0.6,128,0.33195020746887965,0.32261410788381745,False,,,,,,,,,,,,,,,,,
tune,satimage,8,power,3,-0.6,128,0.7074688796680498,0.7053941908713693,False,,,,,,,,,,,,,,,,,
tune,satimage,8,power,1,-0.4,0.5,0.8661825726141079,0.8713692946058091,False,,,,,,,,,,,,,,,,,
tune,satimage,8,power,2,-0.4,0.5,0.8641078838174274,0.8734439834024896,False,,,,,,,,,,,,,,,,,
tune,satimage,8,power,3,-0.4,0.5,0.8568464730290456,0.8724066390041494,False,,,,,,,,,,,,,,,,,
tune,satimage,8,power,1,-0.4,1,0.8807053941908713,0.8900414937759336,False,,,,,,,,,,,,,,,,,
tune,satimage,8,power,2,-0.4,1,0.8786307053941909,0.8869294605809128,False,,,,,,,,,,,,,,,,,
tune,satimage,8,power,3,-0.4,1,0.8713692946058091,0.8890041493775933,False,,,,,,,,,,,,,,,,,
tune,satimage,8,power,1,-0.4,2,0.8869294605809128,0.8983402489626556,False,,,,,,,,,,,,,,,,,
tune,satimage,8,power,2,-0.4,2,0.8890041493775933,0.9004149377593361,False,,,,,,,,,,,,,,,,,
tune,satimage,8,power,3,-0.4,2,0.8931535269709544,0.8983402489626556,False,,,,,,,,,,,,,,,,,
tune,satimage,8,power,1,-0.4,4,0.8931535269709544,0.9035269709543569,False,,,,,,,,,,,,,,,,,
tune,satimage,8,power,2,-0.4,4,0.8941908713692946,0.9045643153526971,False,,,,,,,,,,,,,,,,,
tune,satimage,8,power,3,-0.4,4,0.8890041493775933,0.9066390041493776,False,,,,,,,,,,,,,,,,,
tune,satimage,8,power,1,-0.4,8,0.9066390041493776,0.9107883817427386,False,,,,,,,,,,,,,,,,,
tune,satimage,8,power,2,-0.4,8,0.8796680497925311,0.9097510373443983,False,,,,,,,,,,,,,,,,,
tune,satimage,8,power,3,-0.4,8,0.8931535269709544,0.9159751037344398,False,,,,,,,,,,,,,,,,,
tune,satimage,8,power,1,-0.4,16,0.8962655601659751,0.9056016597510373,False,,,,,,,,,,,,,,,,,
tune,satimage,8,power,2,-0.4,16,0.8900414937759336,0.8952282157676349,False,,,,,,,,,,,,,,,,,
tune,satimage,8,power,3,-0.4,16,0.8910788381742739,0.8973029045643154,False,,,,,,,,,,,,,,,,,
tune,satimage,8,power,1,-0.4,32,0.8807053941908713,0.8931535269709544,False,,,,,,,,,,,,,,,,,
tune,satimage,8,power,2,-0.4,32,0.799792531120332,0.7904564315352697,False,,,,,,,,,,,,,,,,,
tune,satimage,8,power,3,-0.4,32,0.7914937759336099,0.8132780082987552,False,,,,,,,,,,,,,,,,,
tune,satimage,8,power,1,-0.4,64,0.8848547717842323,0.8952282157676349,False,,,,,,,,,,,,,,,,,
tune,satimage,8,power,2,-0.4,64,0.6970954356846473,0.7219917012448133,False,,,,,,,,,,,,,,,,,
tune,satimage,8,power,3,-0.4,64,0.7396265560165975,0.7562240663900415,False,,,,,,,,,,,,,,,,,
tune,satimage,8,power,1,-0.4,128,0.7230290456431535,0.741701244813278,False,,,,,,,,,,,,,,,,,
tune,satimage,8,power,2,-0.4,128,0.09439834024896265,0.11099585062240663,False,,,,,,,,,,,,,,,,,
tune,satimage,8,power,3,-0.4,128,0.6680497925311203,0.6690871369294605,False,,,,,,,,,,,,,,,,,
tune,satimage,8,power,1,-0.2,0.5,0.8537344398340249,0.8630705394190872,False,,,,,,,,,,,,,,,,,
tune,satimage,8,power,2,-0.2,0.5,0.8599585062240664,0.8651452282157677,False,,,,,,,,,,,,,,,,,
tune,satimage,8,power,3,-0.2,0.5,0.8526970954356846,0.8578838174273858,False,,,,,,,,,,,,,,,,,
tune,satimage,8,power,1,-0.2,1,0.8713692946058091,0.8703319502074689,False,,,,,,,,,,,,,,,,,
tune,satimage,8,power,2,-0.2,1,0.8692946058091287,0.8807053941908713,False,,,,,,,,,,,,,,,,,
tune,satimage,8,power,3,-0.2,1,0.8651452282157677,0.8827800829875518,False,,,,,,,,,,,,,,,,,
tune,satimage,8,power,1,-0.2,2,0.8858921161825726,0.8941908713692946,False,,,,,,,,,,,,,,,,,
tune,satimage,8,power,2,-0.2,2,0.8827800829875518,0.9004149377593361,False,,,,,,,,,,,,,,,,,
tune,satimage,8,power,3,-0.2,2,0.8890041493775933,0.8962655601659751,False,,,,,,,,,,,,,,,,,
tune,satimage,8,power,1,-0.2,4,0.8910788381742739,0.9056016597510373,False,,,,,,,,,,,,,,,,,
tune,satimage,8,power,2,-0.2,4,0.8931535269709544,0.9035269709543569,False,,,,,,,,,,,,,,,,,
tune,satimage,8,power,3,-0.2,4,0.8941908713692946,0.9024896265560166,False,,,,,,,,,,,,,,,,,
tune,satimage,8,power,1,-0.2,8,0.8952282157676349,0.9076763485477178,False,,,,,,,,,,,,,,,,,
tune,satimage,8,power,2,-0.2,8,0.8962655601659751,0.9045643153526971,False,,,,,,,,,,,,,,,,,
tune,satimage,8,power,3,-0.2,8,0.8983402489626556,0.9087136929460581,False,,,,,,,,,,,,,,,,,
tune,satimage,8,power,1,-0.2,16,0.8900414937759336,0.9066390041493776,False,,,,,,,,,,,,,,,,,
tune,satimage,8,power,2,-0.2,16,0.8941908713692946,0.8983402489626556,False,,,,,,,,,,,,,,,,,
tune,satimage,8,power,3,-0.2,16,0.8941908713692946,0.9035269709543569,False,,,,,,,,,,,,,,,,,
tune,satimage,8,power,1,-0.2,32,0.8879668049792531,0.9024896265560166,False,,,,,,,,,,,,,,,,,
tune,satimage,8,power,2,-0.2,32,0.7966804979253111,0.7935684647302904,False,,,,,,,,,,,,,,,,,
tune,satimage,8,power,3,-0.2,32,0.7883817427385892,0.803941908713693,False,,,,,,,,,,,,,,,,,
tune,satimage,8,power,1,-0.2,64,0.8910788381742739,0.9014522821576764,False,,,,,,,,,,,,,,,,,
tune,satimage,8,power,2,-0.2,64,0.6109958506224067,0.6068464730290456,False,,,,,,,,,,,,,,,,,
tune,satimage,8,power,3,-0.2,64,0.7157676348547718,0.7282157676348547,False,,,,,,,,,,,,,,,,,
tune,satimage,8,power,1,-0.2,128,0.5726141078838174,0.5850622406639004,False,,,,,,,,,,,,,,,,,
tune,satimage,8,power,2,-0.2,128,0.11825726141078838,0.11618257261410789,False,,,,,,,,,,,,,,,,,
tune,satimage,8,power,3,-0.2,128,0.5145228215767634,0.5404564315352697,False,,,,,,,,,,,,,,,,,
tune,satimage,8,power,1,0.2,0.5,0.8464730290456431,0.8506224066390041,False,,,,,,,,,,,,,,,,,
tune,satimage,8,power,2,0.2,0.5,0.8495850622406639,0.8464730290456431,False,,,,,,,,,,,,,,,,,
tune,satimage,8,power,3,0.2,0.5,0.8443983402489627,0.8495850622406639,False,,,,,,,,,,,,,,,,,
tune,satimage,8,power,1,0.2,1,0.8547717842323651,0.8641078838174274,False,,,,,,,,,,,,,,,,,
tune,satimage,8,power,2,0.2,1,0.8558091286307054,0.8589211618257261,False,,,,,,,,,,,,,,,,,
tune,satimage,8,power,3,0.2,1,0.8526970954356846,0.8609958506224067,False,,,,,,,,,,,,,,,,,
tune,satimage,8,power,1,0.2,2,0.8661825726141079,0.8734439834024896,False,,,,,,,,,,,,,,,,,
tune,satimage,8,power,2,0.2,2,0.8641078838174274,0.8734439834024896,False,,,,,,,,,,,,,,,,,
tune,satimage,8,power,3,0.2,2,0.8651452282157677,0.8765560165975104,False,,,,,,,,,,,,,,,,,
tune,satimage,8,power,1,0.2,4,0.8848547717842323,0.8931535269709544,False,,,,,,,,,,,,,,,,,
tune,satimage,8,power,2,0.2,4,0.8796680497925311,0.8973029045643154,False,,,,,,,,,,,,,,,,,
tune,satimage,8,power,3,0.2,4,0.8786307053941909,0.8910788381742739,False,,,,,,,,,,,,,,,,,
tune,satimage,8,power,1,0.2,8,0.8890041493775933,0.9076763485477178,False,,,,,,,,,,,,,,,,,
tune,satimage,8,power,2,0.2,8,0.8921161825726142,0.9024896265560166,False,,,,,,,,,,,,,,,,,
tune,satimage,8,power,3,0.2,8,0.8983402489626556,0.9014522821576764,False,,,,,,,,,,,,,,,,,
tune,satimage,8,power,1,0.2,16,0.8993775933609959,0.9128630705394191,False,,,,,,,,,,,,,,,,,
tune,satimage,8,power,2,0.2,16,0.8973029045643154,0.9097510373443983,False,,,,,,,,,,,,,,,,,
tune,satimage,8,power,3,0.2,16,0.9014522821576764,0.9066390041493776,False,,,,,,,,,,,,,,,,,
tune,satimage,8,power,1,0.2,32,0.7987551867219918,0.8143153526970954,False,,,,,,,,,,,,,,,,,
tune,satimage,8,power,2,0.2,32,0.7977178423236515,0.8070539419087137,False,,,,,,,,,,,,,,,,,
tune,satimage,8,power,3,0.2,32,0.7935684647302904,0.8008298755186722,False,,,,,,,,,,,,,,,,,
tune,satimage,8,power,1,0.2,64,0.6327800829875518,0.6369294605809128,False,,,,,,,,,,,,,,,,,
tune,satimage,8,power,2,0.2,64,0.3433609958506224,0.3412863070539419,False,,,,,,,,,,,,,,,,,
tune,satimage,8,power,3,0.2,64,0.504149377593361,0.5176348547717843,False,,,,,,,,,,,,,,,,,
tune,satimage,8,power,1,0.2,128,0.35892116182572614,0.3558091286307054,False,,,,,,,,,,,,,,,,,
tune,satimage,8,power,2,0.2,128,0.10995850622406639,0.10995850622406639,False,,,,,,,,,,,,,,,,,
tune,satimage,8,power,3,0.2,128,0.2572614107883817,0.2645228215767635,False,,,,,,,,,,,,,,,,,
tune,satimage,8,power,1,0.5,0.5,0.8433609958506224,0.8423236514522822,False,,,,,,,,,,,,,,,,,
tune,satimage,8,power,2,0.5,0.5,0.8381742738589212,0.8392116182572614,False,,,,,,,,,,,,,,,,,
tune,satimage,8,power,3,0.5,0.5,0.8402489626556017,0.8412863070539419,False,,,,,,,,,,,,,,,,,
tune,satimage,8,power,1,0.5,1,0.8506224066390041,0.8537344398340249,False,,,,,,,,,,,,,,,,,
tune,satimage,8,power,2,0.5,1,0.8464730290456431,0.8537344398340249,False,,,,,,,,,,,,,,,,,
tune,satimage,8,power,3,0.5,1,0.8454356846473029,0.8516597510373444,False,,,,,,,,,,,,,,,,,
tune,satimage,8,power,1,0.5,2,0.8578838174273858,0.8661825726141079,False,,,,,,,,,,,,,,,,,
tune,satimage,8,power,2,0.5,2,0.8568464730290456,0.8661825726141079,False,,,,,,,,,,,,,,,,,
tune,satimage,8,power,3,0.5,2,0.8537344398340249,0.8630705394190872,False,,,,,,,,,,,,,,,,,
tune,satimage,8,power,1,0.5,4,0.8734439834024896,0.8734439834024896,False,,,,,,,,,,,,,,,,,
tune,satimage,8,power,2,0.5,4,0.8661825726141079,0.8765560165975104,False,,,,,,,,,,,,,,,,,
tune,satimage,8,power,3,0.5,4,0.8661825726141079,0.8775933609958506,False,,,,,,,,,,,,,,,,,
tune,satimage,8,power,1,0.5,8,0.8827800829875518,0.8973029045643154,False,,,,,,,,,,,,,,,,,
tune,satimage,8,power,2,0.5,8,0.8796680497925311,0.8962655601659751,False,,,,,,,,,,,,,,,,,
tune,satimage,8,power,3,0.5,8,0.8827800829875518,0.8869294605809128,False,,,,,,,,,,,,,,,,,
tune,satimage,8,power,1,0.5,16,0.8869294605809128,0.9045643153526971,False,,,,,,,,,,,,,,,,,
tune,satimage,8,power,2,0.5,16,0.7873443983402489,0.799792531120332,False,,,,,,,,,,,,,,,,,
tune,satimage,8,power,3,0.5,16,0.7935684647302904,0.7977178423236515,False,,,,,,,,,,,,,,,,,
tune,satimage,8,power,1,0.5,32,0.6701244813278008,0.6576763485477178,False,,,,,,,,,,,,,,,,,
tune,satimage,8,power,2,0.5,32,0.6078838174273858,0.6151452282157677,False,,,,,,,,,,,,,,,,,
tune,satimage,8,power,3,0.5,32,0.5062240663900415,0.5238589211618258,False,,,,,,,,,,,,,,,,,
tune,satimage,8,power,1,0.5,64,0.34232365145228216,0.34024896265560167,False,,,,,,,,,,,,,,,,,
tune,satimage,8,power,2,0.5,64,0.10995850622406639,0.10995850622406639,False,,,,,,,,,,,,,,,,,
tune,satimage,8,power,3,0.5,64,0.44190871369294604,0.4470954356846473,False,,,,,,,,,,,,,,,,,
tune,satimage,8,power,1,0.5,128,0.29564315352697096,0.29979253112033194,False,,,,,,,,,,,,,,,,,
tune,satimage,8,power,2,0.5,128,0.10995850622406639,0.10995850622406639,False,,,,,,,,,,,,,,,,,
tune,satimage,8,power,3,0.5,128,0.22510373443983403,0.22199170124481327,False,,,,,,,,,,,,,,,,,
tune,satimage,8,power,1,1.0,0.5,0.8360995850622407,0.8371369294605809,False,,,,,,,,,,,,,,,,,
tune,satimage,8,power,2,1.0,0.5,0.8371369294605809,0.8392116182572614,False,,,,,,,,,,,,,,,,,
tune,satimage,8,power,3,1.0,0.5,0.8433609958506224,0.8319502074688797,False,,,,,,,,,,,,,,,,,
tune,satimage,8,power,1,1.0,1,0.8516597510373444,0.8454356846473029,False,,,,,,,,,,,,,,,,,
tune,satimage,8,power,2,1.0,1,0.8443983402489627,0.8454356846473029,False,,,,,,,,,,,,,,,,,
tune,satimage,8,power,3,1.0,1,0.8412863070539419,0.8423236514522822,False,,,,,,,,,,,,,,,,,
tune,satimage,8,power,1,1.0,2,0.8558091286307054,0.8506224066390041,False,,,,,,,,,,,,,,,,,
tune,satimage,8,power,2,1.0,2,0.8485477178423236,0.8495850622406639,False,,,,,,,,,,,,,,,,,
tune,satimage,8,power,3,1.0,2,0.8516597510373444,0.8558091286307054,False,,,,,,,,,,,,,,,,,
tune,satimage,8,power,1,1.0,4,0.8558091286307054,0.8661825726141079,False,,,,,,,,,,,,,,,,,
tune,satimage,8,power,2,1.0,4,0.8630705394190872,0.8620331950207469,False,,,,,,,,,,,,,,,,,
tune,satimage,8,power,3,1.0,4,0.8423236514522822,0.8412863070539419,False,,,,,,,,,,,,,,,,,
tune,satimage,8,power,1,1.0,8,0.8713692946058091,0.8786307053941909,False,,,,,,,,,,,,,,,,,
tune,satimage,8,power,2,1.0,8,0.36929460580912865,0.3775933609958506,False,,,,,,,,,,,,,,,,,
tune,satimage,8,power,3,1.0,8,0.6887966804979253,0.6898340248962656,False,,,,,,,,,,,,,,,,,
tune,satimage,8,power,1,1.0,16,0.34024896265560167,0.3392116182572614,False,,,,,,,,,,,,,,,,,
tune,satimage,8,power,2,1.0,16,0.3703319502074689,0.38381742738589214,False,,,,,,,,,,,,,,,,,
tune,satimage,8,power,3,1.0,16,0.4408713692946058,0.4470954356846473,False,,,,,,,,,,,,,,,,,
tune,satimage,8,power,1,1.0,32,0.2863070539419087,0.2883817427385892,False,,,,,,,,,,,,,,,,,
tune,satimage,8,power,2,1.0,32,0.10995850622406639,0.10995850622406639,False,,,,,,,,,,,,,,,,,
tune,satimage,8,power,3,1.0,32,0.4429460580912863,0.44398340248962653,False,,,,,,,,,,,,,,,,,
tune,satimage,8,power,1,1.0,64,0.23443983402489627,0.23443983402489627,False,,,,,,,,,,,,,,,,,
tune,satimage,8,power,2,1.0,64,0.10892116182572614,0.10684647302904564,False,,,,,,,,,,,,,,,,,
tune,satimage,8,power,3,1.0,64,0.25933609958506226,0.254149377593361,False,,,,,,,,,,,,,,,,,
tune,satimage,8,power,1,1.0,128,0.23651452282157676,0.2354771784232365,False,,,,,,,,,,,,,,,,,
tune,satimage,8,power,2,1.0,128,0.10269709543568464,0.09854771784232365,False,,,,,,,,,,,,,,,,,
tune,satimage,8,power,3,1.0,128,0.17531120331950206,0.1545643153526971,False,,,,,,,,,,,,,,,,,
tune,satimage,8,power,1,1.5,0.5,0.5072614107883817,0.5145228215767634,False,,,,,,,,,,,,,,,,,
tune,satimage,8,power,2,1.5,0.5,0.5663900414937759,0.5653526970954357,False,,,,,,,,,,,,,,,,,
tune,satimage,8,power,3,1.5,0.5,0.4118257261410788,0.4107883817427386,False,,,,,,,,,,,,,,,,,
tune,satimage,8,power,1,1.5,1,0.7593360995850622,0.7634854771784232,False,,,,,,,,,,,,,,,,,
tune,satimage,8,power,2,1.5,1,0.48443983402489627,0.47406639004149376,False,,,,,,,,,,,,,,,,,
tune,satimage,8,power,3,1.5,1,0.729253112033195,0.725103734439834,False,,,,,,,,,,,,,,,,,
tune,satimage,8,power,1,1.5,2,0.524896265560166,0.5238589211618258,False,,,,,,,,,,,,,,,,,
tune,satimage,8,power,2,1.5,2,0.40767634854771784,0.40975103734439833,False,,,,,,,,,,,,,,,,,
tune,satimage,8,power,3,1.5,2,0.7489626556016598,0.7655601659751037,False,,,,,,,,,,,,,,,,,
tune,satimage,8,power,1,1.5,4,0.4346473029045643,0.42738589211618255,False,,,,,,,,,,,,,,,,,
tune,satimage,8,power,2,1.5,4,0.34647302904564314,0.36618257261410786,False,,,,,,,,,,,,,,,,,
tune,satimage,8,power,3,1.5,4,0.6576763485477178,0.6483402489626556,False,,,,,,,,,,,,,,,,,
tune,satimage,8,power,1,1.5,8,0.3309128630705394,0.32987551867219916,False,,,,,,,,,,,,,,,,,
tune,satimage,8,power,2,1.5,8,0.1338174273858921,0.12033195020746888,False,,,,,,,,,,,,,,,,,
tune,satimage,8,power,3,1.5,8,0.4408713692946058,0.4460580912863071,False,,,,,,,,,,,,,,,,,
tune,satimage,8,power,1,1.5,16,0.5155601659751037,0.5197095435684648,False,,,,,,,,,,,,,,,,,
tune,satimage,8,power,2,1.5,16,0.2572614107883817,0.25933609958506226,False,,,,,,,,,,,,,,,,,
tune,satimage,8,power,3,1.5,16,0.40975103734439833,0.42012448132780084,False,,,,,,,,,,,,,,,,,
tune,satimage,8,power,1,1.5,32,0.3288381742738589,0.3091286307053942,False,,,,,,,,,,,,,,,,,
tune,satimage,8,power,2,1.5,32,0.21887966804979253,0.22095435684647302,False,,,,,,,,,,,,,,,,,
tune,satimage,8,power,3,1.5,32,0.17946058091286307,0.16804979253112035,False,,,,,,,,,,,,,,,,,
tune,satimage,8,power,1,1.5,64,0.08298755186721991,0.08713692946058091,False,,,,,,,,,,,,,,,,,
tune,satimage,8,power,2,1.5,64,0.19190871369294607,0.19605809128630705,False,,,,,,,,,,,,,,,,,
tune,satimage,8,power,3,1.5,64,0.16493775933609958,0.1504149377593361,False,,,,,,,,,,,,,,,,,
tune,satimage,8,power,1,1.5,128,0.2354771784232365,0.2354771784232365,False,,,,,,,,,,,,,,,,,
tune,satimage,8,power,2,1.5,128,0.18568464730290457,0.1887966804979253,False,,,,,,,,,,,,,,,,,
tune,satimage,8,power,3,1.5,128,0.16701244813278007,0.15352697095435686,False,,,,,,,,,,,,,,,,,
best,satimage,8,power,,-0.4,8,,,,single,0,,,,,,,,,,,,,,,
best,satimage,8,power,,0.2,16,,,,multi,0,,,,,,,,,,,,,,,
seed,satimage,8,power,,-0.4,8,0.8962655601659751,0.8962655601659751,False,single,,outlier,100,,,,,,,,,,,,,
seed,satimage,8,gradient descent,,,64,0.8153526970954357,0.8215767634854771,False,single,,outlier,100,,,,,,,,,,,,,
seed,satimage,8,power,,-0.4,8,0.8993775933609959,0.9045643153526971,False,single,,outlier,101,,,,,,,,,,,,,
seed,satimage,8,gradient descent,,,64,0.7012448132780082,0.7188796680497925,False,single,,outlier,101,,,,,,,,,,,,,
seed,satimage,8,power,,-0.4,8,0.9024896265560166,0.8962655601659751,False,single,,outlier,102,,,,,,,,,,,,,
seed,satimage,8,gradient descent,,,64,0.66701244813278,0.6556016597510373,False,single,,outlier,102,,,,,,,,,,,,,
seed,satimage,8,power,,-0.4,8,0.8952282157676349,0.8890041493775933,False,single,,outlier,103,,,,,,,,,,,,,
seed,satimage,8,gradient descent,,,64,0.4730290456431535,0.4823651452282158,False,single,,outlier,103,,,,,,,,,,,,,
seed,satimage,8,power,,-0.4,8,0.8879668049792531,0.8973029045643154,False,single,,outlier,104,,,,,,,,,,,,,
seed,satimage,8,gradient descent,,,64,0.5456431535269709,0.5529045643153527,False,single,,outlier,104,,,,,,,,,,,,,
seed,satimage,8,power,,-0.4,8,0.8931535269709544,0.8931535269709544,False,single,,outlier,105,,,,,,,,,,,,,
seed,satimage,8,gradient descent,,,64,0.35269709543568467,0.35684647302904565,False,single,,outlier,105,,,,,,,,,,,,,
seed,satimage,8,power,,-0.4,8,0.8941908713692946,0.9066390041493776,False,single,,outlier,106,,,,,,,,,,,,,
seed,satimage,8,gradient descent,,,64,0.3900414937759336,0.38278008298755184,False,single,,outlier,106,,,,,,,,,,,,,
seed,satimage,8,power,,-0.4,8,0.8858921161825726,0.9045643153526971,False,single,,outlier,107,,,,,,,,,,,,,
seed,satimage,8,gradient descent,,,64,0.3475103734439834,0.3475103734439834,False,single,,outlier,107,,,,,,,,,,,,,
seed,satimage,8,power,,0.2,16,0.9004149377593361,0.9097510373443983,False,multi,,outlier,100,,,,,,,,,,,,,
seed,satimage,8,gradient descent,,,16,0.9014522821576764,0.91701244813278,False,multi,,outlier,100,,,,,,,,,,,,,
seed,satimage,8,power,,0.2,16,0.9004149377593361,0.9045643153526971,False,multi,,outlier,101,,,,,,,,,,,,,
seed,satimage,8,gradient descent,,,16,0.8869294605809128,0.91701244813278,False,multi,,outlier,101,,,,,,,,,,,,,
seed,satimage,8,power,,0.2,16,0.8973029045643154,0.8941908713692946,False,multi,,outlier,102,,,,,,,,,,,,,
seed,satimage,8,gradient descent,,,16,0.8931535269709544,0.9024896265560166,False,multi,,outlier,102,,,,,,,,,,,,,
seed,satimage,8,power,,0.2,16,0.8952282157676349,0.8973029045643154,False,multi,,outlier,103,,,,,,,,,,,,,
seed,satimage,8,gradient descent,,,16,0.8941908713692946,0.8973029045643154,False,multi,,outlier,103,,,,,,,,,,,,,
seed,satimage,8,power,,0.2,16,0.8578838174273858,0.8547717842323651,False,multi,,outlier,104,,,,,,,,,,,,,
seed,satimage,8,gradient descent,,,16,0.8931535269709544,0.8952282157676349,False,multi,,outlier,104,,,,,,,,,,,,,
seed,satimage,8,power,,0.2,16,0.7894190871369294,0.7925311203319502,False,multi,,outlier,105,,,,,,,,,,,,,
seed,satimage,8,gradient descent,,,16,0.7946058091286307,0.7914937759336099,False,multi,,outlier,105,,,,,,,,,,,,,
seed,satimage,8,power,,0.2,16,0.9076763485477178,0.9056016597510373,False,multi,,outlier,106,,,,,,,,,,,,,
seed,satimage,8,gradient descent,,,16,0.9014522821576764,0.9149377593360996,False,multi,,outlier,106,,,,,,,,,,,,,
seed,satimage,8,power,,0.2,16,0.8952282157676349,0.8952282157676349,False,multi,,outlier,107,,,,,,,,,,,,,
seed,satimage,8,gradient descent,,,16,0.8993775933609959,0.8941908713692946,False,multi,,outlier,107,,,,,,,,,,,,,
split_summary,satimage,8,,,,,,,,,,outlier,,35.86618257261411,6.34144378188608,64,0.6,8,-0.9465767634854766,0.47917062899879054,16,1.2,16,35.86618257261411,8,3
tune,satimage,5,gradient descent,1,,0.5,0.8724066390041494,0.8516597510373444,False,,,,,,,,,,,,,,,,,
tune,satimage,5,gradient descent,2,,0.5,0.8724066390041494,0.8578838174273858,False,,,,,,,,,,,,,,,,,
tune,satimage,5,gradient descent,3,,0.5,0.8724066390041494,0.8547717842323651,False,,,,,,,,,,,,,,,,,
tune,satimage,5,gradient descent,1,,1,0.8848547717842323,0.8620331950207469,False,,,,,,,,,,,,,,,,,
tune,satimage,5,gradient descent,2,,1,0.8796680497925311,0.8724066390041494,False,,,,,,,,,,,,,,,,,
tune,satimage,5,gradient descent,3,,1,0.8817427385892116,0.8661825726141079,False,,,,,,,,,,,,,,,,,
tune,satimage,5,gradient descent,1,,2,0.8993775933609959,0.8900414937759336,False,,,,,,,,,,,,,,,,,
tune,satimage,5,gradient descent,2,,2,0.8941908713692946,0.8879668049792531,False,,,,,,,,,,,,,,,,,
tune,satimage,5,gradient descent,3,,2,0.8973029045643154,0.8879668049792531,False,,,,,,,,,,,,,,,,,
tune,satimage,5,gradient descent,1,,4,0.9097510373443983,0.9066390041493776,False,,,,,,,,,,,,,,,,,
tune,satimage,5,gradient descent,2,,4,0.9066390041493776,0.9024896265560166,False,,,,,,,,,,,,,,,,,
tune,satimage,5,gradient descent,3,,4,0.9118257261410788,0.9004149377593361,False,,,,,,,,,,,,,,,,,
tune,satimage,5,gradient descent,1,,8,0.8993775933609959,0.9014522821576764,False,,,,,,,,,,,,,,,,,
tune,satimage,5,gradient descent,2,,8,0.9087136929460581,0.9004149377593361,False,,,,,,,,,,,,,,,,,
tune,satimage,5,gradient descent,3,,8,0.9056016597510373,0.9014522821576764,False,,,,,,,,,,,,,,,,,
tune,satimage,5,gradient descent,1,,16,0.8993775933609959,0.8983402489626556,False,,,,,,,,,,,,,,,,,
tune,satimage,5,gradient descent,2,,16,0.9076763485477178,0.9118257261410788,False,,,,,,,,,,,,,,,,,
tune,satimage,5,gradient descent,3,,16,0.9128630705394191,0.9118257261410788,False,,,,,,,,,,,,,,,,,
tune,satimage,5,gradient descent,1,,32,0.9056016597510373,0.8910788381742739,False,,,,,,,,,,,,,,,,,
tune,satimage,5,gradient descent,2,,32,0.808091286307054,0.8018672199170125,False,,,,,,,,,,,,,,,,,
tune,satimage,5,gradient descent,3,,32,0.7977178423236515,0.7987551867219918,False,,,,,,,,,,,,,,,,,
tune,satimage,5,gradient descent,1,,64,0.6701244813278008,0.6566390041493776,False,,,,,,,,,,,,,,,,,
tune,satimage,5,gradient descent,2,,64,0.799792531120332,0.8018672199170125,False,,,,,,,,,,,,,,,,,
tune,satimage,5,gradient descent,3,,64,0.7199170124481328,0.7095435684647303,False,,,,,,,,,,,,,,,,,
tune,satimage,5,gradient descent,1,,128,0.4190871369294606,0.42531120331950206,False,,,,,,,,,,,,,,,,,
tune,satimage,5,gradient descent,2,,128,0.4429460580912863,0.4408713692946058,False,,,,,,,,,,,,,,,,,
tune,satimage,5,gradient descent,3,,128,0.43257261410788383,0.4336099585062241,False,,,,,,,,,,,,,,,,,
best,satimage,5,gradient descent,,,4,,,,single,0,,,,,,,,,,,,,,,
best,satimage,5,gradient descent,,,4,,,,multi,0,,,,,,,,,,,,,,,
tune,satimage,5,power,1,-1.5,0.5,0.6898340248962656,0.6773858921161826,False,,,,,,,,,,,,,,,,,
tune,satimage,5,power,2,-1.5,0.5,0.8091286307053942,0.8029045643153527,False,,,,,,,,,,,,,,,,,
tune,satimage,5,power,3,-1.5,0.5,0.8195020746887967,0.7946058091286307,False,,,,,,,,,,,,,,,,,
tune,satimage,5,power,1,-1.5,1,0.799792531120332,0.7728215767634855,False,,,,,,,,,,,,,,,,,
tune,satimage,5,power,2,-1.5,1,0.7323651452282157,0.7240663900414938,False,,,,,,,,,,,,,,,,,
tune,satimage,5,power,3,-1.5,1,0.8724066390041494,0.8651452282157677,False,,,,,,,,,,,,,,,,,
tune,satimage,5,power,1,-1.5,2,0.8620331950207469,0.8371369294605809,False,,,,,,,,,,,,,,,,,
tune,satimage,5,power,2,-1.5,2,0.8827800829875518,0.8724066390041494,False,,,,,,,,,,,,,,,,,
tune,satimage,5,power,3,-1.5,2,0.8495850622406639,0.8257261410788381,False,,,,,,,,,,,,,,,,,
tune,satimage,5,power,1,-1.5,4,0.7136929460580913,0.7147302904564315,False,,,,,,,,,,,,,,,,,
tune,satimage,5,power,2,-1.5,4,0.6970954356846473,0.6815352697095436,False,,,,,,,,,,,,,,,,,
tune,satimage,5,power,3,-1.5,4,0.741701244813278,0.7375518672199171,False,,,,,,,,,,,,,,,,,
tune,satimage,5,power,1,-1.5,8,0.5871369294605809,0.5809128630705395,False,,,,,,,,,,,,,,,,,
tune,satimage,5,power,2,-1.5,8,0.75,0.745850622406639,False,,,,,,,,,,,,,,,,,
tune,satimage,5,power,3,-1.5,8,0.7064315352697096,0.700207468879668,False,,,,,,,,,,,,,,,,,
tune,satimage,5,power,1,-1.5,16,0.43049792531120334,0.42531120331950206,False,,,,,,,,,,,,,,,,,
tune,satimage,5,power,2,-1.5,16,0.5010373443983402,0.49896265560165975,False,,,,,,,,,,,,,,,,,
tune,satimage,5,power,3,-1.5,16,0.4699170124481328,0.44813278008298757,False,,,,,,,,,,,,,,,,,
tune,satimage,5,power,1,-1.5,32,0.27800829875518673,0.2645228215767635,False,,,,,,,,,,,,,,,,,
tune,satimage,5,power,2,-1.5,32,0.1887966804979253,0.1950207468879668,False,,,,,,,,,,,,,,,,,
tune,satimage,5,power,3,-1.5,32,0.10995850622406639,0.11410788381742738,False,,,,,,,,,,,,,,,,,
tune,satimage,5,power,1,-1.5,64,0.21058091286307054,0.21058091286307054,False,,,,,,,,,,,,,,,,,
tune,satimage,5,power,2,-1.5,64,0.0995850622406639,0.0975103734439834,False,,,,,,,,,,,,,,,,,
tune,satimage,5,power,3,-1.5,64,0.12240663900414937,0.12551867219917012,False,,,,,,,,,,,,,,,,,
tune,satimage,5,power,1,-1.5,128,0.23443983402489627,0.23443983402489627,False,,,,,,,,,,,,,,,,,
tune,satimage,5,power,2,-1.5,128,0.11825726141078838,0.11721991701244813,False,,,,,,,,,,,,,,,,,
tune,satimage,5,power,3,-1.5,128,0.11514522821576763,0.10995850622406639,False,,,,,,,,,,,,,,,,,
tune,satimage,5,power,1,-1.0,0.5,0.9097510373443983,0.9014522821576764,False,,,,,,,,,,,,,,,,,
tune,satimage,5,power,2,-1.0,0.5,0.8869294605809128,0.8931535269709544,False,,,,,,,,,,,,,,,,,
tune,satimage,5,power,3,-1.0,0.5,0.9180497925311203,0.8973029045643154,False,,,,,,,,,,,,,,,,,
tune,satimage,5,power,1,-1.0,1,0.9149377593360996,0.9076763485477178,False,,,,,,,,,,,,,,,,,
tune,satimage,5,power,2,-1.0,1,0.8298755186721992,0.8163900414937759,False,,,,,,,,,,,,,,,,,
tune,satimage,5,power,3,-1.0,1,0.9190871369294605,0.9076763485477178,False,,,,,,,,,,,,,,,,,
tune,satimage,5,power,1,-1.0,2,0.8858921161825726,0.8983402489626556,False,,,,,,,,,,,,,,,,,
tune,satimage,5,power,2,-1.0,2,0.8184647302904564,0.7956431535269709,False,,,,,,,,,,,,,,,,,
tune,satimage,5,power,3,-1.0,2,0.9035269709543569,0.9035269709543569,False,,,,,,,,,,,,,,,,,
tune,satimage,5,power,1,-1.0,4,0.8755186721991701,0.8713692946058091,False,,,,,,,,,,,,,,,,,
tune,satimage,5,power,2,-1.0,4,0.8609958506224067,0.8402489626556017,False,,,,,,,,,,,,,,,,,
tune,satimage,5,power,3,-1.0,4,0.8931535269709544,0.8910788381742739,False,,,,,,,,,,,,,,,,,
tune,satimage,5,power,1,-1.0,8,0.8682572614107884,0.8433609958506224,False,,,,,,,,,,,,,,,,,
tune,satimage,5,power,2,-1.0,8,0.8547717842323651,0.8412863070539419,False,,,,,,,,,,,,,,,,,
tune,satimage,5,power,3,-1.0,8,0.8817427385892116,0.8755186721991701,False,,,,,,,,,,,,,,,,,
tune,satimage,5,power,1,-1.0,16,0.5767634854771784,0.5663900414937759,False,,,,,,,,,,,,,,,,,
tune,satimage,5,power,2,-1.0,16,0.8029045643153527,0.7863070539419087,False,,,,,,,,,,,,,,,,,
tune,satimage,5,power,3,-1.0,16,0.733402489626556,0.7282157676348547,False,,,,,,,,,,,,,,,,,
tune,satimage,5,power,1,-1.0,32,0.5508298755186722,0.5363070539419087,False,,,,,,,,,,,,,,,,,
tune,satimage,5,power,2,-1.0,32,0.46265560165975106,0.4533195020746888,False,,,,,,,,,,,,,,,,,
tune,satimage,5,power,3,-1.0,32,0.5570539419087137,0.5518672199170125,False,,,,,,,,,,,,,,,,,
tune,satimage,5,power,1,-1.0,64,0.2717842323651452,0.254149377593361,False,,,,,,,,,,,,,,,,,
tune,satimage,5,power,2,-1.0,64,0.1887966804979253,0.18983402489626555,False,,,,,,,,,,,,,,,,,
tune,satimage,5,power,3,-1.0,64,0.11099585062240663,0.11203319502074689,False,,,,,,,,,,,,,,,,,
tune,satimage,5,power,1,-1.0,128,0.34647302904564314,0.36099585062240663,False,,,,,,,,,,,,,,,,,
tune,satimage,5,power,2,-1.0,128,0.2717842323651452,0.27385892116182575,False,,,,,,,,,,,,,,,,,
tune,satimage,5,power,3,-1.0,128,0.10995850622406639,0.10995850622406639,False,,,,,,,,,,,,,,,,,
tune,satimage,5,power,1,-0.8,0.5,0.9024896265560166,0.8921161825726142,False,,,,,,,,,,,,,,,,,
tune,satimage,5,power,2,-0.8,0.5,0.8983402489626556,0.8931535269709544,False,,,,,,,,,,,,,,,,,
tune,satimage,5,power,3,-0.8,0.5,0.9107883817427386,0.8879668049792531,False,,,,,,,,,,,,,,,,,
tune,satimage,5,power,1,-0.8,1,0.9097510373443983,0.9066390041493776,False,,,,,,,,,,,,,,,,,
tune,satimage,5,power,2,-0.8,1,0.9035269709543569,0.9004149377593361,False,,,,,,,,,,,,,,,,,
tune,satimage,5,power,3,-0.8,1,0.9190871369294605,0.9024896265560166,False,,,,,,,,,,,,,,,,,
tune,satimage,5,power,1,-0.8,2,0.9107883817427386,0.9128630705394191,False,,,,,,,,,,,,,,,,,
tune,satimage,5,power,2,-0.8,2,0.8973029045643154,0.8765560165975104,False,,,,,,,,,,,,,,,,,
tune,satimage,5,power,3,-0.8,2,0.9180497925311203,0.8983402489626556,False,,,,,,,,,,,,,,,,,
tune,satimage,5,power,1,-0.8,4,0.9118257261410788,0.8983402489626556,False,,,,,,,,,,,,,,,,,
tune,satimage,5,power,2,-0.8,4,0.9087136929460581,0.8973029045643154,False,,,,,,,,,,,,,,,,,
tune,satimage,5,power,3,-0.8,4,0.9149377593360996,0.8983402489626556,False,,,,,,,,,,,,,,,,,
tune,satimage,5,power,1,-0.8,8,0.8962655601659751,0.9035269709543569,False,,,,,,,,,,,,,,,,,
tune,satimage,5,power,2,-0.8,8,0.9056016597510373,0.8941908713692946,False,,,,,,,,,,,,,,,,,
tune,satimage,5,power,3,-0.8,8,0.8973029045643154,0.8838174273858921,False,,,,,,,,,,,,,,,,,
tune,satimage,5,power,1,-0.8,16,0.8724066390041494,0.8578838174273858,False,,,,,,,,,,,,,,,,,
tune,satimage,5,power,2,-0.8,16,0.8734439834024896,0.8651452282157677,False,,,,,,,,,,,,,,,,,
tune,satimage,5,power,3,-0.8,16,0.8672199170124482,0.8651452282157677,False,,,,,,,,,,,,,,,,,
tune,satimage,5,power,1,-0.8,32,0.8755186721991701,0.8630705394190872,False,,,,,,,,,,,,,,,,,
tune,satimage,5,power,2,-0.8,32,0.774896265560166,0.7873443983402489,False,,,,,,,,,,,,,,,,,
tune,satimage,5,power,3,-0.8,32,0.803941908713693,0.7863070539419087,False,,,,,,,,,,,,,,,,,
tune,satimage,5,power,1,-0.8,64,0.6659751037344398,0.6514522821576764,False,,,,,,,,,,,,,,,,,
tune,satimage,5,power,2,-0.8,64,0.6576763485477178,0.6390041493775933,False,,,,,,,,,,,,,,,,,
tune,satimage,5,power,3,-0.8,64,0.49896265560165975,0.5020746887966805,False,,,,,,,,,,,,,,,,,
tune,satimage,5,power,1,-0.8,128,0.4460580912863071,0.44398340248962653,False,,,,,,,,,,,,,,,,,
tune,satimage,5,power,2,-0.8,128,0.45954356846473027,0.4533195020746888,False,,,,,,,,,,,,,,,,,
tune,satimage,5,power,3,-0.8,128,0.38070539419087135,0.37655601659751037,False,,,,,,,,,,,,,,,,,
tune,satimage,5,power,1,-0.6,0.5,0.8910788381742739,0.8858921161825726,False,,,,,,,,,,,,,,,,,
tune,satimage,5,power,2,-0.6,0.5,0.8962655601659751,0.8858921161825726,False,,,,,,,,,,,,,,,,,
tune,satimage,5,power,3,-0.6,0.5,0.8983402489626556,0.8838174273858921,False,,,,,,,,,,,,,,,,,
tune,satimage,5,power,1,-0.6,1,0.9128630705394191,0.8983402489626556,False,,,,,,,,,,,,,,,,,
tune,satimage,5,power,2,-0.6,1,0.9014522821576764,0.9004149377593361,False,,,,,,,,,,,,,,,,,
tune,satimage,5,power,3,-0.6,1,0.9097510373443983,0.8952282157676349,False,,,,,,,,,,,,,,,,,
tune,satimage,5,power,1,-0.6,2,0.9128630705394191,0.9056016597510373,False,,,,,,,,,,,,,,,,,
tune,satimage,5,power,2,-0.6,2,0.9056016597510373,0.8921161825726142,False,,,,,,,,,,,,,,,,,
tune,satimage,5,power,3,-0.6,2,0.9097510373443983,0.9004149377593361,False,,,,,,,,,,,,,,,,,
tune,satimage,5,power,1,-0.6,4,0.9097510373443983,0.9097510373443983,False,,,,,,,,,,,,,,,,,
tune,satimage,5,power,2,-0.6,4,0.9180497925311203,0.8993775933609959,False,,,,,,,,,,,,,,,,,
tune,satimage,5,power,3,-0.6,4,0.9066390041493776,0.8973029045643154,False,,,,,,,,,,,,,,,,,
tune,satimage,5,power,1,-0.6,8,0.9004149377593361,0.8921161825726142,False,,,,,,,,,,,,,,,,,
tune,satimage,5,power,2,-0.6,8,0.9107883817427386,0.9045643153526971,False,,,,,,,,,,,,,,,,,
tune,satimage,5,power,3,-0.6,8,0.9066390041493776,0.8941908713692946,False,,,,,,,,,,,,,,,,,
tune,satimage,5,power,1,-0.6,16,0.8910788381742739,0.8962655601659751,False,,,,,,,,,,,,,,,,,
tune,satimage,5,power,2,-0.6,16,0.8713692946058091,0.8516597510373444,False,,,,,,,,,,,,,,,,,
tune,satimage,5,power,3,-0.6,16,0.9056016597510373,0.8952282157676349,False,,,,,,,,,,,,,,,,,
tune,satimage,5,power,1,-0.6,32,0.8672199170124482,0.8775933609958506,False,,,,,,,,,,,,,,,,,
tune,satimage,5,power,2,-0.6,32,0.8018672199170125,0.8008298755186722,False,,,,,,,,,,,,,,,,,
tune,satimage,5,power,3,-0.6,32,0.7946058091286307,0.8049792531120332,False,,,,,,,,,,,,,,,,,
tune,satimage,5,power,1,-0.6,64,0.6649377593360996,0.6576763485477178,False,,,,,,,,,,,,,,,,,
tune,satimage,5,power,2,-0.6,64,0.774896265560166,0.7873443983402489,False,,,,,,,,,,,,,,,,,
tune,satimage,5,power,3,-0.6,64,0.66701244813278,0.6825726141078838,False,,,,,,,,,,,,,,,,,
tune,satimage,5,power,1,-0.6,128,0.470954356846473,0.475103734439834,False,,,,,,,,,,,,,,,,,
tune,satimage,5,power,2,-0.6,128,0.4553941908713693,0.45954356846473027,False,,,,,,,,,,,,,,,,,
tune,satimage,5,power,3,-0.6,128,0.6950207468879668,0.6836099585062241,False,,,,,,,,,,,,,,,,,
tune,satimage,5,power,1,-0.4,0.5,0.8858921161825726,0.8724066390041494,False,,,,,,,,,,,,,,,,,
tune,satimage,5,power,2,-0.4,0.5,0.8786307053941909,0.8817427385892116,False,,,,,,,,,,,,,,,,,
tune,satimage,5,power,3,-0.4,0.5,0.8890041493775933,0.8724066390041494,False,,,,,,,,,,,,,,,,,
tune,satimage,5,power,1,-0.4,1,0.9024896265560166,0.8900414937759336,False,,,,,,,,,,,,,,,,,
tune,satimage,5,power,2,-0.4,1,0.9045643153526971,0.8921161825726142,False,,,,,,,,,,,,,,,,,
tune,satimage,5,power,3,-0.4,1,0.9056016597510373,0.8900414937759336,False,,,,,,,,,,,,,,,,,
tune,satimage,5,power,1,-0.4,2,0.9097510373443983,0.8993775933609959,False,,,,,,,,,,,,,,,,,
tune,satimage,5,power,2,-0.4,2,0.9097510373443983,0.9035269709543569,False,,,,,,,,,,,,,,,,,
tune,satimage,5,power,3,-0.4,2,0.9139004149377593,0.8993775933609959,False,,,,,,,,,,,,,,,,,
tune,satimage,5,power,1,-0.4,4,0.9076763485477178,0.9097510373443983,False,,,,,,,,,,,,,,,,,
tune,satimage,5,power,2,-0.4,4,0.9149377593360996,0.9066390041493776,False,,,,,,,,,,,,,,,,,
tune,satimage,5,power,3,-0.4,4,0.9149377593360996,0.9024896265560166,False,,,,,,,,,,,,,,,,,
tune,satimage,5,power,1,-0.4,8,0.9097510373443983,0.8952282157676349,False,,,,,,,,,,,,,,,,,
tune,satimage,5,power,2,-0.4,8,0.9066390041493776,0.9118257261410788,False,,,,,,,,,,,,,,,,,
tune,satimage,5,power,3,-0.4,8,0.9045643153526971,0.8827800829875518,False,,,,,,,,,,,,,,,,,
tune,satimage,5,power,1,-0.4,16,0.9076763485477178,0.9118257261410788,False,,,,,,,,,,,,,,,,,
tune,satimage,5,power,2,-0.4,16,0.9035269709543569,0.9056016597510373,False,,,,,,,,,,,,,,,,,
tune,satimage,5,power,3,-0.4,16,0.8952282157676349,0.8827800829875518,False,,,,,,,,,,,,,,,,,
tune,satimage,5,power,1,-0.4,32,0.9139004149377593,0.9035269709543569,False,,,,,,,,,,,,,,,,,
tune,satimage,5,power,2,-0.4,32,0.803941908713693,0.8008298755186722,False,,,,,,,,,,,,,,,,,
tune,satimage,5,power,3,-0.4,32,0.8018672199170125,0.8018672199170125,False,,,,,,,,,,,,,,,,,
tune,satimage,5,power,1,-0.4,64,0.7800829875518672,0.7738589211618258,False,,,,,,,,,,,,,,,,,
tune,satimage,5,power,2,-0.4,64,0.7479253112033195,0.7323651452282157,False,,,,,,,,,,,,,,,,,
tune,satimage,5,power,3,-0.4,64,0.7863070539419087,0.7987551867219918,False,,,,,,,,,,,,,,,,,
tune,satimage,5,power,1,-0.4,128,0.5093360995850622,0.5176348547717843,False,,,,,,,,,,,,,,,,,
tune,satimage,5,power,2,-0.4,128,0.7883817427385892,0.7863070539419087,False,,,,,,,,,,,,,,,,,
tune,satimage,5,power,3,-0.4,128,0.7095435684647303,0.7136929460580913,False,,,,,,,,,,,,,,,,,
tune,satimage,5,power,1,-0.2,0.5,0.8796680497925311,0.8609958506224067,False,,,,,,,,,,,,,,,,,
tune,satimage,5,power,2,-0.2,0.5,0.8827800829875518,0.8630705394190872,False,,,,,,,,,,,,,,,,,
tune,satimage,5,power,3,-0.2,0.5,0.8755186721991701,0.8589211618257261,False,,,,,,,,,,,,,,,,,
tune,satimage,5,power,1,-0.2,1,0.8879668049792531,0.8807053941908713,False,,,,,,,,,,,,,,,,,
tune,satimage,5,power,2,-0.2,1,0.8869294605809128,0.8827800829875518,False,,,,,,,,,,,,,,,,,
tune,satimage,5,power,3,-0.2,1,0.8941908713692946,0.8775933609958506,False,,,,,,,,,,,,,,,,,
tune,satimage,5,power,1,-0.2,2,0.9066390041493776,0.9004149377593361,False,,,,,,,,,,,,,,,,,
tune,satimage,5,power,2,-0.2,2,0.9076763485477178,0.8973029045643154,False,,,,,,,,,,,,,,,,,
tune,satimage,5,power,3,-0.2,2,0.9045643153526971,0.9014522821576764,False,,,,,,,,,,,,,,,,,
tune,satimage,5,power,1,-0.2,4,0.9066390041493776,0.9035269709543569,False,,,,,,,,,,,,,,,,,
tune,satimage,5,power,2,-0.2,4,0.9118257261410788,0.9128630705394191,False,,,,,,,,,,,,,,,,,
tune,satimage,5,power,3,-0.2,4,0.9107883817427386,0.9087136929460581,False,,,,,,,,,,,,,,,,,
tune,satimage,5,power,1,-0.2,8,0.9056016597510373,0.9004149377593361,False,,,,,,,,,,,,,,,,,
tune,satimage,5,power,2,-0.2,8,0.9107883817427386,0.9056016597510373,False,,,,,,,,,,,,,,,,,
tune,satimage,5,power,3,-0.2,8,0.9076763485477178,0.9087136929460581,False,,,,,,,,,,,,,,,,,
tune,satimage,5,power,1,-0.2,16,0.8869294605809128,0.8973029045643154,False,,,,,,,,,,,,,,,,,
tune,satimage,5,power,2,-0.2,16,0.9066390041493776,0.9087136929460581,False,,,,,,,,,,,,,,,,,
tune,satimage,5,power,3,-0.2,16,0.9035269709543569,0.8858921161825726,False,,,,,,,,,,,,,,,,,
tune,satimage,5,power,1,-0.2,32,0.8672199170124482,0.8692946058091287,False,,,,,,,,,,,,,,,,,
tune,satimage,5,power,2,-0.2,32,0.8070539419087137,0.8029045643153527,False,,,,,,,,,,,,,,,,,
tune,satimage,5,power,3,-0.2,32,0.8049792531120332,0.7956431535269709,False,,,,,,,,,,,,,,,,,
tune,satimage,5,power,1,-0.2,64,0.6701244813278008,0.6597510373443983,False,,,,,,,,,,,,,,,,,
tune,satimage,5,power,2,-0.2,64,0.7904564315352697,0.7863070539419087,False,,,,,,,,,,,,,,,,,
tune,satimage,5,power,3,-0.2,64,0.783195020746888,0.7655601659751037,False,,,,,,,,,,,,,,,,,
tune,satimage,5,power,1,-0.2,128,0.4336099585062241,0.4336099585062241,False,,,,,,,,,,,,,,,,,
tune,satimage,5,power,2,-0.2,128,0.6099585062240664,0.6078838174273858,False,,,,,,,,,,,,,,,,,
tune,satimage,5,power,3,-0.2,128,0.3537344398340249,0.35477178423236516,False,,,,,,,,,,,,,,,,,
tune,satimage,5,power,1,0.2,0.5,0.8713692946058091,0.8485477178423236,False,,,,,,,,,,,,,,,,,
tune,satimage,5,power,2,0.2,0.5,0.8713692946058091,0.8526970954356846,False,,,,,,,,,,,,,,,,,
tune,satimage,5,power,3,0.2,0.5,0.8609958506224067,0.8495850622406639,False,,,,,,,,,,,,,,,,,
tune,satimage,5,power,1,0.2,1,0.8817427385892116,0.8578838174273858,False,,,,,,,,,,,,,,,,,
tune,satimage,5,power,2,0.2,1,0.8775933609958506,0.8599585062240664,False,,,,,,,,,,,,,,,,,
tune,satimage,5,power,3,0.2,1,0.8734439834024896,0.8578838174273858,False,,,,,,,,,,,,,,,,,
tune,satimage,5,power,1,0.2,2,0.8848547717842323,0.8703319502074689,False,,,,,,,,,,,,,,,,,
tune,satimage,5,power,2,0.2,2,0.8890041493775933,0.8755186721991701,False,,,,,,,,,,,,,,,,,
tune,satimage,5,power,3,0.2,2,0.8879668049792531,0.8724066390041494,False,,,,,,,,,,,,,,,,,
tune,satimage,5,power,1,0.2,4,0.9045643153526971,0.8921161825726142,False,,,,,,,,,,,,,,,,,
tune,satimage,5,power,2,0.2,4,0.8983402489626556,0.8869294605809128,False,,,,,,,,,,,,,,,,,
tune,satimage,5,power,3,0.2,4,0.9024896265560166,0.8941908713692946,False,,,,,,,,,,,,,,,,,
tune,satimage,5,power,1,0.2,8,0.9107883817427386,0.9024896265560166,False,,,,,,,,,,,,,,,,,
tune,satimage,5,power,2,0.2,8,0.9035269709543569,0.8941908713692946,False,,,,,,,,,,,,,,,,,
tune,satimage,5,power,3,0.2,8,0.9076763485477178,0.9045643153526971,False,,,,,,,,,,,,,,,,,
tune,satimage,5,power,1,0.2,16,0.9087136929460581,0.9014522821576764,False,,,,,,,,,,,,,,,,,
tune,satimage,5,power,2,0.2,16,0.8049792531120332,0.8112033195020747,False,,,,,,,,,,,,,,,,,
tune,satimage,5,power,3,0.2,16,0.808091286307054,0.8049792531120332,False,,,,,,,,,,,,,,,,,
tune,satimage,5,power,1,0.2,32,0.8952282157676349,0.8941908713692946,False,,,,,,,,,,,,,,,,,
tune,satimage,5,power,2,0.2,32,0.8018672199170125,0.8153526970954357,False,,,,,,,,,,,,,,,,,
tune,satimage,5,power,3,0.2,32,0.8049792531120332,0.8091286307053942,False,,,,,,,,,,,,,,,,,
tune,satimage,5,power,1,0.2,64,0.3506224066390041,0.3516597510373444,False,,,,,,,,,,,,,,,,,
tune,satimage,5,power,2,0.2,64,0.6141078838174274,0.6141078838174274,False,,,,,,,,,,,,,,,,,
tune,satimage,5,power,3,0.2,64,0.5155601659751037,0.5103734439834025,False,,,,,,,,,,,,,,,,,
tune,satimage,5,power,1,0.2,128,0.3350622406639004,0.3392116182572614,False,,,,,,,,,,,,,,,,,
tune,satimage,5,power,2,0.2,128,0.23962655601659752,0.24066390041493776,False,,,,,,,,,,,,,,,,,
tune,satimage,5,power,3,0.2,128,0.23858921161825727,0.23858921161825727,False,,,,,,,,,,,,,,,,,
tune,satimage,5,power,1,0.5,0.5,0.8547717842323651,0.8485477178423236,False,,,,,,,,,,,,,,,,,
tune,satimage,5,power,2,0.5,0.5,0.8485477178423236,0.8495850622406639,False,,,,,,,,,,,,,,,,,
tune,satimage,5,power,3,0.5,0.5,0.8568464730290456,0.8516597510373444,False,,,,,,,,,,,,,,,,,
tune,satimage,5,power,1,0.5,1,0.8713692946058091,0.8526970954356846,False,,,,,,,,,,,,,,,,,
tune,satimage,5,power,2,0.5,1,0.8692946058091287,0.8526970954356846,False,,,,,,,,,,,,,,,,,
tune,satimage,5,power,3,0.5,1,0.8672199170124482,0.8506224066390041,False,,,,,,,,,,,,,,,,,
tune,satimage,5,power,1,0.5,2,0.8817427385892116,0.8599585062240664,False,,,,,,,,,,,,,,,,,
tune,satimage,5,power,2,0.5,2,0.8807053941908713,0.8651452282157677,False,,,,,,,,,,,,,,,,,
tune,satimage,5,power,3,0.5,2,0.8796680497925311,0.8568464730290456,False,,,,,,,,,,,,,,,,,
tune,satimage,5,power,1,0.5,4,0.8869294605809128,0.8765560165975104,False,,,,,,,,,,,,,,,,,
tune,satimage,5,power,2,0.5,4,0.8890041493775933,0.8796680497925311,False,,,,,,,,,,,,,,,,,
tune,satimage,5,power,3,0.5,4,0.8890041493775933,0.8744813278008299,False,,,,,,,,,,,,,,,,,
tune,satimage,5,power,1,0.5,8,0.9004149377593361,0.8890041493775933,False,,,,,,,,,,,,,,,,,
tune,satimage,5,power,2,0.5,8,0.9056016597510373,0.8910788381742739,False,,,,,,,,,,,,,,,,,
tune,satimage,5,power,3,0.5,8,0.9087136929460581,0.8910788381742739,False,,,,,,,,,,,,,,,,,
tune,satimage,5,power,1,0.5,16,0.9128630705394191,0.8983402489626556,False,,,,,,,,,,,,,,,,,
tune,satimage,5,power,2,0.5,16,0.808091286307054,0.8049792531120332,False,,,,,,,,,,,,,,,,,
tune,satimage,5,power,3,0.5,16,0.8008298755186722,0.7946058091286307,False,,,,,,,,,,,,,,,,,
tune,satimage,5,power,1,0.5,32,0.3817427385892116,0.3879668049792531,False,,,,,,,,,,,,,,,,,
tune,satimage,5,power,2,0.5,32,0.5529045643153527,0.5529045643153527,False,,,,,,,,,,,,,,,,,
tune,satimage,5,power,3,0.5,32,0.716804979253112,0.7126556016597511,False,,,,,,,,,,,,,,,,,
tune,satimage,5,power,1,0.5,64,0.34024896265560167,0.3412863070539419,False,,,,,,,,,,,,,,,,,
tune,satimage,5,power,2,0.5,64,0.23858921161825727,0.23858921161825727,False,,,,,,,,,,,,,,,,,
tune,satimage,5,power,3,0.5,64,0.5114107883817427,0.5124481327800829,False,,,,,,,,,,,,,,,,,
tune,satimage,5,power,1,0.5,128,0.3381742738589212,0.3360995850622407,False,,,,,,,,,,,,,,,,,
tune,satimage,5,power,2,0.5,128,0.2925311203319502,0.28319502074688796,False,,,,,,,,,,,,,,,,,
tune,satimage,5,power,3,0.5,128,0.23858921161825727,0.23962655601659752,False,,,,,,,,,,,,,,,,,
tune,satimage,5,power,1,1.0,0.5,0.8589211618257261,0.8475103734439834,False,,,,,,,,,,,,,,,,,
tune,satimage,5,power,2,1.0,0.5,0.8454356846473029,0.8392116182572614,False,,,,,,,,,,,,,,,,,
tune,satimage,5,power,3,1.0,0.5,0.8381742738589212,0.8381742738589212,False,,,,,,,,,,,,,,,,,
tune,satimage,5,power,1,1.0,1,0.8620331950207469,0.8589211618257261,False,,,,,,,,,,,,,,,,,
tune,satimage,5,power,2,1.0,1,0.8599585062240664,0.8568464730290456,False,,,,,,,,,,,,,,,,,
tune,satimage,5,power,3,1.0,1,0.8620331950207469,0.8558091286307054,False,,,,,,,,,,,,,,,,,
tune,satimage,5,power,1,1.0,2,0.8350622406639004,0.8101659751037344,False,,,,,,,,,,,,,,,,,
tune,satimage,5,power,2,1.0,2,0.8807053941908713,0.8641078838174274,False,,,,,,,,,,,,,,,,,
tune,satimage,5,power,3,1.0,2,0.8692946058091287,0.8485477178423236,False,,,,,,,,,,,,,,,,,
tune,satimage,5,power,1,1.0,4,0.8827800829875518,0.8744813278008299,False,,,,,,,,,,,,,,,,,
tune,satimage,5,power,2,1.0,4,0.8827800829875518,0.8724066390041494,False,,,,,,,,,,,,,,,,,
tune,satimage,5,power,3,1.0,4,0.7427385892116183,0.758298755186722,False,,,,,,,,,,,,,,,,,
tune,satimage,5,power,1,1.0,8,0.31950207468879666,0.32676348547717843,False,,,,,,,,,,,,,,,,,
tune,satimage,5,power,2,1.0,8,0.7883817427385892,0.7935684647302904,False,,,,,,,,,,,,,,,,,
tune,satimage,5,power,3,1.0,8,0.7178423236514523,0.7064315352697096,False,,,,,,,,,,,,,,,,,
tune,satimage,5,power,1,1.0,16,0.3412863070539419,0.34024896265560167,False,,,,,,,,,,,,,,,,,
tune,satimage,5,power,2,1.0,16,0.5487551867219918,0.5487551867219918,False,,,,,,,,,,,,,,,,,
tune,satimage,5,power,3,1.0,16,0.4450207468879668,0.4450207468879668,False,,,,,,,,,,,,,,,,,
tune,satimage,5,power,1,1.0,32,0.34024896265560167,0.34024896265560167,False,,,,,,,,,,,,,,,,,
tune,satimage,5,power,2,1.0,32,0.30601659751037347,0.3039419087136929,False,,,,,,,,,,,,,,,,,
tune,satimage,5,power,3,1.0,32,0.2894190871369295,0.29045643153526973,False,,,,,,,,,,,,,,,,,
tune,satimage,5,power,1,1.0,64,0.34024896265560167,0.3381742738589212,False,,,,,,,,,,,,,,,,,
tune,satimage,5,power,2,1.0,64,0.2894190871369295,0.29149377593361,False,,,,,,,,,,,,,,,,,
tune,satimage,5,power,3,1.0,64,0.42012448132780084,0.4190871369294606,False,,,,,,,,,,,,,,,,,
tune,satimage,5,power,1,1.0,128,0.34024896265560167,0.3360995850622407,False,,,,,,,,,,,,,,,,,
tune,satimage,5,power,2,1.0,128,0.27800829875518673,0.29149377593361,False,,,,,,,,,,,,,,,,,
tune,satimage,5,power,3,1.0,128,0.1950207468879668,0.21680497925311204,False,,,,,,,,,,,,,,,,,
tune,satimage,5,power,1,1.5,0.5,0.3848547717842324,0.37863070539419086,False,,,,,,,,,,,,,,,,,
tune,satimage,5,power,2,1.5,0.5,0.8402489626556017,0.8236514522821576,False,,,,,,,,,,,,,,,,,
tune,satimage,5,power,3,1.5,0.5,0.5860995850622407,0.5746887966804979,False,,,,,,,,,,,,,,,,,
tune,satimage,5,power,1,1.5,1,0.6275933609958506,0.6192946058091287,False,,,,,,,,,,,,,,,,,
tune,satimage,5,power,2,1.5,1,0.6825726141078838,0.6659751037344398,False,,,,,,,,,,,,,,,,,
tune,satimage,5,power,3,1.5,1,0.8692946058091287,0.8578838174273858,False,,,,,,,,,,,,,,,,,
tune,satimage,5,power,1,1.5,2,0.14522821576763487,0.14730290456431536,False,,,,,,,,,,,,,,,,,
tune,satimage,5,power,2,1.5,2,0.24273858921161826,0.23651452282157676,False,,,,,,,,,,,,,,,,,
tune,satimage,5,power,3,1.5,2,0.6721991701244814,0.6607883817427386,False,,,,,,,,,,,,,,,,,
tune,satimage,5,power,1,1.5,4,0.3070539419087137,0.29356846473029047,False,,,,,,,,,,,,,,,,,
tune,satimage,5,power,2,1.5,4,0.34439834024896265,0.34647302904564314,False,,,,,,,,,,,,,,,,,
tune,satimage,5,power,3,1.5,4,0.5860995850622407,0.6006224066390041,False,,,,,,,,,,,,,,,,,
tune,satimage,5,power,1,1.5,8,0.3288381742738589,0.3278008298755187,False,,,,,,,,,,,,,,,,,
tune,satimage,5,power,2,1.5,8,0.06742738589211618,0.06846473029045644,False,,,,,,,,,,,,,,,,,
tune,satimage,5,power,3,1.5,8,0.41804979253112035,0.4263485477178423,False,,,,,,,,,,,,,,,,,
tune,satimage,5,power,1,1.5,16,0.3392116182572614,0.3454356846473029,False,,,,,,,,,,,,,,,,,
tune,satimage,5,power,2,1.5,16,0.2074688796680498,0.21265560165975103,False,,,,,,,,,,,,,,,,,
tune,satimage,5,power,3,1.5,16,0.5072614107883817,0.5051867219917012,False,,,,,,,,,,,,,,,,,
tune,satimage,5,power,1,1.5,32,0.08195020746887967,0.07365145228215768,False,,,,,,,,,,,,,,,,,
tune,satimage,5,power,2,1.5,32,0.28526970954356845,0.29149377593361,False,,,,,,,,,,,,,,,,,
tune,satimage,5,power,3,1.5,32,0.22614107883817428,0.2437759336099585,False,,,,,,,,,,,,,,,,,
tune,satimage,5,power,1,1.5,64,0.3008298755186722,0.3039419087136929,False,,,,,,,,,,,,,,,,,
tune,satimage,5,power,2,1.5,64,0.27800829875518673,0.2800829875518672,False,,,,,,,,,,,,,,,,,
tune,satimage,5,power,3,1.5,64,0.19813278008298754,0.23029045643153526,False,,,,,,,,,,,,,,,,,
tune,satimage,5,power,1,1.5,128,0.23651452282157676,0.2354771784232365,False,,,,,,,,,,,,,,,,,
tune,satimage,5,power,2,1.5,128,0.2012448132780083,0.1950207468879668,False,,,,,,,,,,,,,,,,,
tune,satimage,5,power,3,1.5,128,0.19398340248962656,0.22199170124481327,False,,,,,,,,,,,,,,,,,
best,satimage,5,power,,-1.0,1,,,,single,0,,,,,,,,,,,,,,,
best,satimage,5,power,,-0.4,4,,,,multi,0,,,,,,,,,,,,,,,
seed,satimage,5,power,,-1.0,1,0.9097510373443983,0.8983402489626556,False,single,,control,100,,,,,,,,,,,,,
seed,satimage,5,gradient descent,,,4,0.9045643153526971,0.8962655601659751,False,single,,control,100,,,,,,,,,,,,,
seed,satimage,5,power,,-1.0,1,0.8869294605809128,0.8724066390041494,False,single,,control,101,,,,,,,,,,,,,
seed,satimage,5,gradient descent,,,4,0.9066390041493776,0.8941908713692946,False,single,,control,101,,,,,,,,,,,,,
seed,satimage,5,power,,-1.0,1,0.9128630705394191,0.8941908713692946,False,single,,control,102,,,,,,,,,,,,,
seed,satimage,5,gradient descent,,,4,0.9076763485477178,0.8993775933609959,False,single,,control,102,,,,,,,,,,,,,
seed,satimage,5,power,,-1.0,1,0.9139004149377593,0.8993775933609959,False,single,,control,103,,,,,,,,,,,,,
seed,satimage,5,gradient descent,,,4,0.9035269709543569,0.8962655601659751,False,single,,control,103,,,,,,,,,,,,,
seed,satimage,5,power,,-1.0,1,0.9118257261410788,0.9024896265560166,False,single,,control,104,,,,,,,,,,,,,
seed,satimage,5,gradient descent,,,4,0.9076763485477178,0.8910788381742739,False,single,,control,104,,,,,,,,,,,,,
seed,satimage,5,power,,-1.0,1,0.9190871369294605,0.9107883817427386,False,single,,control,105,,,,,,,,,,,,,
seed,satimage,5,gradient descent,,,4,0.9056016597510373,0.8973029045643154,False,single,,control,105,,,,,,,,,,,,,
seed,satimage,5,power,,-1.0,1,0.9097510373443983,0.9035269709543569,False,single,,control,106,,,,,,,,,,,,,
seed,satimage,5,gradient descent,,,4,0.8973029045643154,0.8973029045643154,False,single,,control,106,,,,,,,,,,,,,
seed,satimage,5,power,,-1.0,1,0.8952282157676349,0.8890041493775933,False,single,,control,107,,,,,,,,,,,,,
seed,satimage,5,gradient descent,,,4,0.9107883817427386,0.8993775933609959,False,single,,control,107,,,,,,,,,,,,,
seed,satimage,5,power,,-0.4,4,0.9076763485477178,0.9076763485477178,False,multi,,control,100,,,,,,,,,,,,,
seed,satimage,5,gradient descent,,,4,0.9045643153526971,0.8962655601659751,False,multi,,control,100,,,,,,,,,,,,,
seed,satimage,5,power,,-0.4,4,0.9014522821576764,0.8983402489626556,False,multi,,control,101,,,,,,,,,,,,,
seed,satimage,5,gradient descent,,,4,0.9066390041493776,0.8941908713692946,False,multi,,control,101,,,,,,,,,,,,,
seed,satimage,5,power,,-0.4,4,0.9128630705394191,0.9076763485477178,False,multi,,control,102,,,,,,,,,,,,,
seed,satimage,5,gradient descent,,,4,0.9076763485477178,0.8993775933609959,False,multi,,control,102,,,,,,,,,,,,,
seed,satimage,5,power,,-0.4,4,0.9045643153526971,0.9035269709543569,False,multi,,control,103,,,,,,,,,,,,,
seed,satimage,5,gradient descent,,,4,0.9035269709543569,0.8962655601659751,False,multi,,control,103,,,,,,,,,,,,,
seed,satimage,5,power,,-0.4,4,0.9087136929460581,0.8983402489626556,False,multi,,control,104,,,,,,,,,,,,,
seed,satimage,5,gradient descent,,,4,0.9076763485477178,0.8910788381742739,False,multi,,control,104,,,,,,,,,,,,,
seed,satimage,5,power,,-0.4,4,0.9045643153526971,0.9024896265560166,False,multi,,control,105,,,,,,,,,,,,,
seed,satimage,5,gradient descent,,,4,0.9056016597510373,0.8973029045643154,False,multi,,control,105,,,,,,,,,,,,,
seed,satimage,5,power,,-0.4,4,0.9024896265560166,0.9045643153526971,False,multi,,control,106,,,,,,,,,,,,,
seed,satimage,5,gradient descent,,,4,0.8973029045643154,0.8973029045643154,False,multi,,control,106,,,,,,,,,,,,,
seed,satimage,5,power,,-0.4,4,0.9087136929460581,0.9087136929460581,False,multi,,control,107,,,,,,,,,,,,,
seed,satimage,5,gradient descent,,,4,0.9107883817427386,0.8993775933609959,False,multi,,control,107,,,,,,,,,,,,,
split_summary,satimage,5,,,,,,,,,,control,,-0.012966804979255842,0.4169877026428116,4,0.0,1,0.7520746887966778,0.08023269052944443,4,0.6,4,-0.012966804979255842,8,3
