dataset,mode,scale,seed,val_acc,test_acc,test_precision,test_recall,test_f1,train_mse,diverged
optdigits,full,32,100,0.976303317535545,0.9786729857819905,0.9789349098067526,0.9786955011760939,0.9786577543668292,0.00018578144732479254,0
optdigits,full,32,101,0.9739336492890995,0.9822274881516587,0.9824255350734896,0.9821405182975405,0.9821698888966564,0.00018438921154760964,0
optdigits,full,32,102,0.9739336492890995,0.9786729857819905,0.9787330103830355,0.9785840960088154,0.9785441348940298,0.00010822799984430176,0
optdigits,full,32,103,0.9786729857819905,0.9786729857819905,0.9788481195357855,0.9785697529221832,0.9785546342646606,0.00010941778421653916,0
optdigits,full,32,104,0.976303317535545,0.9822274881516587,0.9822178418764972,0.9821551870958526,0.9821236377397377,0.0002880340191024465,0
optdigits,full,32,105,0.9798578199052133,0.9845971563981043,0.984687652647749,0.9846061910334323,0.9845780008719478,0.00023469722472445635,0
optdigits,full,32,106,0.9786729857819905,0.9869668246445498,0.9871526504148582,0.9869731378121436,0.9869931297708217,0.00018374466196588495,0
optdigits,full,32,107,0.9751184834123223,0.9834123222748815,0.9834253431979848,0.983415714842956,0.9833793850996857,0.00010765146227756766,0
optdigits,full,32,108,0.9774881516587678,0.9881516587677726,0.9881882486403523,0.9881646146830825,0.9881002284896813,5.7925094060393967e-05,0
optdigits,full,32,109,0.9751184834123223,0.9834123222748815,0.983712080068001,0.9833033089952148,0.9833005843513698,0.00015912697725887497,0
optdigits,full,32,110,0.9715639810426541,0.9845971563981043,0.9846876408750378,0.9846205341200645,0.9845637360826961,0.00010731246884976039,0
optdigits,full,32,111,0.976303317535545,0.9834123222748815,0.9834131192984048,0.9833453375746487,0.9833173931254843,0.0001596003728323909,0
optdigits,full,32,112,0.9739336492890995,0.9798578199052133,0.9802135536489599,0.9798436230754559,0.9798747945290838,0.0001353161856110993,0
optdigits,full,32,113,0.9786729857819905,0.9798578199052133,0.9802469738972247,0.9797872514093896,0.9798517214946832,0.0001338330511378844,0
optdigits,full,32,114,0.9751184834123223,0.985781990521327,0.9858819777962307,0.9857129475494316,0.9857026825110816,0.00018007220690968189,0
optdigits,full,32,115,0.9834123222748815,0.9822274881516587,0.9822221877974104,0.9821972156752865,0.9821543160078177,0.00013292934398055866,0
optdigits,error,2,100,0.976303317535545,0.9834123222748815,0.9837211206066645,0.983359680661281,0.9833882412760893,0.0010572373600546694,0
optdigits,error,2,101,0.9774881516587678,0.9834123222748815,0.9835043666308889,0.9834007085602524,0.9833580755949992,0.0010602689867354202,0
optdigits,error,2,102,0.9739336492890995,0.9822274881516587,0.9824093576569706,0.9822112330502388,0.9821718634144385,0.0009695786082111629,0
optdigits,error,2,103,0.9774881516587678,0.9798578199052133,0.9800504782610462,0.9798022576920934,0.9797955763882145,0.0010441104676816456,0
optdigits,error,2,104,0.9751184834123223,0.9798578199052133,0.980130384130206,0.9797308797433235,0.9796787002044433,0.0011714609312442402,0
optdigits,error,2,105,0.9739336492890995,0.9786729857819905,0.9790100781981727,0.9785697529221832,0.9785505810926832,0.0010678218170727487,0
optdigits,error,2,106,0.9774881516587678,0.9845971563981043,0.9848769294266726,0.9845081282723231,0.9845519586344826,0.0010690458688359195,0
optdigits,error,2,107,0.9715639810426541,0.9845971563981043,0.9846332133301624,0.9845921854311912,0.9845560737745999,0.0010052333201977608,0
optdigits,error,2,108,0.9739336492890995,0.9834123222748815,0.9836331437875142,0.9833880293501542,0.9834265495009209,0.0009846737080603037,0
optdigits,error,2,109,0.976303317535545,0.9798578199052133,0.9802529703205456,0.9797592284321966,0.979783177845213,0.0010909630028640195,0
optdigits,error,2,110,0.9751184834123223,0.9822274881516587,0.9824950309587951,0.9821832100730458,0.9822000809690602,0.0010184309036206792,0
optdigits,error,2,111,0.9739336492890995,0.981042654028436,0.9813556786350904,0.9809923963981781,0.9810439267284361,0.0010711794977270193,0
optdigits,error,2,112,0.9739336492890995,0.9774881516587678,0.9780129173694615,0.9774203046306782,0.9774802861533225,0.00111363428413741,0
optdigits,error,2,113,0.976303317535545,0.9845971563981043,0.9846276252858293,0.9845501568517572,0.9845270978194651,0.0010125837683963666,0
optdigits,error,2,114,0.976303317535545,0.9834123222748815,0.9835135237456362,0.9833740237479134,0.9833612846692935,0.0010430016110557487,0
optdigits,error,2,115,0.9751184834123223,0.981042654028436,0.9810864889501584,0.9809927338825695,0.9809372794521692,0.0010610101014561916,0
optdigits,weight,32,100,0.9727488151658767,0.9822274881516587,0.9823881501084022,0.9822389185430407,0.9822376615884509,0.00020602727686174892,0
optdigits,weight,32,101,0.9751184834123223,0.9822274881516587,0.9823469353708585,0.9822529241452814,0.9822320136151383,0.00024287758960420445,0
optdigits,weight,32,102,0.9751184834123223,0.9834123222748815,0.9836685687840765,0.9834023724367865,0.9834249289973783,0.00022366016820998612,0
optdigits,weight,32,103,0.9751184834123223,0.985781990521327,0.9858751110347352,0.9857406330422334,0.9857529077411948,0.00018168733428014443,0
optdigits,weight,32,104,0.976303317535545,0.9798578199052133,0.9801131754964327,0.9797031942505218,0.9796810645540999,0.0003649133169035146,0
optdigits,weight,32,105,0.9739336492890995,0.9774881516587678,0.9775845279596813,0.977421305311141,0.9773780099090196,0.0001935099977155673,0
optdigits,weight,32,106,0.9786729857819905,0.9822274881516587,0.9825426593146626,0.9821832100730458,0.9822555038348645,0.00030437147633136444,0
optdigits,weight,32,107,0.9739336492890995,0.9822274881516587,0.9824769230827568,0.9822108955658475,0.9822165795408087,0.00022919960946279493,0
optdigits,weight,32,108,0.9751184834123223,0.9834123222748815,0.9835503680642859,0.9833743494595935,0.9833366975217354,0.00016183974785455828,0
optdigits,weight,32,109,0.9751184834123223,0.981042654028436,0.9811789012197163,0.9809356990204318,0.9809375477418889,0.0002624195630061459,0
optdigits,weight,32,110,0.9715639810426541,0.9822274881516587,0.9824158013656182,0.982281610318546,0.9822160315684723,0.00017959957904215877,0
optdigits,weight,32,111,0.976303317535545,0.9774881516587678,0.9779193819088757,0.9774359741094534,0.9774589474972283,0.00023012353324406142,0
optdigits,weight,32,112,0.9703791469194313,0.981042654028436,0.9813168874983889,0.9810627854391967,0.9810372155869456,0.00034702231611954303,0
optdigits,weight,32,113,0.976303317535545,0.9822274881516587,0.982400704994294,0.9821548613841726,0.982142627437122,0.00023594670500535394,0
optdigits,weight,32,114,0.9751184834123223,0.981042654028436,0.9814681766828107,0.9810357631424663,0.9810154405419217,0.00019985060527389367,0
optdigits,weight,32,115,0.9774881516587678,0.985781990521327,0.9857499115658811,0.9857693192154979,0.9857110247165348,0.00027507603190410096,0
