dataset,sweep,value,seed,val_acc,test_acc,test_precision,test_recall,test_f1,train_mse,diverged
pendigits,gradient descent: lr,0.125,100,0.8336369156041287,0.8445658773527626,0.8497057141661749,0.843754895530456,0.8403803096839276,0.036415573792426124,0
pendigits,gradient descent: lr,0.25,100,0.8609593199757134,0.8724954462659381,0.8774756196028262,0.871648917947897,0.868326903007947,0.02439395976375032,0
pendigits,gradient descent: lr,0.5,100,0.8949605343047966,0.9010321797207043,0.9054710628741555,0.9001447355509763,0.89664845385451,0.01759858154707608,0
pendigits,gradient descent: lr,1.0,100,0.9198542805100182,0.9210686095931998,0.9250845324600878,0.9200582901665901,0.9166059303189276,0.012716542569652444,0
pendigits,gradient descent: lr,2.0,100,0.936247723132969,0.9404978749241044,0.9428773959152951,0.9389506048508574,0.9354977151189592,0.009012275603028218,0
pendigits,gradient descent: lr,4.0,100,0.9465695203400122,0.9520340012143291,0.9548492038809098,0.950343612440974,0.9469465943505571,0.007079804681649466,0
pendigits,gradient descent: lr,8.0,100,0.9502125075895568,0.9538554948391014,0.9564811091322142,0.9521461144766536,0.9487459923314088,0.005855855300314811,0
pendigits,gradient descent: lr,16.0,100,0.9489981785063752,0.9550698239222829,0.9579030627300451,0.9533638211906963,0.9500755627334158,0.005020225965332434,0
pendigits,gradient descent: lr,32.0,100,0.9368548876745598,0.9338190649666059,0.9477137172750382,0.9314525028103573,0.9248655114049203,0.006627557104186119,0
pendigits,gradient descent: lr,64.0,100,0.30722525804493017,0.3132969034608379,0.1527144925198013,0.3265822784810126,0.19350673603395546,0.07159866616283322,0
pendigits,gradient descent: lr,128.0,100,0.16029143897996356,0.15664845173041894,0.031035813593059125,0.16329113924050634,0.051948437433744644,0.09044377935024989,0
pendigits,KarciFANN: alpha,0.1,100,0.8190649666059502,0.8245294474802671,0.7620593987895925,0.8259244483006161,0.781685159472622,0.022489520555463292,0
pendigits,KarciFANN: alpha,0.3,100,0.949605343047966,0.9550698239222829,0.9567941193381351,0.9534085372886636,0.9499867221074988,0.005204426514363076,0
pendigits,KarciFANN: alpha,0.5,100,0.9489981785063752,0.9544626593806922,0.9573247319029619,0.9528237419670262,0.949441958774518,0.004520966158155634,0
pendigits,KarciFANN: alpha,0.7,100,0.9489981785063752,0.9544626593806922,0.957749599499284,0.9527790258690588,0.9495996640484016,0.005037930883980975,0
pendigits,KarciFANN: alpha,0.9,100,0.9489981785063752,0.9532483302975107,0.9560029890969265,0.9515613191550164,0.9481595723758456,0.006275468235297847,0
pendigits,KarciFANN: alpha,1.1,100,0.9404978749241044,0.9471766848816029,0.9502860607073584,0.9456171337971069,0.9421590560086447,0.008045723883817194,0
pendigits,KarciFANN: alpha,1.3,100,0.9295689131754705,0.9338190649666059,0.9365464927580447,0.9323287920025753,0.9289902423064882,0.010399313866151836,0
pendigits,KarciFANN: alpha,1.5,100,0.9234972677595629,0.922890103217972,0.9267970353541809,0.9218126761315023,0.9184865621623407,0.013405595300909299,0
pendigits,KarciFANN: alpha,1.7,100,0.9107468123861566,0.9089253187613844,0.9139204705751458,0.9080838872276363,0.9048094777196536,0.01600684796382323,0
pendigits,KarciFANN: alpha,1.9,100,0.8943533697632058,0.9034608378870674,0.9080242546557085,0.9025320329082935,0.8992329969657185,0.018324637673530365,0
pendigits,KarciFANN: alpha,2.5,100,0.36247723132969034,0.3709775349119611,0.2068277268949538,0.3702457620845362,0.23274663169528487,0.06737543151101275,0
pendigits,KarciFANN: alpha,3.0,100,0.10564663023679417,0.10625379477838494,0.03470496894409938,0.10253164556962027,0.027786113891939634,0.14263441313863987,0
pendigits,gradient descent: lr,0.125,101,0.8476017000607164,0.851244687310261,0.8577725496652091,0.8499747799485957,0.8462305434574471,0.03568381391874556,0
pendigits,gradient descent: lr,0.25,101,0.8749241044323012,0.8779599271402551,0.8823284307586199,0.8770083079841691,0.873644659002869,0.024220032112684697,0
pendigits,gradient descent: lr,0.5,101,0.8955676988463873,0.8979963570127505,0.901831538639831,0.8970764107304863,0.8937116743547604,0.01767614274856426,0
pendigits,gradient descent: lr,1.0,101,0.9174256223436551,0.920461445051609,0.9241935553445252,0.9192776305890819,0.9158893164812911,0.012855994777925825,0
pendigits,gradient descent: lr,2.0,101,0.936247723132969,0.9392835458409229,0.9419868031684503,0.9377328981368149,0.9343591262012516,0.009137610403354108,0
pendigits,gradient descent: lr,4.0,101,0.9435336976320583,0.9483910139647844,0.9515918393961218,0.9468416404567499,0.9435016643618533,0.007128457312679425,0
pendigits,gradient descent: lr,8.0,101,0.9489981785063752,0.9520340012143291,0.9550096049522354,0.9503951284845418,0.9471030232144146,0.005743690544643364,0
pendigits,gradient descent: lr,16.0,101,0.949605343047966,0.9532483302975107,0.9556908380640149,0.9515613191550164,0.9482324073941637,0.004975924709186947,0
pendigits,gradient descent: lr,32.0,101,0.9502125075895568,0.9538554948391014,0.9558843653425833,0.9521976305202215,0.9485511031791557,0.004628060876960142,0
pendigits,gradient descent: lr,64.0,101,0.517304189435337,0.5233758348512447,0.33255146058350726,0.5105331157350741,0.38657550228547055,0.049058818615493556,0
pendigits,gradient descent: lr,128.0,101,0.09593199757134184,0.09593199757134184,0.009593199757134184,0.1,0.017506925207756235,0.0999999767902823,0
pendigits,KarciFANN: alpha,0.1,101,0.930783242258652,0.9380692167577414,0.940015443190347,0.9364155593084369,0.933070409099062,0.008552579807188685,0
pendigits,KarciFANN: alpha,0.3,101,0.9477838494231937,0.9514268366727383,0.9532023744206375,0.9497656170649369,0.9459614007963454,0.005358547134380325,0
pendigits,KarciFANN: alpha,0.5,101,0.9489981785063752,0.9520340012143291,0.9545378695893099,0.9504466445281097,0.9470149675057883,0.00449176359726015,0
pendigits,KarciFANN: alpha,0.7,101,0.9489981785063752,0.9532483302975107,0.9562504597211692,0.9516094352257841,0.9482472788221129,0.005059499006738649,0
pendigits,KarciFANN: alpha,0.9,101,0.9477838494231937,0.9514268366727383,0.9545977956983526,0.9498103331629043,0.9465421476452466,0.006237388911450728,0
pendigits,KarciFANN: alpha,1.1,101,0.9392835458409229,0.9477838494231937,0.9510334496954063,0.9462568451351124,0.9428930818944838,0.00803812378801048,0
pendigits,KarciFANN: alpha,1.3,101,0.9313904068002429,0.9356405585913783,0.938198035094465,0.9341862100546233,0.9308529954442415,0.010493353679917505,0
pendigits,KarciFANN: alpha,1.5,101,0.9253187613843351,0.9216757741347905,0.9252374440892834,0.920450621205157,0.9171719949336913,0.013187692940003498,0
pendigits,KarciFANN: alpha,1.7,101,0.8907103825136612,0.8937462052216151,0.8999205500904723,0.892010322145271,0.8853400021474689,0.018199589618104275,0
pendigits,KarciFANN: alpha,1.9,101,0.7619914996964178,0.7656344869459624,0.6305593952551363,0.7585690504349383,0.6836569135335016,0.029505869528811134,0
pendigits,KarciFANN: alpha,2.5,101,0.28051001821493626,0.2799028536733455,0.0969001223306986,0.27618254497002004,0.14272628453358932,0.07874206649648158,0
pendigits,KarciFANN: alpha,3.0,101,0.21372191863995144,0.2161505768063145,0.14954839832171107,0.21573455766784244,0.11282202804706234,0.1362468824378974,0
pendigits,gradient descent: lr,0.125,102,0.8451730418943534,0.8542805100182149,0.8630027178246242,0.8534382332536277,0.8498397519815587,0.035703120200509794,0
pendigits,gradient descent: lr,0.25,102,0.8676381299332119,0.8779599271402551,0.8834524194369411,0.8772007722672395,0.8736517630083673,0.024208246528910096,0
pendigits,gradient descent: lr,0.5,102,0.899210686095932,0.8998178506375227,0.9041926455431651,0.8989270288369339,0.8951307888861868,0.017556440835270533,0
pendigits,gradient descent: lr,1.0,102,0.9210686095931998,0.9180327868852459,0.9219471700125255,0.9168422171609969,0.9133550072143073,0.012720659368374104,0
pendigits,gradient descent: lr,2.0,102,0.9356405585913783,0.9392835458409229,0.9427376813049724,0.9377294981640147,0.9342899112565538,0.008992607680156533,0
pendigits,gradient descent: lr,4.0,102,0.941712204007286,0.9483910139647844,0.9519018070460008,0.9468829565819169,0.9435368747561166,0.007115757215012744,0
pendigits,gradient descent: lr,8.0,102,0.9477838494231937,0.9526411657559198,0.9560087319763977,0.9509765238333789,0.9477148261150949,0.005994280820616695,0
pendigits,gradient descent: lr,16.0,102,0.9489981785063752,0.9538554948391014,0.9572305900731278,0.9521942305474214,0.9489309854294131,0.005139140453265723,0
pendigits,gradient descent: lr,32.0,102,0.936247723132969,0.9368548876745598,0.9524662085266172,0.934424595489312,0.9273635968655418,0.006642866750108909,0
pendigits,gradient descent: lr,64.0,102,0.2799028536733455,0.2799028536733455,0.11420365580599216,0.27473506034736533,0.1505404255660703,0.07929263491410336,0
pendigits,gradient descent: lr,128.0,102,0.20765027322404372,0.20704310868245293,0.08566934477951427,0.19883720930232557,0.10591734017552665,0.07986164841048946,0
pendigits,KarciFANN: alpha,0.1,102,0.848816029143898,0.8542805100182149,0.7692768130030682,0.8489260389714349,0.805981515159641,0.01574840212743618,0
pendigits,KarciFANN: alpha,0.3,102,0.9459623557984214,0.9526411657559198,0.962195692320998,0.9509799238061791,0.9494297515671752,0.007107672877881337,0
pendigits,KarciFANN: alpha,0.5,102,0.9508196721311475,0.9532483302975107,0.9605238176038521,0.9515613191550164,0.9493321680442376,0.004902323227849015,0
pendigits,KarciFANN: alpha,0.7,102,0.949605343047966,0.9538554948391014,0.9575548698936327,0.9521461144766536,0.949060912847991,0.005065027528453586,0
pendigits,KarciFANN: alpha,0.9,102,0.9447480267152398,0.949605343047966,0.9532580413822197,0.9480044311544242,0.9447705422424161,0.006438101738673791,0
pendigits,KarciFANN: alpha,1.1,102,0.9404978749241044,0.9429265330904675,0.9463830547487483,0.9413826183061422,0.9381481909643314,0.007973449504083397,0
pendigits,KarciFANN: alpha,1.3,102,0.9332119004250152,0.9332119004250152,0.9363631644356228,0.9317955127245059,0.9285075470433813,0.010309647012135685,0
pendigits,KarciFANN: alpha,1.5,102,0.9259259259259259,0.9234972677595629,0.9270149339036073,0.9223527553551725,0.9189777616225647,0.013197849077877483,0
pendigits,KarciFANN: alpha,1.7,102,0.912568306010929,0.9095324833029751,0.9140083091248478,0.9085622504893378,0.9051669954382217,0.01631237137806569,0
pendigits,KarciFANN: alpha,1.9,102,0.8986035215543412,0.8998178506375227,0.9042198348825986,0.8988307966953986,0.8954515805714001,0.018811085834969515,0
pendigits,KarciFANN: alpha,2.5,102,0.32179720704310866,0.31693989071038253,0.1586093297418593,0.3162189031601671,0.20198556942286033,0.09193247339895258,0
pendigits,KarciFANN: alpha,3.0,102,0.042501517911353974,0.0461445051608986,0.02320797982114194,0.04776445332741136,0.021146024844516213,0.0999999717925551,0
