dataset,config,activation,loss,rule,lr,seed,val_acc,test_acc,test_precision,test_recall,test_f1,train_mse,diverged
satimage,sigmoid/mse/gd,sigmoid,mse,gd,16,100,0.9014522821576764,0.8910788381742739,0.8759071281570409,0.8899337143851661,0.8800142233255727,0.015015141226608146,0
satimage,sigmoid/mse/gd,sigmoid,mse,gd,16,101,0.9045643153526971,0.8983402489626556,0.8851459276549597,0.8907616944891159,0.8868397458386346,0.014951089705611091,0
satimage,sigmoid/mse/gd,sigmoid,mse,gd,16,102,0.9232365145228216,0.9076763485477178,0.9028001483472696,0.8840540909937724,0.8917308898648,0.013472749989068888,0
satimage,sigmoid/mse/gd,sigmoid,mse,gd,16,103,0.9066390041493776,0.8921161825726142,0.8784862235492487,0.8727244803160108,0.8750728896243288,0.014566663141481759,0
satimage,sigmoid/mse/gd,sigmoid,mse,gd,16,104,0.9190871369294605,0.9045643153526971,0.8905399849400485,0.8909060126112577,0.8897399732835735,0.014082396454465169,0
satimage,sigmoid/mse/gd,sigmoid,mse,gd,16,105,0.808091286307054,0.7977178423236515,0.6487966411355491,0.7284481807059784,0.6780271160849499,0.03151685222097069,0
satimage,sigmoid/mse/gd,sigmoid,mse,gd,16,106,0.9076763485477178,0.9004149377593361,0.8894479893046073,0.8826999754378376,0.8854199798112302,0.013472619968209008,0
satimage,sigmoid/mse/gd,sigmoid,mse,gd,16,107,0.9118257261410788,0.8993775933609959,0.8905871955194923,0.874542633166357,0.880936481681779,0.014711620490793203,0
satimage,sigmoid/mse/gd,sigmoid,mse,gd,16,108,0.8983402489626556,0.8807053941908713,0.8699793459018762,0.8709832763902557,0.8677400919202484,0.019569392665981577,0
satimage,sigmoid/mse/gd,sigmoid,mse,gd,16,109,0.9180497925311203,0.9024896265560166,0.8942285807220799,0.8821508522687295,0.8865902118541333,0.014529441254883127,0
satimage,sigmoid/mse/gd,sigmoid,mse,gd,16,110,0.9107883817427386,0.8993775933609959,0.8865570975891136,0.8869710263206761,0.8858892280789847,0.013780457981869708,0
satimage,sigmoid/mse/gd,sigmoid,mse,gd,16,111,0.9024896265560166,0.8931535269709544,0.8823285826959996,0.8780736296736916,0.8795876657877963,0.015776498594055176,0
satimage,sigmoid/mse/gd,sigmoid,mse,gd,16,112,0.9097510373443983,0.9066390041493776,0.8913569262651965,0.8978446126538322,0.8941494084346556,0.014277848430833382,0
satimage,sigmoid/mse/gd,sigmoid,mse,gd,16,113,0.9035269709543569,0.8941908713692946,0.8838252675316443,0.8727154267934237,0.877825654841752,0.015371684931927204,0
satimage,sigmoid/mse/gd,sigmoid,mse,gd,16,114,0.9045643153526971,0.8983402489626556,0.8828336673815246,0.8855023560584224,0.8839380449936,0.014366572000305021,0
satimage,sigmoid/mse/gd,sigmoid,mse,gd,16,115,0.9149377593360996,0.8879668049792531,0.8741899775386798,0.875888932002729,0.8744035720233936,0.013802557683344678,0
satimage,sigmoid/mse/adam,sigmoid,mse,adam,0.003,100,0.9128630705394191,0.9004149377593361,0.8867480475624675,0.8853367093984698,0.8857837558888404,0.015892462608342206,0
satimage,sigmoid/mse/adam,sigmoid,mse,adam,0.003,101,0.9139004149377593,0.9045643153526971,0.8904590269404807,0.8896173819504963,0.8896100765429943,0.015655610579638754,0
satimage,sigmoid/mse/adam,sigmoid,mse,adam,0.003,102,0.91701244813278,0.9014522821576764,0.8883635910593973,0.8848408575556999,0.8862712153258537,0.01576021788295537,0
satimage,sigmoid/mse/adam,sigmoid,mse,adam,0.003,103,0.9097510373443983,0.9004149377593361,0.8909950871830331,0.8834134981664468,0.8868856076458886,0.015474932312030227,0
satimage,sigmoid/mse/adam,sigmoid,mse,adam,0.003,104,0.9014522821576764,0.8983402489626556,0.886630572728119,0.8806187078572943,0.8833536036937856,0.016166180079100007,0
satimage,sigmoid/mse/adam,sigmoid,mse,adam,0.003,105,0.9066390041493776,0.8962655601659751,0.8829048650042761,0.8806893290677712,0.8814219735779322,0.016171093376069735,0
satimage,sigmoid/mse/adam,sigmoid,mse,adam,0.003,106,0.9076763485477178,0.8983402489626556,0.8879260893492157,0.8751100595517017,0.8803079651019221,0.016651049909115437,0
satimage,sigmoid/mse/adam,sigmoid,mse,adam,0.003,107,0.9118257261410788,0.9045643153526971,0.8915419733807465,0.8887101493249098,0.8898493760535398,0.015922427317922917,0
satimage,sigmoid/mse/adam,sigmoid,mse,adam,0.003,108,0.9201244813278008,0.9035269709543569,0.8920434060019721,0.8881234665941348,0.8898893129959012,0.0160126246460043,0
satimage,sigmoid/mse/adam,sigmoid,mse,adam,0.003,109,0.9118257261410788,0.9066390041493776,0.8944500814872347,0.8905627393464557,0.8920646791348061,0.015872978775857083,0
satimage,sigmoid/mse/adam,sigmoid,mse,adam,0.003,110,0.9139004149377593,0.9004149377593361,0.8895108094458039,0.8807481191641481,0.8847655802567495,0.01585512350768301,0
satimage,sigmoid/mse/adam,sigmoid,mse,adam,0.003,111,0.9139004149377593,0.9045643153526971,0.8916844269101101,0.8881523952715877,0.8896785869118765,0.01569844488185361,0
satimage,sigmoid/mse/adam,sigmoid,mse,adam,0.003,112,0.9107883817427386,0.9014522821576764,0.8902699547756819,0.8835973807627294,0.8866277185028956,0.015565127056122207,0
satimage,sigmoid/mse/adam,sigmoid,mse,adam,0.003,113,0.9066390041493776,0.8921161825726142,0.882953007398204,0.8722917310949659,0.8772297956148819,0.016249469082460763,0
satimage,sigmoid/mse/adam,sigmoid,mse,adam,0.003,114,0.9056016597510373,0.9004149377593361,0.8863331306552791,0.887077166722702,0.8862841564327124,0.01646159775131951,0
satimage,sigmoid/mse/adam,sigmoid,mse,adam,0.003,115,0.9087136929460581,0.9076763485477178,0.897404099961416,0.8892469981297809,0.8928318110392522,0.01594492071624052,0
satimage,sigmoid/ce/gd,sigmoid,ce,gd,4,100,0.8879668049792531,0.8755186721991701,0.8615554141555682,0.8730155641099633,0.8636725786299513,0.14027812149037375,0
satimage,sigmoid/ce/gd,sigmoid,ce,gd,4,101,0.8786307053941909,0.8786307053941909,0.8674942733164407,0.878304078521225,0.8683653900823031,0.10024093877736895,0
satimage,sigmoid/ce/gd,sigmoid,ce,gd,4,102,0.9004149377593361,0.9014522821576764,0.886208000633042,0.8806304409682936,0.8824450838872985,0.06372597762447661,0
satimage,sigmoid/ce/gd,sigmoid,ce,gd,4,103,0.9128630705394191,0.9014522821576764,0.8868196665854441,0.8836142201168249,0.8843186498626485,0.09428743015270555,0
satimage,sigmoid/ce/gd,sigmoid,ce,gd,4,104,0.9024896265560166,0.8931535269709544,0.8779820756830804,0.8742409277410198,0.8755303374260857,0.07005764229216811,0
satimage,sigmoid/ce/gd,sigmoid,ce,gd,4,105,0.8973029045643154,0.8817427385892116,0.8634747423900152,0.8684475174248454,0.8624461010989011,0.1256371414382774,0
satimage,sigmoid/ce/gd,sigmoid,ce,gd,4,106,0.9035269709543569,0.8879668049792531,0.8720316455475495,0.8578973818005124,0.8619756863003026,0.09185234051376748,0
satimage,sigmoid/ce/gd,sigmoid,ce,gd,4,107,0.9118257261410788,0.8796680497925311,0.8613468438624037,0.8612573209543436,0.8609208891726311,0.07480437792486075,0
satimage,sigmoid/ce/gd,sigmoid,ce,gd,4,108,0.8858921161825726,0.8900414937759336,0.8821280498561063,0.8753149361631332,0.8763878079001048,0.1299816390272886,0
satimage,sigmoid/ce/gd,sigmoid,ce,gd,4,109,0.9024896265560166,0.9056016597510373,0.8968850388849118,0.8864049754788569,0.8900024131931638,0.07016252745370948,0
satimage,sigmoid/ce/gd,sigmoid,ce,gd,4,110,0.9097510373443983,0.8952282157676349,0.8764861315357066,0.8885075709250883,0.8799878018403073,0.08656383409943351,0
satimage,sigmoid/ce/gd,sigmoid,ce,gd,4,111,0.8931535269709544,0.8838174273858921,0.8702780299668581,0.8642758785264187,0.8670406571592492,0.08454749451600614,0
satimage,sigmoid/ce/gd,sigmoid,ce,gd,4,112,0.8900414937759336,0.8765560165975104,0.8583704029426732,0.8557673985033613,0.856821395493304,0.0664762367379089,0
satimage,sigmoid/ce/gd,sigmoid,ce,gd,4,113,0.9190871369294605,0.9035269709543569,0.8889184700596915,0.884825991291816,0.886626280758673,0.0571810230985806,0
satimage,sigmoid/ce/gd,sigmoid,ce,gd,4,114,0.8952282157676349,0.8910788381742739,0.8747600389983474,0.8865379733001632,0.8782402778706926,0.09075177174446826,0
satimage,sigmoid/ce/gd,sigmoid,ce,gd,4,115,0.9004149377593361,0.8921161825726142,0.8757772049493662,0.8841271023022211,0.879234734281049,0.07436210676708462,0
satimage,sigmoid/ce/adam,sigmoid,ce,adam,0.003,100,0.9045643153526971,0.9066390041493776,0.8956271059290595,0.8876496896877938,0.8909972226774862,0.1449135897324375,0
satimage,sigmoid/ce/adam,sigmoid,ce,adam,0.003,101,0.9118257261410788,0.9087136929460581,0.8967388042565357,0.8913906988386421,0.893756643706797,0.13273769834365431,0
satimage,sigmoid/ce/adam,sigmoid,ce,adam,0.003,102,0.9128630705394191,0.8983402489626556,0.8843473590040393,0.8798454116280027,0.8818843263414836,0.14391556919352466,0
satimage,sigmoid/ce/adam,sigmoid,ce,adam,0.003,103,0.9097510373443983,0.9076763485477178,0.8946045179374562,0.8911202671565075,0.8926110647264068,0.13434268693979817,0
satimage,sigmoid/ce/adam,sigmoid,ce,adam,0.003,104,0.9128630705394191,0.9066390041493776,0.8956200924481186,0.8893502116614157,0.892236184093327,0.13460463278228565,0
satimage,sigmoid/ce/adam,sigmoid,ce,adam,0.003,105,0.9201244813278008,0.9097510373443983,0.8977674534470895,0.8949020567106726,0.8960637606958105,0.14343685946186077,0
satimage,sigmoid/ce/adam,sigmoid,ce,adam,0.003,106,0.9035269709543569,0.9076763485477178,0.8986199818059899,0.8854225423227714,0.8911848940503816,0.14341749629587663,0
satimage,sigmoid/ce/adam,sigmoid,ce,adam,0.003,107,0.9097510373443983,0.9107883817427386,0.9001167435529673,0.8947755009996116,0.8973472574268176,0.13450425192604148,0
satimage,sigmoid/ce/adam,sigmoid,ce,adam,0.003,108,0.9087136929460581,0.9045643153526971,0.8920331564001724,0.8889414905062342,0.890133315066361,0.1411345710818014,0
satimage,sigmoid/ce/adam,sigmoid,ce,adam,0.003,109,0.9128630705394191,0.9014522821576764,0.8865311990312388,0.8863948813834882,0.8864025038807205,0.13821843708140336,0
satimage,sigmoid/ce/adam,sigmoid,ce,adam,0.003,110,0.9087136929460581,0.9076763485477178,0.8932553245081216,0.8892549599686698,0.8910554444209695,0.13945270501109736,0
satimage,sigmoid/ce/adam,sigmoid,ce,adam,0.003,111,0.9097510373443983,0.9097510373443983,0.9010067563656486,0.8913119362352854,0.8958959912586502,0.14377188969800642,0
satimage,sigmoid/ce/adam,sigmoid,ce,adam,0.003,112,0.9128630705394191,0.9056016597510373,0.8973684173111159,0.8846496523388222,0.8901795774072806,0.13829543867071553,0
satimage,sigmoid/ce/adam,sigmoid,ce,adam,0.003,113,0.9087136929460581,0.8983402489626556,0.8851491484293637,0.8824641768950604,0.8836224732959005,0.14276841588755101,0
satimage,sigmoid/ce/adam,sigmoid,ce,adam,0.003,114,0.9045643153526971,0.8993775933609959,0.8853708564596068,0.8847443688950696,0.8845671321412542,0.14137708359948997,0
satimage,sigmoid/ce/adam,sigmoid,ce,adam,0.003,115,0.9159751037344398,0.9107883817427386,0.9000730596172358,0.892292102329901,0.8956414059764214,0.13952052289892847,0
satimage,relu/mse/gd,relu,mse,gd,0.125,100,0.8029045643153527,0.8060165975103735,0.6745172152498063,0.7392882928845177,0.7032469792481083,0.03877328635150975,0
satimage,relu/mse/gd,relu,mse,gd,0.125,101,0.8879668049792531,0.8765560165975104,0.8569948743657347,0.8643185750543759,0.8597447383406142,0.026617568830578465,0
satimage,relu/mse/gd,relu,mse,gd,0.125,102,0.7728215767634855,0.7873443983402489,0.6598920341266387,0.702367405861727,0.6737952694128447,0.041468771506440676,0
satimage,relu/mse/gd,relu,mse,gd,0.125,103,0.8848547717842323,0.8858921161825726,0.8809658308849367,0.8552942769631685,0.8652737083220828,0.025486414684395456,0
satimage,relu/mse/gd,relu,mse,gd,0.125,104,0.7873443983402489,0.7946058091286307,0.6617882309334567,0.7234996828332791,0.687705286045356,0.04176821961143688,0
satimage,relu/mse/gd,relu,mse,gd,0.125,105,0.8609958506224067,0.8755186721991701,0.8663600265682706,0.8603862669107357,0.8607510369289507,0.0622562614967131,0
satimage,relu/mse/gd,relu,mse,gd,0.125,106,0.8578838174273858,0.8558091286307054,0.7289899800078659,0.7861147831732583,0.7551321627642585,0.03215525229543915,0
satimage,relu/mse/gd,relu,mse,gd,0.125,107,0.8973029045643154,0.8941908713692946,0.8828776435925138,0.8703911046784283,0.8754139982400853,0.02411271861024244,0
satimage,relu/mse/gd,relu,mse,gd,0.125,108,0.66701244813278,0.6545643153526971,0.5587114455791454,0.6210697738790639,0.5482856989084898,0.06316566253682179,0
satimage,relu/mse/gd,relu,mse,gd,0.125,109,0.6690871369294605,0.6659751037344398,0.8018562499347571,0.6373349280926844,0.5693060337682913,0.0636742813954756,0
satimage,relu/mse/gd,relu,mse,gd,0.125,110,0.7966804979253111,0.8018672199170125,0.6744949569066373,0.7258326398483161,0.6953158777294988,0.04020518010716805,0
satimage,relu/mse/gd,relu,mse,gd,0.125,111,0.8817427385892116,0.8827800829875518,0.8694551613778022,0.8565777814200572,0.8622776411074015,0.026067560817690072,0
satimage,relu/mse/gd,relu,mse,gd,0.125,112,0.6379668049792531,0.6255186721991701,0.6162337786222626,0.5889430050734825,0.5042021834087228,0.06921800475504322,0
satimage,relu/mse/gd,relu,mse,gd,0.125,113,0.8952282157676349,0.8921161825726142,0.8783810471351857,0.8700905649463778,0.8739341971504596,0.024388591374610837,0
satimage,relu/mse/gd,relu,mse,gd,0.125,114,0.8869294605809128,0.8765560165975104,0.8620307297956241,0.8492877461080376,0.85469606317863,0.02517700206081472,0
satimage,relu/mse/gd,relu,mse,gd,0.125,115,0.8910788381742739,0.8827800829875518,0.8636601735082904,0.8639802017501764,0.863464453515611,0.02466403139087759,0
satimage,relu/mse/adam,relu,mse,adam,0.003,100,0.7116182572614108,0.7095435684647303,0.6233953356677636,0.7599885582241854,0.6779487394079693,0.04905282506405437,0
satimage,relu/mse/adam,relu,mse,adam,0.003,101,0.7136929460580913,0.700207468879668,0.604436866148896,0.7489325733417056,0.6634391985735378,0.04941996735956742,0
satimage,relu/mse/adam,relu,mse,adam,0.003,102,0.8143153526970954,0.803941908713693,0.6791167712232123,0.7305046834473444,0.699970369588066,0.03154333337878673,0
satimage,relu/mse/adam,relu,mse,adam,0.003,103,0.8526970954356846,0.8578838174273858,0.7322596584115724,0.7873798250236014,0.7575840421235198,0.024627693004101545,0
satimage,relu/mse/adam,relu,mse,adam,0.003,104,0.7966804979253111,0.8018672199170125,0.6743909430840155,0.7336024237502007,0.6989243564988176,0.07012791122699523,0
satimage,relu/mse/adam,relu,mse,adam,0.003,105,0.803941908713693,0.7852697095435685,0.6568952735827223,0.7158588022487443,0.6819873799730751,0.07097496043758263,0
satimage,relu/mse/adam,relu,mse,adam,0.003,106,0.8589211618257261,0.8547717842323651,0.72428616219854,0.7900800837962496,0.7552421906247825,0.02521033510624582,0
satimage,relu/mse/adam,relu,mse,adam,0.003,107,0.9087136929460581,0.8879668049792531,0.8740629863372412,0.8700870951868275,0.8719417484169766,0.05171328794758127,0
satimage,relu/mse/adam,relu,mse,adam,0.003,108,0.7302904564315352,0.7199170124481328,0.6611938342772331,0.7431639137585856,0.69035928108893,0.045440109754960455,0
satimage,relu/mse/adam,relu,mse,adam,0.003,109,0.6545643153526971,0.6514522821576764,0.520739186831768,0.6219811430226175,0.554129639339923,0.0560822436567632,0
satimage,relu/mse/adam,relu,mse,adam,0.003,110,0.6161825726141079,0.6120331950207469,0.4793942183411253,0.6070433121838271,0.5239925697943252,0.06516683797508499,0
satimage,relu/mse/adam,relu,mse,adam,0.003,111,0.9066390041493776,0.9076763485477178,0.8959007644965901,0.8931078852580466,0.8942938554866462,0.013480759943541955,0
satimage,relu/mse/adam,relu,mse,adam,0.003,112,0.725103734439834,0.7178423236514523,0.658752246474981,0.742769497653274,0.688967440812617,0.044998747803467576,0
satimage,relu/mse/adam,relu,mse,adam,0.003,113,0.9045643153526971,0.8941908713692946,0.8813475946373787,0.8752198429856692,0.8776805759456323,0.014011668310258355,0
satimage,relu/mse/adam,relu,mse,adam,0.003,114,0.9149377593360996,0.8869294605809128,0.8720851632224701,0.8655259657731257,0.8675615642608138,0.013884072269782258,0
satimage,relu/mse/adam,relu,mse,adam,0.003,115,0.9076763485477178,0.8993775933609959,0.8838598357050055,0.8803733452618866,0.8817391761667334,0.014289687487810877,0
satimage,relu/ce/gd,relu,ce,gd,0.125,100,0.9118257261410788,0.8931535269709544,0.8764208342078987,0.8868184111859962,0.8798948739995988,0.15238923538897675,0
satimage,relu/ce/gd,relu,ce,gd,0.125,101,0.9045643153526971,0.8921161825726142,0.8774588676743611,0.8911311962523315,0.8808810670970536,0.1679464979032487,0
satimage,relu/ce/gd,relu,ce,gd,0.125,102,0.9118257261410788,0.9180497925311203,0.9107946439840666,0.9007436980668864,0.9046112932286631,0.14320481994373066,0
satimage,relu/ce/gd,relu,ce,gd,0.125,103,0.9035269709543569,0.9107883817427386,0.9029401780898163,0.8953065000583919,0.8984733477678063,0.14837807329081926,0
satimage,relu/ce/gd,relu,ce,gd,0.125,104,0.9024896265560166,0.9056016597510373,0.8945152987247532,0.889408186980199,0.8912734125865436,0.15588783000695217,0
satimage,relu/ce/gd,relu,ce,gd,0.125,105,0.9180497925311203,0.9066390041493776,0.894958515779174,0.8854683616892772,0.8890243603170603,0.14633417818758288,0
satimage,relu/ce/gd,relu,ce,gd,0.125,106,0.9159751037344398,0.91701244813278,0.9111127691093701,0.8983892679019747,0.9021777558265592,0.15344579764127822,0
satimage,relu/ce/gd,relu,ce,gd,0.125,107,0.9024896265560166,0.8952282157676349,0.8824203591731318,0.8809328768853443,0.8792962938538337,0.17824989168501357,0
satimage,relu/ce/gd,relu,ce,gd,0.125,108,0.8941908713692946,0.8910788381742739,0.8787524681487531,0.879843242366729,0.8773869915917613,0.18314567272336948,0
satimage,relu/ce/gd,relu,ce,gd,0.125,109,0.9107883817427386,0.9035269709543569,0.8885549460945142,0.8958448175401704,0.8902834484840029,0.16132988352978958,0
satimage,relu/ce/gd,relu,ce,gd,0.125,110,0.9139004149377593,0.9024896265560166,0.8902590995408558,0.8862923532902092,0.887638263716411,0.15498858292831433,0
satimage,relu/ce/gd,relu,ce,gd,0.125,111,0.8973029045643154,0.9014522821576764,0.8883421966153952,0.8807715496833262,0.884356387483101,0.16156986184460267,0
satimage,relu/ce/gd,relu,ce,gd,0.125,112,0.9128630705394191,0.9014522821576764,0.8845301658341088,0.895367675607062,0.8890776694536755,0.15201155943555575,0
satimage,relu/ce/gd,relu,ce,gd,0.125,113,0.9066390041493776,0.9035269709543569,0.8962153043035398,0.8772797826793881,0.8852040774833662,0.15415598910250308,0
satimage,relu/ce/gd,relu,ce,gd,0.125,114,0.9056016597510373,0.8973029045643154,0.8805970323405471,0.8873701632595455,0.8833933507110144,0.14809212810682149,0
satimage,relu/ce/gd,relu,ce,gd,0.125,115,0.9045643153526971,0.9118257261410788,0.8995007956819759,0.9022474754418287,0.9005758496388986,0.13777656507808822,0
satimage,relu/ce/adam,relu,ce,adam,0.01,100,0.8973029045643154,0.8931535269709544,0.8740942920467183,0.8916113367785115,0.8805782000941086,0.06656613934294342,0
satimage,relu/ce/adam,relu,ce,adam,0.01,101,0.921161825726141,0.8900414937759336,0.8683680795862139,0.874573859628474,0.870683471512331,0.04184998469069698,0
satimage,relu/ce/adam,relu,ce,adam,0.01,102,0.9087136929460581,0.8952282157676349,0.8766224922687219,0.8793588599388126,0.8775770355128998,0.06420245314078664,0
satimage,relu/ce/adam,relu,ce,adam,0.01,103,0.9024896265560166,0.9128630705394191,0.8982110159899009,0.8924206685840493,0.8949221918394613,0.057054478567034245,0
satimage,relu/ce/adam,relu,ce,adam,0.01,104,0.9076763485477178,0.9045643153526971,0.8883735336749458,0.8890362316689365,0.8880222322435799,0.054967439691997376,0
satimage,relu/ce/adam,relu,ce,adam,0.01,105,0.9128630705394191,0.8993775933609959,0.8847954592265226,0.88426784512041,0.8844604273695466,0.0661747339991227,0
satimage,relu/ce/adam,relu,ce,adam,0.01,106,0.9107883817427386,0.8921161825726142,0.8781184594281322,0.8648868264936055,0.8706366071680338,0.08395729070649138,0
satimage,relu/ce/adam,relu,ce,adam,0.01,107,0.9035269709543569,0.9118257261410788,0.8987446886737752,0.901183419440915,0.8994831464902263,0.05837204178441133,0
satimage,relu/ce/adam,relu,ce,adam,0.01,108,0.8921161825726142,0.9024896265560166,0.8876385972685386,0.8865957629482164,0.8861671985151021,0.10474928716109248,0
satimage,relu/ce/adam,relu,ce,adam,0.01,109,0.9149377593360996,0.8962655601659751,0.878437527262017,0.8887928015912002,0.882366763709935,0.05582256089871337,0
satimage,relu/ce/adam,relu,ce,adam,0.01,110,0.8900414937759336,0.8817427385892116,0.8609470029005939,0.8772351624601259,0.8666121332471614,0.10392740491954562,0
satimage,relu/ce/adam,relu,ce,adam,0.01,111,0.9014522821576764,0.9118257261410788,0.8961922732266102,0.8998880063137277,0.8977343286796717,0.056877119212344354,0
satimage,relu/ce/adam,relu,ce,adam,0.01,112,0.9066390041493776,0.9128630705394191,0.8997260365776513,0.8971236078931829,0.8981221238895828,0.043365258566811477,0
satimage,relu/ce/adam,relu,ce,adam,0.01,113,0.8952282157676349,0.8921161825726142,0.87634487764705,0.8774187517572729,0.876564256597863,0.05700314905771531,0
satimage,relu/ce/adam,relu,ce,adam,0.01,114,0.9180497925311203,0.9066390041493776,0.8932064584935019,0.891923842797418,0.8921775123504344,0.06501079468925303,0
satimage,relu/ce/adam,relu,ce,adam,0.01,115,0.8983402489626556,0.8973029045643154,0.8821851853651133,0.8794027268268705,0.8806671033302873,0.04357649171579177,0
