dataset,mode,scale,val_acc,test_acc,test_precision,test_recall,test_f1,train_mse,diverged
satimage,full,0.03125,0.8091286307053942,0.8008298755186722,0.7035052552616956,0.7035692410296851,0.6830199924915744,0.0505494850085786,0
satimage,full,0.0625,0.8257261410788381,0.8215767634854771,0.7458489228361844,0.7369012068891926,0.7161298029928918,0.0432450527081205,0
satimage,full,0.125,0.8350622406639004,0.8350622406639004,0.7955604227902265,0.7696716064237821,0.7688568442018345,0.03782745218558618,0
satimage,full,0.25,0.8516597510373444,0.8506224066390041,0.821523357938477,0.8079587243822455,0.8129094083800429,0.03432290859976797,0
satimage,full,0.5,0.8609958506224067,0.8599585062240664,0.8336109916076125,0.8250231566925786,0.8286802694530229,0.03151855338785026,0
satimage,full,1,0.8744813278008299,0.8692946058091287,0.8487076211787518,0.8426972793904506,0.8452390866812091,0.027481140964918698,0
satimage,full,2,0.8962655601659751,0.8796680497925311,0.860956023067494,0.8560294621012642,0.8577384466678168,0.02314930842025661,0
satimage,full,4,0.9118257261410788,0.8879668049792531,0.8748605795726093,0.8678406155560981,0.870644840277492,0.019680732233892648,0
satimage,full,8,0.9118257261410788,0.8921161825726142,0.8811707576928915,0.8751335367390233,0.8773797842930434,0.015004785205266,0
satimage,full,16,0.9180497925311203,0.8952282157676349,0.8808549399527608,0.8794454090246643,0.8794116137339966,0.013292538135309222,0
satimage,full,32,0.9056016597510373,0.9014522821576764,0.8937345514416283,0.8806642292578503,0.8862263438040624,0.01320245292000027,0
satimage,full,64,0.7136929460580913,0.7136929460580913,0.5859552706088557,0.7348211379909024,0.6441122436885149,0.04378856261814056,0
satimage,full,128,0.6576763485477178,0.6524896265560166,0.42588183622570264,0.623566295512327,0.4979857700731487,0.05732808057274234,0
satimage,error,0.03125,0.8205394190871369,0.8112033195020747,0.869588241174536,0.719508208614578,0.6997345866544947,0.046489775320664915,0
satimage,error,0.0625,0.8381742738589212,0.8319502074688797,0.7841646737218193,0.7574026039379821,0.7491377218599217,0.04038612194066351,0
satimage,error,0.125,0.8443983402489627,0.8464730290456431,0.8176206515015294,0.7920811894773472,0.7973094568627931,0.03603865162962999,0
satimage,error,0.25,0.8558091286307054,0.8537344398340249,0.8254815583627764,0.8141313754225782,0.8186305614884404,0.033301932330983164,0
satimage,error,0.5,0.8692946058091287,0.8630705394190872,0.8379629429933807,0.8311771695459303,0.8340585217620949,0.030355356366028628,0
satimage,error,1,0.8796680497925311,0.8713692946058091,0.852316822548233,0.8450220441045958,0.8481474236872523,0.025937707163354886,0
satimage,error,2,0.8962655601659751,0.8848547717842323,0.8715403698442054,0.8611829643774818,0.8651007425521821,0.021758561332373375,0
satimage,error,4,0.9107883817427386,0.8973029045643154,0.8855705932832124,0.880737581370561,0.8820980564629489,0.018511015551565178,0
satimage,error,8,0.9232365145228216,0.9118257261410788,0.9026367861443343,0.8961211908547574,0.8974232494303864,0.015203089262056544,0
satimage,error,16,0.9159751037344398,0.9056016597510373,0.9025576474694207,0.8814257410623209,0.8895976109925273,0.011755462633503747,0
satimage,error,32,0.91701244813278,0.8993775933609959,0.888963942094872,0.8804412561607572,0.8841446056447405,0.010940293901206521,0
satimage,error,64,0.6348547717842323,0.6307053941908713,0.42001864643078557,0.6077090674341663,0.48382035260376943,0.06075278740651419,0
satimage,error,128,0.31950207468879666,0.31742738589211617,0.10309717382888113,0.3140469167017839,0.1542003367003367,0.14863897072815146,0
satimage,weight,0.03125,0.7769709543568465,0.7686721991701245,0.675302965265799,0.6548271026649053,0.6160123769370525,0.05859161204708036,0
satimage,weight,0.0625,0.8153526970954357,0.8049792531120332,0.7013649477103,0.7106934131229673,0.69025535071252,0.04879645688729416,0
satimage,weight,0.125,0.83298755186722,0.8226141078838174,0.7388036246110977,0.738389978997664,0.7178119072050585,0.04229392327945178,0
satimage,weight,0.25,0.8433609958506224,0.8402489626556017,0.8070155417029218,0.7783361320493677,0.7800694911284097,0.03733042242493929,0
satimage,weight,0.5,0.8537344398340249,0.8506224066390041,0.8215055599064911,0.8081444724403339,0.8131815615256844,0.03412820027206816,0
satimage,weight,1,0.8620331950207469,0.8609958506224067,0.8345429375373571,0.8267962063379688,0.8301420190748486,0.03137474518942288,0
satimage,weight,2,0.8755186721991701,0.8692946058091287,0.8487076211787518,0.8426972793904506,0.8452390866812091,0.027389703595899654,0
satimage,weight,4,0.8962655601659751,0.8807053941908713,0.8622882655911294,0.8567669252281078,0.8588143656043855,0.023201141398885437,0
satimage,weight,8,0.9087136929460581,0.8900414937759336,0.877378236602207,0.8682671298455548,0.871953113644797,0.019563985890067945,0
satimage,weight,16,0.9128630705394191,0.8973029045643154,0.8856366894116059,0.8801220782417256,0.8821815118978639,0.015212684769842904,0
satimage,weight,32,0.9128630705394191,0.9076763485477178,0.9005333221806385,0.8889635656455681,0.8940497460378888,0.013067954430278004,0
satimage,weight,64,0.9097510373443983,0.8993775933609959,0.8916702369421042,0.8827759194501955,0.8863579465428623,0.012767993686177525,0
satimage,weight,128,0.733402489626556,0.725103734439834,0.5962735610340472,0.7581125330166473,0.6550158478958071,0.044880053739148044,0
