dataset,sweep,tolerance,best,best_at,count,fraction,min,max,decades
vehicle,KarciFANN: alpha,0.01,0.8098958333333334,1.1,4,0.3333333333333333,0.9,1.5,0.22184874961635634
vehicle,gradient descent: lr,0.01,0.8177083333333334,2.0,3,0.2727272727272727,1.0,4.0,0.6020599913279624
satimage,KarciFANN: alpha,0.01,0.8941908713692945,0.7,3,0.25,0.5,0.9,0.25527250510330607
satimage,gradient descent: lr,0.01,0.8990318118948825,16.0,2,0.18181818181818182,8.0,16.0,0.3010299956639812
dry_bean,KarciFANN: alpha,0.01,0.922875816993464,0.9,8,0.6666666666666666,0.1,1.5,1.1760912590556813
dry_bean,gradient descent: lr,0.01,0.9235294117647058,8.0,6,0.5454545454545454,0.5,16.0,1.505149978319906
segment,KarciFANN: alpha,0.01,0.9704761904761905,0.7,4,0.3333333333333333,0.3,0.9,0.47712125471966244
segment,gradient descent: lr,0.01,0.9742857142857142,16.0,2,0.18181818181818182,8.0,16.0,0.3010299956639812
optdigits,KarciFANN: alpha,0.01,0.9838072669826223,0.7,6,0.5,0.5,1.5,0.47712125471966244
optdigits,gradient descent: lr,0.01,0.982227488151659,8.0,6,0.5454545454545454,0.5,16.0,1.505149978319906
pendigits,KarciFANN: alpha,0.01,0.9538554948391015,0.7,5,0.4166666666666667,0.3,1.1,0.5642714304385626
pendigits,gradient descent: lr,0.01,0.9540578830196317,16.0,3,0.2727272727272727,4.0,16.0,0.6020599913279624
mnist,KarciFANN: alpha,0.01,0.9672000000000001,0.5,4,0.3333333333333333,0.5,1.1,0.3424226808222063
mnist,gradient descent: lr,0.01,0.9651333333333333,16.0,3,0.2727272727272727,8.0,32.0,0.6020599913279624
letter,KarciFANN: alpha,0.01,0.8768067600622637,0.9,2,0.16666666666666666,0.7,0.9,0.10914446942506809
letter,gradient descent: lr,0.01,0.8781409828774738,64.0,1,0.09090909090909091,64.0,64.0,0.0
