dataset,method_a,method_b,mean_a,mean_b,difference,p_raw,p_holm,cohens_d,cliffs_delta,significant_holm_0.05,n_seeds,holm_floor,p_permutation,p_permutation_holm,significant_permutation,p_sign,difference_skew,sign_agrees_at_0.05,diff_ci95,diff_sd,diff_min,diff_max,n_favouring_a,n_favouring_b,n_tied,p_holm_study_wide,significant_study_wide,survives_both_corrections,p_permutation_study_wide,robust
vehicle,gradient descent,KarciFANN,0.7734375,0.78759765625,-0.01416015625,0.0006870203767822763,0.004262588620443048,-1.132259773692394,-0.703125,1,16,0.00030517578125,0.000244140625,0.001220703125,1,0.000244140625,-1.0193093071567907,1,0.006127989992855656,0.012506102026236032,-0.046875,0.0,0,13,3,0.043282283737283406,1,1,0.014892578125,1
vehicle,gradient descent,exp,0.7734375,0.82275390625,-0.04931640625,0.0004272104347703696,0.004262588620443048,-2.529218883476698,-0.99609375,1,16,0.00030517578125,3.0517578125e-05,0.00030517578125,1,3.0517578125e-05,0.3679643131899502,1,0.009554348664866211,0.01949867074462492,-0.078125,-0.0078125,0,16,0,0.032395673515367165,1,1,0.00244140625,1
vehicle,gradient descent,tanh,0.7734375,0.77197265625,0.00146484375,0.47344546486359707,0.47344546486359707,0.2059113826077548,0.10546875,0,16,0.00030517578125,0.58984375,1.0,0,0.75390625,0.17312375157490012,1,0.003485836617722599,0.007113952281066529,-0.0078125,0.015625,6,4,6,1.0,0,0,1.0,0
vehicle,gradient descent,log,0.7734375,0.77734375,-0.00390625,0.14528514015460406,0.2905702803092081,-0.1880886984658197,-0.27734375,0,16,0.00030517578125,0.522705078125,1.0,0,0.09228515625,1.3744611259772608,1,0.010176382289911119,0.02076812712226759,-0.0234375,0.046875,3,10,3,1.0,0,0,1.0,0
vehicle,KarciFANN,exp,0.78759765625,0.82275390625,-0.03515625,0.00045962606940060243,0.004262588620443048,-1.7605367919808912,-0.8984375,1,16,0.00030517578125,6.103515625e-05,0.00048828125,1,6.103515625e-05,-0.08658450381876093,1,0.009784835272097498,0.01996905157570918,-0.0703125,0.0,0,15,1,0.032395673515367165,1,1,0.0042724609375,1
vehicle,KarciFANN,tanh,0.78759765625,0.77197265625,0.015625,0.0005283349303380644,0.004262588620443048,1.3284223283101428,0.76171875,1,16,0.00030517578125,0.0001220703125,0.000732421875,1,0.0001220703125,1.0895204232582913,1,0.005763415622303901,0.01176207269857939,0.0,0.046875,14,0,2,0.03536393924113043,1,1,0.008056640625,1
vehicle,KarciFANN,log,0.78759765625,0.77734375,0.01025390625,0.07220454610378003,0.28881818441512014,0.525877193594165,0.3046875,0,16,0.00030517578125,0.0648193359375,0.25927734375,0,0.1795654296875,0.694928371454645,1,0.009554348664866211,0.01949867074462492,-0.015625,0.0546875,10,4,2,1.0,0,0,1.0,0
vehicle,exp,tanh,0.82275390625,0.77197265625,0.05078125,0.0004262588620443048,0.004262588620443048,2.683599177495504,0.99609375,1,16,0.00030517578125,3.0517578125e-05,0.00030517578125,1,3.0517578125e-05,-0.5233108492364984,1,0.009272179209423567,0.01892281471310932,0.015625,0.078125,16,0,0,0.032395673515367165,1,1,0.00244140625,1
vehicle,exp,log,0.82275390625,0.77734375,0.04541015625,0.0004667892190511497,0.004262588620443048,1.9710941192223101,0.953125,1,16,0.00030517578125,6.103515625e-05,0.00048828125,1,6.103515625e-05,0.3020079161512345,1,0.011288642356296542,0.023038045625094986,0.0,0.09375,15,0,1,0.032395673515367165,1,1,0.0042724609375,1
vehicle,tanh,log,0.77197265625,0.77734375,-0.00537109375,0.09159724738697261,0.28881818441512014,-0.2478248634963277,-0.3203125,0,16,0.00030517578125,0.390625,1.0,0,0.03857421875,1.542517400054789,0,0.010619741297825828,0.021672941424134343,-0.03125,0.0546875,2,10,4,1.0,0,0,1.0,0
satimage,gradient descent,KarciFANN,0.8908843360995851,0.8926348547717843,-0.0017505186721992194,0.15495982923892246,0.7021485601425742,-0.06416322754073034,0.3515625,0,16,0.00030517578125,0.97955322265625,1.0,0,0.11846923828124999,-3.1153693282940065,1,0.013368313631559466,0.0272822727174683,-0.09958506224066388,0.01763485477178428,11,4,1,1.0,0,0,1.0,0
satimage,gradient descent,exp,0.8908843360995851,0.8912733402489627,-0.000389004149377592,0.5151534862032104,1.0,-0.16687280980874103,-0.0625,0,16,0.00030517578125,0.5880126953125,1.0,0,0.4239501953125,0.08531955291406716,1,0.0011422593855373085,0.0023311416031373644,-0.005186721991701226,0.004149377593360981,5,9,2,1.0,0,0,1.0,0
satimage,gradient descent,tanh,0.8908843360995851,0.8929590248962656,-0.0020746887966804906,1.0,1.0,-0.05886428004319291,-0.08984375,0,16,0.00030517578125,0.736083984375,1.0,0,1.0,-0.8862954365438831,1,0.01727019356437368,0.03524529298851772,-0.10580912863070535,0.07987551867219922,7,7,2,1.0,0,0,1.0,0
satimage,gradient descent,log,0.8908843360995851,0.8547717842323651,0.036112551867219955,0.004442072359658133,0.044420723596581335,0.6499090641869452,0.5078125,1,16,0.00030517578125,0.002288818359375,0.02288818359375,1,0.021270751953125,1.3488334927886012,1,0.027227117438460274,0.05556554579277607,-0.006224066390041583,0.17634854771784225,13,3,0,0.24431397978119732,0,0,0.125885009765625,0
satimage,KarciFANN,exp,0.8926348547717843,0.8912733402489627,0.0013615145228216274,0.14042971202851484,0.7021485601425742,0.050235056131644806,-0.421875,0,16,0.00030517578125,0.98516845703125,1.0,0,0.11846923828124999,3.1168259714675175,1,0.01328040949002393,0.027102876510252918,-0.01556016597510379,0.09854771784232363,4,11,1,1.0,0,0,1.0,0
satimage,KarciFANN,tanh,0.8926348547717843,0.8929590248962656,-0.00032417012448127114,0.02613360703702766,0.1829352492591936,-0.01441308078165019,-0.47265625,0,16,0.00030517578125,0.998138427734375,1.0,0,0.004180908203125,3.3238434857104004,1,0.011020777819969789,0.022491383306060795,-0.013485477178423189,0.08195020746887971,2,14,0,1.0,0,0,1.0,0
satimage,KarciFANN,log,0.8926348547717843,0.8547717842323651,0.037863070539419175,0.06249586248178282,0.3749751748906969,0.6359747259190199,0.31640625,0,16,0.00030517578125,0.0240478515625,0.1923828125,0,0.1795654296875,1.231959674873464,1,0.02917239287694233,0.059535495667229245,-0.012448132780083054,0.1908713692946058,10,4,2,1.0,0,0,1.0,0
satimage,exp,tanh,0.8912733402489627,0.8929590248962656,-0.0016856846473028986,0.7171092836396697,1.0,-0.04769280241801347,-0.046875,0,16,0.00030517578125,0.76824951171875,1.0,0,0.30175781249999994,-0.7959503756984752,1,0.017318870674423833,0.0353446340294364,-0.1047717842323651,0.08195020746887971,10,5,1,1.0,0,0,1.0,0
satimage,exp,log,0.8912733402489627,0.8547717842323651,0.03650155601659755,0.004823373838167124,0.044420723596581335,0.6552524707049756,0.5390625,1,16,0.00030517578125,0.0029296875,0.0263671875,1,0.021270751953125,1.343005607455667,1,0.0272959862766939,0.05570609444223246,-0.007261410788381828,0.1773858921161825,13,3,0,0.2604621872610247,0,0,0.158203125,0
satimage,tanh,log,0.8929590248962656,0.8547717842323651,0.038187240663900446,0.014026770516530807,0.11221416413224646,0.5745017402583132,0.57421875,0,16,0.00030517578125,0.0313720703125,0.2196044921875,0,0.021270751953125,0.7385601276316919,1,0.03257039381098802,0.06647019145099596,-0.07780082987551862,0.19605809128630702,13,3,0,0.659258214276948,0,0,1.0,0
dry_bean,gradient descent,KarciFANN,0.9231311274509805,0.9224264705882353,0.0007046568627451233,0.11404054479619818,0.9703473837107941,0.37712689073052463,0.1953125,0,16,0.00030517578125,0.17083740234375,1.0,0,0.30175781249999994,-0.8260007335927668,1,0.0009155588509646233,0.001868487450948211,-0.0039215686274509665,0.0034313725490197067,10,5,1,1.0,0,0,1.0,0
dry_bean,gradient descent,exp,0.9231311274509805,0.9222732843137255,0.0008578431372550099,0.024157664356739023,0.24157664356739023,0.6491879189637205,0.26171875,0,16,0.00030517578125,0.028564453125,0.28564453125,0,0.30175781249999994,-0.33743604910542724,0,0.0006474906956461676,0.0013214095829513625,-0.0014705882352941124,0.002450980392156965,10,5,1,1.0,0,0,1.0,0
dry_bean,gradient descent,tanh,0.9231311274509805,0.9228553921568627,0.00027573529411772935,0.8147826383183654,1.0,0.15484747071020488,0.0703125,0,16,0.00030517578125,0.6923828125,1.0,0,1.0,1.9335516636833132,1,0.000872537946522251,0.0017806896867801042,-0.0019607843137255943,0.005882352941176561,6,5,5,1.0,0,0,1.0,0
dry_bean,gradient descent,log,0.9231311274509805,0.9046875,0.018443627450980493,0.17786487611413593,1.0,0.33759423574425085,0.07421875,0,16,0.00030517578125,0.09124755859375,0.82122802734375,0,1.0,3.3096061225529843,1,0.026769940046686036,0.054632530707522525,-0.0019607843137254832,0.2176470588235293,8,7,1,1.0,0,0,1.0,0
dry_bean,KarciFANN,exp,0.9224264705882353,0.9222732843137255,0.00015318627450988664,0.5157929578311886,1.0,0.10477476679258788,0.0,0,16,0.00030517578125,0.7421875,1.0,0,0.548828125,-0.032660942799464576,1,0.0007164060279742578,0.001462053118314812,-0.002450980392156854,0.002941176470588225,7,4,5,1.0,0,0,1.0,0
dry_bean,KarciFANN,tanh,0.9224264705882353,0.9228553921568627,-0.00042892156862739395,0.2545748214272292,1.0,-0.15979680677426877,-0.12890625,0,16,0.00030517578125,0.57330322265625,1.0,0,0.076812744140625,1.648696821082777,1,0.0013152426063453506,0.0026841685843782665,-0.002450980392156854,0.006862745098039302,4,12,0,1.0,0,0,1.0,0
dry_bean,KarciFANN,log,0.9224264705882353,0.9046875,0.01773897058823537,0.716426833694119,1.0,0.31982998294994464,-0.1015625,0,16,0.00030517578125,0.2469482421875,1.0,0,0.6072387695312499,3.2681658733977343,1,0.027177238069001346,0.05546375116122724,-0.0039215686274510775,0.21911764705882353,6,9,1,1.0,0,0,1.0,0
dry_bean,exp,tanh,0.9222732843137255,0.9228553921568627,-0.0005821078431372806,0.10781637596786602,0.9703473837107941,-0.33503916753283547,-0.17578125,0,16,0.00030517578125,0.22369384765625,1.0,0,0.11846923828124999,1.2820847198375542,1,0.0008513417856116971,0.0017374322155340757,-0.002450980392156965,0.0039215686274510775,4,11,1,1.0,0,0,1.0,0
dry_bean,exp,log,0.9222732843137255,0.9046875,0.017585784313725483,0.9587331805329754,1.0,0.3199151057402834,-0.07421875,0,16,0.00030517578125,0.238037109375,1.0,0,1.0,3.2909232796226178,1,0.026935378039701082,0.05497015926469609,-0.0039215686274509665,0.2176470588235293,7,7,2,1.0,0,0,1.0,0
dry_bean,tanh,log,0.9228553921568627,0.9046875,0.018167892156862764,0.12046594630639919,0.9703473837107941,0.3349036846031282,0.0390625,0,16,0.00030517578125,0.12908935546875,1.0,0,0.6072387695312499,3.2938076367326294,1,0.026581574243986647,0.05424811070201357,-0.007352941176470673,0.21568627450980382,9,6,1,1.0,0,0,1.0,0
segment,gradient descent,KarciFANN,0.96875,0.9732142857142858,-0.0044642857142858094,0.05526955529895072,0.39415976373404527,-0.3874595513341508,-0.203125,0,16,0.00030517578125,0.16162109375,0.6903076171875,0,0.057373046875,-0.714455615120705,1,0.005645750614400187,0.011521940029388136,-0.034285714285714364,0.014285714285714346,3,11,2,1.0,0,0,1.0,0
segment,gradient descent,exp,0.96875,0.9680357142857143,0.0007142857142856673,0.4452904319224812,0.8946325774479217,0.25000000000000067,0.08203125,0,16,0.00030517578125,0.5078125,1.0,0,0.7265625,1.136075114887506,1,0.0013999999999999996,0.0028571428571428563,-0.0028571428571428914,0.008571428571428563,5,3,8,1.0,0,0,1.0,0
segment,gradient descent,tanh,0.96875,0.97,-0.0012499999999999734,0.29821085914930723,0.8946325774479217,-0.22655422230110595,-0.1328125,0,16,0.00030517578125,0.44439697265625,1.0,0,0.30175781249999994,0.5331030159003178,1,0.0027035470527931715,0.005517442964884023,-0.008571428571428563,0.008571428571428563,5,10,1,1.0,0,0,1.0,0
segment,gradient descent,log,0.96875,0.9466071428571428,0.022142857142857242,0.04926997046675566,0.39415976373404527,0.4319353308628838,0.4921875,0,16,0.00030517578125,0.0758056640625,0.6064453125,0,0.03515625,2.0358786060602565,1,0.025119501056616013,0.05126428787064492,-0.020000000000000018,0.15142857142857136,12,3,1,1.0,0,0,1.0,0
segment,KarciFANN,exp,0.9732142857142858,0.9680357142857143,0.005178571428571477,0.05205807687956293,0.39415976373404527,0.49095689544870164,0.296875,0,16,0.00030517578125,0.076171875,0.6064453125,0,0.09228515625,0.6706643727477379,1,0.005168478177052384,0.010547914647045681,-0.014285714285714346,0.03142857142857147,10,3,3,1.0,0,0,1.0,0
segment,KarciFANN,tanh,0.9732142857142858,0.97,0.003214285714285836,0.5162178817730461,0.8946325774479217,0.266276850936272,0.0859375,0,16,0.00030517578125,0.339599609375,1.0,0,0.79052734375,0.5510462113788647,1,0.005914896448797732,0.012071217242444351,-0.020000000000000018,0.03142857142857147,8,6,2,1.0,0,0,1.0,0
segment,KarciFANN,log,0.9732142857142858,0.9466071428571428,0.02660714285714305,0.006073691729245228,0.060736917292452286,0.5257895019832735,0.64453125,0,16,0.00030517578125,0.004150390625,0.04150390625,1,0.0224609375,2.0575213893866358,1,0.024796044711472297,0.05060417288055571,-0.011428571428571344,0.15714285714285714,11,2,3,0.31583196992075185,0,0,0.2158203125,0
segment,exp,tanh,0.9680357142857143,0.97,-0.0019642857142856407,0.08618434170516608,0.41383248649010135,-0.43517597614876613,-0.2421875,0,16,0.00030517578125,0.1380615234375,0.6903076171875,0,0.1795654296875,0.30408838392769083,1,0.0022117489308990977,0.004513773328365505,-0.008571428571428563,0.005714285714285672,4,10,2,1.0,0,0,1.0,0
segment,exp,log,0.9680357142857143,0.9466071428571428,0.021428571428571574,0.08276649729802027,0.41383248649010135,0.4211091461707412,0.46484375,0,16,0.00030517578125,0.091064453125,0.6064453125,0,0.11846923828124999,2.054305243647132,1,0.02493415328420036,0.050886027110612984,-0.017142857142857126,0.15142857142857136,11,4,1,1.0,0,0,1.0,0
segment,tanh,log,0.97,0.9466071428571428,0.023392857142857215,0.03379208982056452,0.3041288083850807,0.46173192195946794,0.55078125,0,16,0.00030517578125,0.033203125,0.298828125,0,0.057373046875,2.054535345911441,0,0.02482501090969883,0.050663287570813946,-0.017142857142857126,0.15428571428571425,11,3,2,1.0,0,0,1.0,0
optdigits,gradient descent,KarciFANN,0.9820053317535545,0.9826718009478673,-0.000666469194312791,0.3248978701064775,0.9746936103194326,-0.2096920564561753,-0.13671875,0,16,0.00030517578125,0.465087890625,1.0,0,0.1795654296875,0.5849579098891997,1,0.0015573785232132328,0.0031783235167616997,-0.005924170616113833,0.005924170616113833,4,10,2,1.0,0,0,1.0,0
optdigits,gradient descent,exp,0.9820053317535545,0.9823015402843602,-0.0002962085308056972,0.6768643439239008,1.0,-0.13832083379311716,-0.05859375,0,16,0.00030517578125,0.6787109375,1.0,0,1.0,-0.24489795918367782,1,0.001049315393166779,0.002141459986054651,-0.0035545023696682554,0.0023696682464455776,7,6,3,1.0,0,0,1.0,0
optdigits,gradient descent,tanh,0.9820053317535545,0.8250888625592417,0.1569164691943128,0.0009258855629305932,0.0074070845034447455,0.7533700312487304,0.8046875,1,16,0.00030517578125,0.00018310546875,0.00164794921875,1,0.004180908203125,2.7841313461329844,1,0.10206016527863158,0.20828605158904406,-0.009478672985782088,0.8791469194312796,14,2,0,0.055553133775835595,0,0,0.01153564453125,1
optdigits,gradient descent,log,0.9820053317535545,0.9574200236966824,0.02458530805687209,0.025933769129646365,0.12966884564823183,0.5869455859100833,0.41015625,0,16,0.00030517578125,0.02099609375,0.083984375,0,0.11846923828124999,1.1425915237066098,0,0.02052456179423896,0.041886860804569305,-0.005924170616113833,0.1018957345971564,11,4,1,1.0,0,0,0.9658203125,0
optdigits,KarciFANN,exp,0.9826718009478673,0.9823015402843602,0.00037026066350709375,0.5005872191057863,1.0,0.10893616758264811,0.0859375,0,16,0.00030517578125,0.72900390625,1.0,0,0.1795654296875,-0.5518684328613203,1,0.0016654498606336271,0.003398877266599239,-0.005924170616113722,0.005924170616113722,10,4,2,1.0,0,0,1.0,0
optdigits,KarciFANN,tanh,0.9826718009478673,0.8250888625592417,0.15758293838862558,0.0007068086963808498,0.0063612782674276475,0.7616673375312376,0.828125,1,16,0.00030517578125,0.0001220703125,0.001220703125,1,0.0009765625,2.8064292732036433,1,0.10137711833712412,0.20689207823902883,-0.0035545023696682554,0.8767772511848341,14,1,1,0.04382213917561269,1,1,0.008056640625,1
optdigits,KarciFANN,log,0.9826718009478673,0.9574200236966824,0.02525177725118488,0.00770379079317528,0.04622274475905168,0.6131401257977361,0.46875,1,16,0.00030517578125,0.005126953125,0.03076171875,1,0.03515625,1.1481221256891025,1,0.020180331269270595,0.041184349529123664,-0.004739336492891044,0.10308056872037918,12,3,1,0.3928933304519393,0,0,0.25634765625,0
optdigits,exp,tanh,0.9823015402843602,0.8250888625592417,0.1572126777251185,0.000213623046875,0.00213623046875,0.7534479401404752,0.81640625,1,16,0.00030517578125,0.00018310546875,0.00164794921875,1,0.004180908203125,2.793491391032195,1,0.10224224924013403,0.2086576515104776,-0.005924170616113833,0.8815165876777251,14,2,0,0.016448974609375,1,1,0.01153564453125,1
optdigits,exp,log,0.9823015402843602,0.9574200236966824,0.024881516587677788,0.03176544491514504,0.12966884564823183,0.6010640483087523,0.4296875,0,16,0.00030517578125,0.0128173828125,0.0640869140625,0,0.11846923828124999,1.1393862581622838,0,0.020283933404879623,0.041395782458938005,-0.0023696682464455776,0.1018957345971564,11,4,1,1.0,0,0,0.615234375,0
optdigits,tanh,log,0.8250888625592417,0.9574200236966824,-0.1323311611374407,0.003754145498952682,0.026279018492668775,-0.6335475741112477,-0.64453125,1,16,0.00030517578125,0.00091552734375,0.00640869140625,1,0.076812744140625,-2.9390187620433963,0,0.10234790820295997,0.2088732820468571,-0.8696682464454977,0.007109004739336511,4,12,0,0.2102321479413502,0,0,0.05218505859375,0
pendigits,gradient descent,KarciFANN,0.9530585913782634,0.9547662416514875,-0.0017076502732240595,0.001574557177377048,0.014171014596393432,-1.1582970014046083,-0.73046875,1,16,0.00030517578125,0.000732421875,0.006591796875,1,0.00341796875,-0.28305009390729213,1,0.0007223955797736643,0.0014742766934156416,-0.004857316332726125,0.0006071645415907101,1,12,3,0.09132431628786879,0,0,0.043212890625,1
pendigits,gradient descent,exp,0.9530585913782634,0.9530206435944141,3.794778384935693e-05,0.9586223473889962,1.0,0.026579706238449567,0.03515625,0,16,0.00030517578125,1.0,1.0,0,1.0,0.3995451311893302,1,0.0006995718432476076,0.0014276976392808317,-0.0030358227079538835,0.0036429872495445936,6,6,4,1.0,0,0,1.0,0
pendigits,gradient descent,tanh,0.9530585913782634,0.953817547055252,-0.0007589556769885819,0.03346450792401467,0.16732253962007335,-0.6004805767690776,-0.2578125,0,16,0.00030517578125,0.04150390625,0.2490234375,0,0.057373046875,0.3892782439414544,0,0.000619317753332364,0.0012639137823109471,-0.0030358227079538835,0.0018214936247722413,3,11,2,1.0,0,0,1.0,0
pendigits,gradient descent,log,0.9530585913782634,0.9427747419550698,0.010283849423193603,0.6220363659204773,1.0,0.2886227830722733,0.1953125,0,16,0.00030517578125,0.32513427734375,1.0,0,0.803619384765625,1.9394366242029304,1,0.017459072924617576,0.035630761070648116,-0.03582270795385545,0.10443230115361257,9,7,0,1.0,0,0,1.0,0
pendigits,KarciFANN,exp,0.9547662416514875,0.9530206435944141,0.0017455980570734164,0.0005554010571634041,0.00555401057163404,1.6462202111523514,0.70703125,1,16,0.00030517578125,0.0001220703125,0.001220703125,1,0.0001220703125,-0.19147042755872745,1,0.0005195799700255485,0.0010603672857664257,0.0,0.0036429872495445936,14,0,2,0.03554566765845786,1,1,0.008056640625,1
pendigits,KarciFANN,tanh,0.9547662416514875,0.953817547055252,0.0009486945962354776,0.010147027262506447,0.07102919083754512,0.75681168702576,0.47265625,0,16,0.00030517578125,0.0118408203125,0.0947265625,0,0.057373046875,0.18979210805352342,0,0.0006142351659265655,0.0012535411549521745,-0.0012143290831815312,0.0036429872495445936,11,3,2,0.48705730860030944,0,0,0.5802001953125,0
pendigits,KarciFANN,log,0.9547662416514875,0.9427747419550698,0.011991499696417662,0.0055954958674312326,0.04476396693944986,0.33729405732385864,0.6953125,1,16,0.00030517578125,0.25006103515625,1.0,0,0.0009765625,1.9622751280107145,1,0.017420511045656804,0.03555206335848327,-0.033394049787492386,0.10746812386156646,14,1,1,0.2965612809738553,0,0,1.0,0
pendigits,exp,tanh,0.9530206435944141,0.953817547055252,-0.0007969034608379388,0.01700529039961669,0.10203174239770013,-0.7380470437141194,-0.32421875,0,16,0.00030517578125,0.016845703125,0.117919921875,0,0.012939453125,0.7095985230704726,1,0.0005290756180602111,0.0010797461593065533,-0.0024286581663630624,0.0018214936247723523,2,12,2,0.7652380679827511,0,0,0.791748046875,0
pendigits,exp,log,0.9530206435944141,0.9427747419550698,0.010245901639344246,0.48211745189480304,1.0,0.2885852433613276,0.12890625,0,16,0.00030517578125,0.32421875,1.0,0,1.0,1.9574497693740516,1,0.017396911029829418,0.035503900060876364,-0.03521554341226474,0.1050394656952034,6,5,5,1.0,0,0,1.0,0
pendigits,tanh,log,0.953817547055252,0.9427747419550698,0.011042805100182185,0.04858708490925875,0.194348339637035,0.3092729491008841,0.375,0,16,0.00030517578125,0.25347900390625,1.0,0,0.03515625,1.9665767284687188,1,0.01749578977023367,0.035705693408640146,-0.03460837887067392,0.10746812386156646,12,3,1,1.0,0,0,1.0,0
mnist,gradient descent,KarciFANN,0.96510625,0.967,-0.0018937499999999163,0.000762939453125,0.003030660327876067,-1.1384007631423665,-0.64453125,1,16,0.00030517578125,0.0008544921875,0.001708984375,1,0.021270751953125,0.38027384586070784,1,0.0008151237508297039,0.0016635178588361305,-0.0046000000000000485,0.0010999999999999899,3,13,0,0.046539306640625,1,1,0.049560546875,1
mnist,gradient descent,exp,0.96510625,0.96470625,0.00040000000000006697,0.007714008711240011,0.007714008711240011,0.8502303018976921,0.234375,1,16,0.00030517578125,0.0050048828125,0.0050048828125,1,0.057373046875,0.16266269853888154,0,0.00023052577585452844,0.00047046076705005804,-0.00040000000000006697,0.0012999999999999678,11,3,2,0.3928933304519393,0,0,0.2552490234375,0
mnist,gradient descent,tanh,0.96510625,0.96305,0.0020562500000000927,0.0005278199886735885,0.003030660327876067,1.7420270544171292,0.77734375,1,16,0.00030517578125,6.103515625e-05,0.00030517578125,1,0.000518798828125,0.07164851761305964,1,0.0005783851045511604,0.0011803777643901233,-9.999999999998899e-05,0.0041999999999999815,15,1,0,0.03536393924113043,1,1,0.0042724609375,1
mnist,gradient descent,log,0.96510625,0.9584,0.006706250000000025,3.0517578125e-05,0.00030517578125,3.4066502019268636,1.0,1,16,0.00030517578125,3.0517578125e-05,0.00030517578125,1,3.0517578125e-05,0.20759388505449294,1,0.0009646022647530237,0.001968576050516375,0.0036000000000000476,0.010800000000000032,16,0,0,0.00244140625,1,1,0.00244140625,1
mnist,KarciFANN,exp,0.967,0.96470625,0.0022937499999999833,0.0012185514500220964,0.003030660327876067,1.4555670507349305,0.7421875,1,16,0.00030517578125,0.000244140625,0.000732421875,1,0.00738525390625,-0.3633402880973843,1,0.0007721647033934378,0.0015758463334559956,-0.00019999999999997797,0.0046000000000000485,13,2,1,0.07189453555130369,0,0,0.014892578125,1
mnist,KarciFANN,tanh,0.967,0.96305,0.003950000000000009,0.00043295147541086676,0.003030660327876067,2.0753096624523493,0.9375,1,16,0.00030517578125,3.0517578125e-05,0.00030517578125,1,3.0517578125e-05,-0.9255289216533236,1,0.0009326319030928934,0.0019033304144752926,0.00029999999999996696,0.006400000000000072,16,0,0,0.032395673515367165,1,1,0.00244140625,1
mnist,KarciFANN,log,0.967,0.9584,0.008599999999999941,0.00043680902321148305,0.003030660327876067,3.5085970124831065,1.0,1,16,0.00030517578125,3.0517578125e-05,0.00030517578125,1,3.0517578125e-05,-0.38463482064639465,1,0.0012010498740685147,0.0024511221919765605,0.0028000000000000247,0.012900000000000023,16,0,0,0.032395673515367165,1,1,0.00244140625,1
mnist,exp,tanh,0.96470625,0.96305,0.0016562500000000258,0.0005301001326941151,0.003030660327876067,1.4112791695009075,0.703125,1,16,0.00030517578125,6.103515625e-05,0.00030517578125,1,0.000518798828125,0.4066308474814931,1,0.0005750545445144006,0.0011735807030906133,-9.999999999998899e-05,0.0038000000000000256,15,1,0,0.03536393924113043,1,1,0.0042724609375,1
mnist,exp,log,0.96470625,0.9584,0.006306249999999958,3.0517578125e-05,0.00030517578125,3.303879607540425,1.0,1,16,0.00030517578125,3.0517578125e-05,0.00030517578125,1,3.0517578125e-05,0.05200359839747531,1,0.0009352830208908253,0.001908740858960868,0.0030000000000000027,0.009700000000000042,16,0,0,0.00244140625,1,1,0.00244140625,1
mnist,tanh,log,0.96305,0.9584,0.004649999999999932,3.0517578125e-05,0.00030517578125,1.9825263704427194,0.984375,1,16,0.00030517578125,3.0517578125e-05,0.00030517578125,1,3.0517578125e-05,0.4676314474499178,1,0.0011492911438505525,0.00234549213030725,0.0018000000000000238,0.009099999999999997,16,0,0,0.00244140625,1,1,0.00244140625,1
letter,gradient descent,KarciFANN,0.8761882921947965,0.871581054036024,0.004607238158772509,0.16260306421431792,0.48780919264295375,0.3651899966746001,0.2421875,0,16,0.00030517578125,0.167236328125,0.501708984375,0,0.30175781249999994,0.11426861948000995,1,0.006181841557423855,0.01261600317841603,-0.01867911941294198,0.028352234823215472,10,5,1,1.0,0,0,1.0,0
letter,gradient descent,exp,0.8761882921947965,0.8752293195463642,0.0009589726484323657,0.31305766523609346,0.6261153304721869,0.19136214702388712,0.12890625,0,16,0.00030517578125,0.4622802734375,0.5711669921875,0,0.1795654296875,0.013556603882564633,1,0.002455535773609148,0.005011297497161527,-0.007338225483655814,0.010006671114076049,10,4,2,1.0,0,0,1.0,0
letter,gradient descent,tanh,0.8761882921947965,0.8601776184122749,0.016010673782521634,0.00834979509005029,0.05009877054030174,0.5994507550964678,0.47265625,0,16,0.00030517578125,0.003997802734375,0.02398681640625,1,0.076812744140625,2.371488805946742,0,0.013087363868902132,0.02670890585490231,-0.014009339559706513,0.1044029352901934,12,4,0,0.4091399594124642,0,0,0.211883544921875,0
letter,gradient descent,log,0.8761882921947965,0.841852901934623,0.034335390260173515,0.0004358423668112835,0.004358423668112834,3.0174161990120765,1.0,1,16,0.00030517578125,3.0517578125e-05,0.00030517578125,1,3.0517578125e-05,1.96658446255169,1,0.00557574431826587,0.011379070037277285,0.020346897931954655,0.06937958639092734,16,0,0,0.032395673515367165,1,1,0.00244140625,1
letter,KarciFANN,exp,0.871581054036024,0.8752293195463642,-0.003648265510340143,0.569429749876758,0.6261153304721869,-0.27827433297082677,-0.2109375,0,16,0.00030517578125,0.28558349609375,0.5711669921875,0,1.0,-0.49647317264309615,1,0.0064240567248224235,0.013110319846576375,-0.02635090060040035,0.01434289526350907,8,7,1,1.0,0,0,1.0,0
letter,KarciFANN,tanh,0.871581054036024,0.8601776184122749,0.011403435623749125,0.08317865103766373,0.3327146041506549,0.43701397842744294,0.24609375,0,16,0.00030517578125,0.09417724609375,0.376708984375,0,0.076812744140625,0.811978283449974,1,0.012786052006262793,0.0260939836862506,-0.03102068045363582,0.08105403602401595,12,4,0,1.0,0,0,1.0,0
letter,KarciFANN,log,0.871581054036024,0.841852901934623,0.029728152101401006,0.0004358423668112835,0.004358423668112834,2.0243921591640444,1.0,1,16,0.00030517578125,3.0517578125e-05,0.00030517578125,1,3.0517578125e-05,0.6539797178617004,1,0.007195638682824031,0.014684976903722512,0.007004669779853145,0.06537691794529688,16,0,0,0.032395673515367165,1,1,0.00244140625,1
letter,exp,tanh,0.8752293195463642,0.8601776184122749,0.015051701134089268,0.003199482998392444,0.022396380988747105,0.5852998642778157,0.44140625,1,16,0.00030517578125,0.001739501953125,0.012176513671875,1,0.021270751953125,2.6002382397292947,1,0.012600948686027826,0.02571622180822005,-0.006671114076050699,0.10206804536357572,13,3,0,0.1823705309083693,0,0,0.097412109375,0
letter,exp,log,0.8752293195463642,0.841852901934623,0.03337641761174115,0.0004358423668112835,0.004358423668112834,3.242029859806399,1.0,1,16,0.00030517578125,3.0517578125e-05,0.00030517578125,1,3.0517578125e-05,1.1394434033643313,1,0.0050445077118228005,0.010294913697597552,0.020013342228152098,0.05937291527685129,16,0,0,0.032395673515367165,1,1,0.00244140625,1
letter,tanh,log,0.8601776184122749,0.841852901934623,0.01832471647765188,0.015052028089959315,0.07526014044979658,0.6403020228559563,0.71484375,0,16,0.00030517578125,0.023956298828125,0.119781494140625,0,0.021270751953125,-1.7401052334190812,1,0.014023243334449572,0.02861886394785627,-0.06804536357571711,0.05070046697798536,13,3,0,0.6923932921381285,0,0,1.0,0
