dataset,mode,mean_test_acc,ci95,n
vehicle,full,0.78759765625,0.005629426697834252,16
satimage,full,0.8969139004149378,0.0036553949601904117,16
dry_bean,full,0.922640931372549,0.0011442975797459549,16
segment,full,0.9680357142857141,0.005855922927543808,16
optdigits,full,0.9826718009478674,0.0014514218009478855,16
pendigits,full,0.9547662416514876,0.0005095457570164586,16
mnist,full,0.9669999999999999,0.0008097117182471027,16
letter,full,0.871581054036024,0.005240698453418932,16
vehicle,error,0.80615234375,0.011879015862560151,16
satimage,error,0.8977567427385893,0.0026894640646258016,16
dry_bean,error,0.9227022058823529,0.0014589975899721712,16
segment,error,0.9528571428571427,0.022821860864822855,16
optdigits,error,0.9818572274881516,0.0010957994292898853,16
pendigits,error,0.9530965391621129,0.002401066194461304,16
mnist,error,0.9657187500000001,0.0007360269214958532,16
letter,error,0.8763133755837225,0.003803780721788214,16
vehicle,weight,0.79736328125,0.006771742852574455,16
satimage,weight,0.8956820539419087,0.001690618776158862,16
dry_bean,weight,0.9227941176470589,0.0011864811033847132,16
segment,weight,0.9666071428571428,0.005305704477258409,16
optdigits,weight,0.9818572274881516,0.0011360717698810892,16
pendigits,weight,0.9568913175470553,0.004808272440514913,16
mnist,weight,0.96711875,0.0006496197060588608,16
letter,weight,0.8706220813875918,0.00353623813628462,16
