dataset,method,metric,mean,ci95,std,n,min,max
vehicle,gradient descent,test_acc,0.7734375,0.004193500830898928,0.00855816496101822,16,0.7578125,0.7890625
vehicle,KarciFANN,test_acc,0.78759765625,0.005629426697834253,0.011488625913947455,16,0.7734375,0.8203125
vehicle,exp,test_acc,0.82275390625,0.008116918995699501,0.01656514080755,16,0.7890625,0.84375
vehicle,tanh,test_acc,0.77197265625,0.004007360044920146,0.008178285805959482,16,0.7578125,0.7890625
vehicle,log,test_acc,0.77734375,0.008729468098415275,0.017815241017174032,16,0.734375,0.8046875
vehicle,gradient descent,test_f1,0.7683676084896157,0.0039828216439221345,0.008128207436575784,16,0.7543678990146533,0.7805379499284686
vehicle,KarciFANN,test_f1,0.782595385096392,0.005559916715262118,0.011346768806657383,16,0.7662576529299789,0.814711245039114
vehicle,exp,test_f1,0.8229349650426375,0.008426477845107501,0.01719689356144388,16,0.790167297979798,0.8457486673162904
vehicle,tanh,test_f1,0.7663163259916426,0.004029706273375214,0.008223890353826967,16,0.7547630253241218,0.7843804817954177
vehicle,log,test_f1,0.766427458925086,0.017490409659803793,0.03569471359143631,16,0.643455769404536,0.80032070595482
vehicle,gradient descent,val_acc,0.85400390625,0.007088925416879538,0.014467194728325588,16,0.8359375,0.875
vehicle,KarciFANN,val_acc,0.86279296875,0.007778884385117073,0.015875274255340965,16,0.828125,0.890625
vehicle,exp,val_acc,0.8271484375,0.013103525183441017,0.026741888129471463,16,0.7734375,0.8671875
vehicle,tanh,val_acc,0.85595703125,0.005224373899483226,0.010661987549965767,16,0.8359375,0.875
vehicle,log,val_acc,0.83837890625,0.01749910988133389,0.035712469145579365,16,0.71875,0.8671875
satimage,gradient descent,test_acc,0.8908843360995851,0.012656834633015158,0.025830274761255424,16,0.7977178423236515,0.9076763485477178
satimage,KarciFANN,test_acc,0.8926348547717843,0.001628672551021306,0.003323821532696543,16,0.8838174273858921,0.8973029045643154
satimage,exp,test_acc,0.8912733402489627,0.012589974627215608,0.02569382576982777,16,0.7987551867219918,0.9076763485477178
satimage,tanh,test_acc,0.8929590248962656,0.010952580131407243,0.0223522043498107,16,0.8122406639004149,0.9076763485477178
satimage,log,test_acc,0.8547717842323651,0.029056436445518204,0.05929884988881266,16,0.7043568464730291,0.9014522821576764
satimage,gradient descent,test_f1,0.8698690735905895,0.025292424476273702,0.05161719280872184,16,0.6780271160849499,0.8941494084346556
satimage,KarciFANN,test_f1,0.8764926621169893,0.002243271045421724,0.004578104174330049,16,0.8664443949413855,0.8828033502057271
satimage,exp,test_f1,0.8703498384523505,0.025092456008222585,0.05120909389433181,16,0.6801008861869238,0.8923639962959031
satimage,tanh,test_f1,0.873034028682209,0.022770064507044177,0.046469519402130975,16,0.7005265071044104,0.8923206494790765
satimage,log,test_f1,0.7978630156392643,0.05737754363271948,0.11709702782187649,16,0.5185073375430824,0.8887142287015083
satimage,gradient descent,val_acc,0.902813796680498,0.012835885541224749,0.02619568477800969,16,0.808091286307054,0.9232365145228216
satimage,KarciFANN,val_acc,0.904304979253112,0.0027560856592305795,0.005624664610674652,16,0.8931535269709544,0.9159751037344398
satimage,exp,val_acc,0.9025544605809129,0.013175915248676534,0.026889622956482725,16,0.803941908713693,0.9242738589211619
satimage,tanh,val_acc,0.9033973029045643,0.012853527823212939,0.026231689435128446,16,0.8122406639004149,0.9253112033195021
satimage,log,val_acc,0.8646913900414938,0.02975869273486262,0.06073202598951555,16,0.7147302904564315,0.9149377593360996
dry_bean,gradient descent,test_acc,0.9231311274509805,0.001336546036638707,0.002727644972732055,16,0.9166666666666666,0.9264705882352942
dry_bean,KarciFANN,test_acc,0.9224264705882353,0.0009627838670095786,0.001964865034713426,16,0.9186274509803921,0.9264705882352942
dry_bean,exp,test_acc,0.9222732843137255,0.0010812159071392135,0.0022065630757943135,16,0.9181372549019607,0.9254901960784314
dry_bean,tanh,test_acc,0.9228553921568627,0.001329784149505221,0.0027138452030718795,16,0.917156862745098,0.9264705882352942
dry_bean,log,test_acc,0.9046875,0.02718668326678359,0.05548302707506855,16,0.703921568627451,0.9269607843137255
dry_bean,gradient descent,test_f1,0.93603407551373,0.001031484997826934,0.0021050714241366,16,0.9311158151117397,0.9392336477623073
dry_bean,KarciFANN,test_f1,0.9352747832016195,0.0007403111046173923,0.0015108389890150864,16,0.9321809947750394,0.938377021909005
dry_bean,exp,test_f1,0.9350006801743032,0.000762106645494155,0.001555319684681949,16,0.9322800627800605,0.9376765570294104
dry_bean,tanh,test_f1,0.9358357575721716,0.0009962779690578102,0.002033220345015939,16,0.9313249678930572,0.9385340383167049
dry_bean,log,test_f1,0.9038687278722772,0.03445145736582139,0.07030909666494162,16,0.7438386776938678,0.939609561767459
dry_bean,gradient descent,val_acc,0.926654411764706,0.0010915055306031148,0.002227562307353296,16,0.9215686274509803,0.9299019607843138
dry_bean,KarciFANN,val_acc,0.9269607843137255,0.001077764202421872,0.0021995187804527997,16,0.9215686274509803,0.9294117647058824
dry_bean,exp,val_acc,0.9266237745098039,0.0011459769753731357,0.0023387285211696647,16,0.9215686274509803,0.9303921568627451
dry_bean,tanh,val_acc,0.9262561274509804,0.0014276856994208903,0.0029136442845324293,16,0.9215686274509803,0.9303921568627451
dry_bean,log,val_acc,0.9069240196078432,0.027731276140677177,0.056594441103422814,16,0.7009803921568627,0.928921568627451
segment,gradient descent,test_acc,0.96875,0.005587590416867249,0.01140324574870867,16,0.9314285714285714,0.98
segment,KarciFANN,test_acc,0.9732142857142858,0.0034245194310053664,0.006988815165317074,16,0.96,0.9885714285714285
segment,exp,test_acc,0.9680357142857143,0.0049621064075652385,0.010126747770541303,16,0.9342857142857143,0.9771428571428571
segment,tanh,test_acc,0.97,0.005410113985244054,0.011041048949477661,16,0.9342857142857143,0.98
segment,log,test_acc,0.9466071428571428,0.023740735034956263,0.048450479663176046,16,0.8228571428571428,0.98
segment,gradient descent,test_f1,0.9685337969231491,0.005795632189432101,0.011827820794759391,16,0.9294542665262847,0.9799962846567628
segment,KarciFANN,test_f1,0.9730848377777469,0.003457699198103664,0.007056528975721763,16,0.9595652978350755,0.9885696966198078
segment,exp,test_f1,0.9678331601203901,0.005143640383642324,0.010497225272739438,16,0.9325685355203658,0.9771337106271079
segment,tanh,test_f1,0.9697449249881239,0.005665939285535918,0.011563141399052894,16,0.9319113198307957,0.97996942551398
segment,log,test_f1,0.9398434703232105,0.032649547039813195,0.06663172865268,16,0.7703755420111197,0.9799682475536183
segment,gradient descent,val_acc,0.9625,0.00405355810780274,0.008272567566944368,16,0.9428571428571428,0.9742857142857143
segment,KarciFANN,val_acc,0.9676785714285714,0.004760514678057404,0.009715336077668172,16,0.9514285714285714,0.9828571428571429
segment,exp,val_acc,0.9603571428571429,0.0031873709124187804,0.006504838596773021,16,0.9428571428571428,0.9685714285714285
segment,tanh,val_acc,0.9648214285714286,0.0034185523251809334,0.006976637398328436,16,0.9485714285714286,0.9742857142857143
segment,log,val_acc,0.9375,0.02282114516554037,0.046573765643959944,16,0.8171428571428572,0.9628571428571429
optdigits,gradient descent,test_acc,0.9820053317535545,0.0009765239511850704,0.001992906022826674,16,0.9786729857819905,0.9845971563981043
optdigits,KarciFANN,test_acc,0.9826718009478673,0.0014514218009478788,0.0029620853080568957,16,0.9786729857819905,0.9881516587677726
optdigits,exp,test_acc,0.9823015402843602,0.0013815217954508288,0.0028194322356139365,16,0.9774881516587678,0.9869668246445498
optdigits,tanh,test_acc,0.8250888625592417,0.10198371673446803,0.20813003415197556,16,0.1018957345971564,0.9881516587677726
optdigits,log,test_acc,0.9574200236966824,0.020409247704938724,0.04165152592844638,16,0.8767772511848341,0.985781990521327
optdigits,gradient descent,test_f1,0.9819606365735625,0.0009797855150483331,0.0019995622756088433,16,0.9785505810926832,0.9846112915503523
optdigits,KarciFANN,test_f1,0.9826166264060167,0.0014563397616999623,0.002972121962652984,16,0.9785441348940298,0.9881002284896813
optdigits,exp,test_f1,0.9822732552660147,0.0013905371487430316,0.0028378309158021055,16,0.9774047814766653,0.9869591364035593
optdigits,tanh,test_f1,0.7747541442689838,0.11236282185053642,0.22931188132762537,16,0.02069991789819376,0.9881346048400005
optdigits,log,test_f1,0.9459841370292106,0.030276853765496957,0.06178949748060603,16,0.8341973704412073,0.985681853251682
optdigits,gradient descent,val_acc,0.974896327014218,0.000904861874323927,0.0018466568863753613,16,0.9715639810426541,0.9774881516587678
optdigits,KarciFANN,val_acc,0.9765254739336493,0.0014096984832787025,0.0028769356801606172,16,0.9715639810426541,0.9834123222748815
optdigits,exp,val_acc,0.9757849526066351,0.0010593059269065805,0.002161848830421593,16,0.9715639810426541,0.9798578199052133
optdigits,tanh,val_acc,0.8196830568720379,0.10078695699058392,0.20568766732772228,16,0.10071090047393365,0.9751184834123223
optdigits,log,val_acc,0.9496445497630333,0.019904844651668453,0.04062213194218052,16,0.8732227488151659,0.9774881516587678
pendigits,gradient descent,test_acc,0.9530585913782634,0.0005719507975398037,0.0011672465255914363,16,0.9508196721311475,0.9550698239222829
pendigits,KarciFANN,test_acc,0.9547662416514875,0.0005095457570164584,0.0010398893000335887,16,0.9532483302975107,0.9568913175470553
pendigits,exp,test_acc,0.9530206435944141,0.0006322829939975418,0.0012903734571378404,16,0.9508196721311475,0.9556769884638737
pendigits,tanh,test_acc,0.953817547055252,0.0006649767354458457,0.0013570953784609095,16,0.9520340012143291,0.9568913175470553
pendigits,log,test_acc,0.9427747419550698,0.017331196272220333,0.035369788310653745,16,0.8494231936854888,0.9878567091681846
pendigits,gradient descent,test_f1,0.9480247586469265,0.0005522714350062397,0.001127084561237224,16,0.9459012267703957,0.9499754257366938
pendigits,KarciFANN,test_f1,0.9496513917082129,0.0005335516605288947,0.001088880939854887,16,0.9479105648452737,0.9517814662048716
pendigits,exp,test_f1,0.9479774536639085,0.0006236810238736894,0.0012728184160687539,16,0.9459520293910645,0.9507262863794216
pendigits,tanh,test_f1,0.9487984324486489,0.000650268643121458,0.0013270788635131796,16,0.9471220859165743,0.9516652076576687
pendigits,log,test_f1,0.9333463410195342,0.023594739719630362,0.04815253004006197,16,0.8102625995759359,0.9878931565361111
pendigits,gradient descent,val_acc,0.9489602307225258,0.000816349133822181,0.0016660186404534308,16,0.9465695203400122,0.9532483302975107
pendigits,KarciFANN,val_acc,0.9504022465088039,0.0005922255207239374,0.001208623511681505,16,0.9489981785063752,0.9526411657559198
pendigits,exp,val_acc,0.9491120218579234,0.0006166321903165912,0.0012584330414624311,16,0.9471766848816029,0.9520340012143291
pendigits,tanh,val_acc,0.9497191863995142,0.0005234693605916299,0.0010683048175339387,16,0.9477838494231937,0.9520340012143291
pendigits,log,val_acc,0.9388661202185793,0.017351687134703152,0.03541160639735337,16,0.8469945355191257,0.9890710382513661
mnist,gradient descent,test_acc,0.96510625,0.00048818978123266703,0.0009963056759850347,16,0.9636,0.9669
mnist,KarciFANN,test_acc,0.967,0.0008097117182471031,0.0016524728943818432,16,0.9639,0.9694
mnist,exp,test_acc,0.96470625,0.00036072731506407236,0.0007361781940083109,16,0.9634,0.9658
mnist,tanh,test_acc,0.96305,0.0006927336188367465,0.0014137420792586662,16,0.9602,0.9652
mnist,log,test_acc,0.9584,0.0007569931747820857,0.0015448840301675218,16,0.9557,0.9611
mnist,gradient descent,test_f1,0.9648153031150034,0.0004956529971436832,0.0010115367288646598,16,0.9632882711238093,0.9667317407783859
mnist,KarciFANN,test_f1,0.966763457882114,0.0007975563928594398,0.0016276661078764077,16,0.9637075602745966,0.9691381087193381
mnist,exp,test_f1,0.9644036332499922,0.00036515359936946845,0.0007452114272846295,16,0.9630333952358248,0.9656143616652209
mnist,tanh,test_f1,0.962736350335487,0.0006998722735759158,0.001428310762399828,16,0.959893271143204,0.9650213974061199
mnist,log,test_f1,0.9580472584853255,0.0007819166482199433,0.0015957482616733537,16,0.9552284356888429,0.9608885534547948
mnist,gradient descent,val_acc,0.9717,0.0005934194694031134,0.0012110601416390069,16,0.9698,0.9746
mnist,KarciFANN,val_acc,0.97355,0.0006067564036195523,0.0012382783747337802,16,0.971,0.9758
mnist,exp,val_acc,0.9717625000000001,0.00044582819934739374,0.0009098534680559056,16,0.9702,0.9734
mnist,tanh,val_acc,0.9709,0.0007489149484420777,0.001528397853963424,16,0.9678,0.9746
mnist,log,val_acc,0.968525,0.0008299197953216083,0.0016937138680032822,16,0.9658,0.971
letter,gradient descent,test_acc,0.8761882921947965,0.003155307721589149,0.006439403513447243,16,0.8669112741827886,0.8872581721147431
letter,KarciFANN,test_acc,0.871581054036024,0.0052406984534189354,0.010695302966161092,16,0.8539026017344896,0.8912608405603736
letter,exp,test_acc,0.8752293195463642,0.003658318459766184,0.0074659560403391514,16,0.8595730486991328,0.8872581721147431
letter,tanh,test_acc,0.8601776184122749,0.012749088320909504,0.026018547593692865,16,0.776184122748499,0.8849232821881254
letter,log,test_acc,0.841852901934623,0.005309527200665761,0.010835769797277062,16,0.8075383589059373,0.8519012675116745
letter,gradient descent,test_f1,0.8759481015288623,0.003455273661508586,0.007051578901037931,16,0.8621249699820599,0.887502797858054
letter,KarciFANN,test_f1,0.8704908333916179,0.006121390684967421,0.01249263405095392,16,0.8494462279457042,0.8919338544588208
letter,exp,test_f1,0.8752436248882409,0.003678928727015441,0.007508017810235594,16,0.8596812842940762,0.887382595209098
letter,tanh,test_f1,0.8548822483810721,0.017807088050586808,0.03634099602160573,16,0.7370482358890214,0.8847767266746307
letter,log,test_f1,0.8410004663025554,0.006954775279815451,0.01419341893839888,16,0.793884540653247,0.8528406782107518
letter,gradient descent,val_acc,0.8743328885923949,0.0032516391694520056,0.006635998305004093,16,0.8599066044029353,0.8882588392261508
letter,KarciFANN,val_acc,0.8703719146097398,0.0039519589837867485,0.008065222415891323,16,0.8498999332888593,0.8815877251501001
letter,exp,val_acc,0.8734364576384256,0.0029786396028704965,0.006078856332388768,16,0.8612408272181454,0.8842561707805203
letter,tanh,val_acc,0.8584681454302869,0.012728327777681481,0.02597617913812547,16,0.7735156771180787,0.8792528352234823
letter,log,val_acc,0.8367036357571714,0.00532730584727473,0.010872052749540265,16,0.7995330220146765,0.847898599066044
