dataset,config,mean_test_acc,ci95
vehicle,relu/ce/adam,0.83447265625,0.01075684960552449
vehicle,relu/ce/gd,0.78515625,0.009058997167871287
vehicle,relu/mse/adam,0.7001953125,0.04319452874658228
vehicle,relu/mse/gd,0.7431640625,0.04779027324974358
vehicle,sigmoid/ce/adam,0.81201171875,0.005497725970319598
vehicle,sigmoid/ce/gd,0.791015625,0.00719578892514284
vehicle,sigmoid/mse/adam,0.79345703125,0.0050338994665684615
vehicle,sigmoid/mse/gd,0.7734375,0.004193500830898928
satimage,relu/ce/adam,0.9000259336099586,0.004613587122156989
satimage,relu/ce/gd,0.9032028008298755,0.004073663856634034
satimage,relu/mse/adam,0.7931794605809128,0.047369107974771694
satimage,relu/mse/gd,0.8161307053941909,0.04465957332722777
satimage,sigmoid/ce/adam,0.9058609958506224,0.0020957694570048198
satimage,sigmoid/ce/gd,0.8898469917012448,0.004847861904571755
satimage,sigmoid/mse/adam,0.9013226141078837,0.0019455296706249437
satimage,sigmoid/mse/gd,0.8908843360995852,0.01265683463301516
dry_bean,relu/ce/adam,0.9235294117647059,0.0014676222813910945
dry_bean,relu/ce/gd,0.9221507352941177,0.0011968700085414022
dry_bean,relu/mse/adam,0.6459558823529412,0.061456315344266814
dry_bean,relu/mse/gd,0.6233149509803921,0.06865446368391942
dry_bean,sigmoid/ce/adam,0.9244485294117646,0.0014138962156574864
dry_bean,sigmoid/ce/gd,0.9222426470588235,0.0017538700319773904
dry_bean,sigmoid/mse/adam,0.923498774509804,0.001131622672521874
dry_bean,sigmoid/mse/gd,0.9231311274509804,0.0013365460366387102
segment,relu/ce/adam,0.9685714285714286,0.0019798989873223197
segment,relu/ce/gd,0.95875,0.006723280449304476
segment,relu/mse/adam,0.7142857142857143,0.09664124723256971
segment,relu/mse/gd,0.6919642857142857,0.10152103804959181
segment,sigmoid/ce/adam,0.9708928571428572,0.002241093483101496
segment,sigmoid/ce/gd,0.9648214285714286,0.00432926090689853
segment,sigmoid/mse/adam,0.9771428571428572,0.0021688706738761756
segment,sigmoid/mse/gd,0.96875,0.005587590416867247
optdigits,relu/ce/adam,0.98541172985782,0.0011556817922183887
optdigits,relu/ce/gd,0.9851895734597156,0.0010385528995022824
optdigits,relu/mse/adam,0.8989188388625593,0.041368508941194176
optdigits,relu/mse/gd,0.8001332938388626,0.06161280131394657
optdigits,sigmoid/ce/adam,0.9828939573459715,0.0015134740991945323
optdigits,sigmoid/ce/gd,0.9848193127962085,0.001685566743294698
optdigits,sigmoid/mse/adam,0.9809686018957346,0.0018046724433083102
optdigits,sigmoid/mse/gd,0.9820053317535544,0.000976523951185065
pendigits,relu/ce/adam,0.9946873102610809,0.0007796065220357323
pendigits,relu/ce/gd,0.9924104432301154,0.0005850201813267688
pendigits,relu/mse/adam,0.6983151183970855,0.06877262334582729
pendigits,relu/mse/gd,0.6606329690346083,0.07693860758125787
pendigits,sigmoid/ce/adam,0.9943078324225866,0.0005195799700255519
pendigits,sigmoid/ce/gd,0.9943078324225866,0.0004328413233341413
pendigits,sigmoid/mse/adam,0.9644808743169397,0.008515250974425426
pendigits,sigmoid/mse/gd,0.9530585913782637,0.0005719507975398128
mnist,relu/ce/adam,0.97196875,0.0004846522765516185
mnist,relu/ce/gd,0.97015625,0.0012249305813664079
mnist,relu/mse/adam,0.8952312499999999,0.04017691933057876
mnist,relu/mse/gd,0.8380187499999999,0.07715231400826009
mnist,sigmoid/ce/adam,0.9688687500000001,0.0006457892038686654
mnist,sigmoid/ce/gd,0.97074375,0.0008608708744637557
mnist,sigmoid/mse/adam,0.9622999999999999,0.0010275211595550408
mnist,sigmoid/mse/gd,0.96510625,0.0004881897812326704
letter,relu/ce/adam,0.9270555370246831,0.0016493033699492494
letter,relu/ce/gd,0.9245330220146764,0.002415778115491074
letter,relu/mse/adam,0.4399808205470313,0.027065864317899656
letter,relu/mse/gd,0.35283939292861904,0.025051406365834805
letter,sigmoid/ce/adam,0.913880086724483,0.001831933442944873
letter,sigmoid/ce/gd,0.918883422281521,0.001841629165814886
letter,sigmoid/mse/adam,0.8813375583722481,0.0029633730249166335
letter,sigmoid/mse/gd,0.8761882921947965,0.0031553077215891482
