dataset,config,activation,loss,rule,lr,val_acc,test_acc,test_precision,test_recall,test_f1,train_mse,diverged
vehicle,sigmoid/mse/gd,sigmoid,mse,gd,0.001953125,0.4296875,0.4609375,0.4569835793240048,0.4630208333333333,0.4469605363015431,0.17885817981862295,0
vehicle,sigmoid/mse/gd,sigmoid,mse,gd,0.00390625,0.4765625,0.46875,0.4753010242998802,0.47637310606060607,0.44986131439619814,0.1709505020975869,0
vehicle,sigmoid/mse/gd,sigmoid,mse,gd,0.0078125,0.53125,0.53125,0.549361086153539,0.5379261363636364,0.5209346821247253,0.16188014586257835,0
vehicle,sigmoid/mse/gd,sigmoid,mse,gd,0.015625,0.6328125,0.6171875,0.6272149175875884,0.6220170454545455,0.6061674612307524,0.14772196850608266,0
vehicle,sigmoid/mse/gd,sigmoid,mse,gd,0.03125,0.7109375,0.6640625,0.655155351276041,0.6685132575757576,0.6439643791256695,0.12308591857153625,0
vehicle,sigmoid/mse/gd,sigmoid,mse,gd,0.0625,0.71875,0.71875,0.7036171509855721,0.7223011363636364,0.702311969563945,0.09849729115741396,0
vehicle,sigmoid/mse/gd,sigmoid,mse,gd,0.125,0.7578125,0.734375,0.7202723349782173,0.7376893939393939,0.7234272875816994,0.08039789639592985,0
vehicle,sigmoid/mse/gd,sigmoid,mse,gd,0.25,0.7890625,0.7421875,0.7299163973756365,0.7447443181818182,0.7327981275386605,0.06785703753528934,0
vehicle,sigmoid/mse/gd,sigmoid,mse,gd,0.5,0.84375,0.78125,0.7750745230524642,0.7838541666666667,0.7766061156743568,0.055006424081590725,0
vehicle,sigmoid/mse/gd,sigmoid,mse,gd,1,0.828125,0.8125,0.8120383276633276,0.8148674242424243,0.8109607115168851,0.035648061746558844,0
vehicle,sigmoid/mse/gd,sigmoid,mse,gd,2,0.828125,0.828125,0.826567082111437,0.8309659090909092,0.828083028083028,0.017283043869228153,0
vehicle,sigmoid/mse/gd,sigmoid,mse,gd,4,0.828125,0.8125,0.812958211143695,0.8158143939393939,0.8135760073260074,0.0063835853707501986,0
vehicle,sigmoid/mse/gd,sigmoid,mse,gd,8,0.8203125,0.8046875,0.8027191558441559,0.8075284090909092,0.8036683904330963,0.0021079197801203075,0
vehicle,sigmoid/mse/gd,sigmoid,mse,gd,16,0.8203125,0.8046875,0.8022296015180266,0.8075284090909091,0.8046000826117956,0.0019594199324956267,0
vehicle,sigmoid/mse/gd,sigmoid,mse,gd,32,0.65625,0.65625,0.7304069019185299,0.6463541666666668,0.6147619047619047,0.06086348758791673,0
vehicle,sigmoid/mse/gd,sigmoid,mse,gd,64,0.3046875,0.359375,0.18013343217197925,0.3643939393939394,0.24088196286472147,0.24999999999864347,0
vehicle,sigmoid/mse/gd,sigmoid,mse,gd,128,0.3125,0.3828125,0.1915140415140415,0.3893939393939394,0.25652412280701753,0.25,0
vehicle,sigmoid/mse/gd,sigmoid,mse,gd,256,0.3125,0.359375,0.18377358490566037,0.3651515151515151,0.24364123159303883,0.25,0
vehicle,sigmoid/mse/adam,sigmoid,mse,adam,1e-05,0.5,0.53125,0.5577064444988973,0.5383996212121211,0.5152967858663331,0.1665650488976839,0
vehicle,sigmoid/mse/adam,sigmoid,mse,adam,3e-05,0.65625,0.6328125,0.6288659412060946,0.6372159090909091,0.612363754820306,0.1387680462692409,0
vehicle,sigmoid/mse/adam,sigmoid,mse,adam,0.0001,0.7421875,0.7265625,0.7137413669921411,0.7291193181818182,0.7115191638249503,0.09298919562585808,0
vehicle,sigmoid/mse/adam,sigmoid,mse,adam,0.0003,0.8046875,0.7578125,0.7505751719461398,0.7601325757575758,0.7517318331466586,0.06576896106737844,0
vehicle,sigmoid/mse/adam,sigmoid,mse,adam,0.001,0.8828125,0.8046875,0.8129103535353536,0.8061079545454546,0.7938469057823896,0.0400072278127081,0
vehicle,sigmoid/mse/adam,sigmoid,mse,adam,0.003,0.875,0.8359375,0.8343043134181573,0.8383049242424243,0.8355953514481341,0.008511294441759775,0
vehicle,sigmoid/mse/adam,sigmoid,mse,adam,0.01,0.8515625,0.8359375,0.8383640552995392,0.8383049242424243,0.8378809124430799,6.964316710585327e-05,0
vehicle,sigmoid/mse/adam,sigmoid,mse,adam,0.03,0.8203125,0.828125,0.8270359848484848,0.8312026515151515,0.828083028083028,7.264446799800138e-06,0
vehicle,sigmoid/mse/adam,sigmoid,mse,adam,0.1,0.828125,0.828125,0.8271517255892256,0.8297348484848486,0.8266167751155984,1.0863066940388693e-06,0
vehicle,sigmoid/ce/gd,sigmoid,ce,gd,0.001953125,0.6484375,0.6328125,0.626634481054927,0.6379261363636364,0.6213908584876326,0.9754880405139496,0
vehicle,sigmoid/ce/gd,sigmoid,ce,gd,0.00390625,0.703125,0.6875,0.6766223442694032,0.6909564393939394,0.6769989919682633,0.7671514017294594,0
vehicle,sigmoid/ce/gd,sigmoid,ce,gd,0.0078125,0.7578125,0.734375,0.7238969297792828,0.7371685606060606,0.7246639628073451,0.5759708351032078,0
vehicle,sigmoid/ce/gd,sigmoid,ce,gd,0.015625,0.8125,0.71875,0.7103086300309598,0.721780303030303,0.7127817458433799,0.44226855611111565,0
vehicle,sigmoid/ce/gd,sigmoid,ce,gd,0.03125,0.8359375,0.7734375,0.7731279336862079,0.7757575757575759,0.7713709097937744,0.35864665779870875,0
vehicle,sigmoid/ce/gd,sigmoid,ce,gd,0.0625,0.875,0.7890625,0.791636119257087,0.790909090909091,0.7866434224507435,0.28375541862310844,0
vehicle,sigmoid/ce/gd,sigmoid,ce,gd,0.125,0.84375,0.765625,0.7684435252131999,0.7684185606060606,0.7676846318328856,0.18501773878959,0
vehicle,sigmoid/ce/gd,sigmoid,ce,gd,0.25,0.84375,0.796875,0.7967317181026858,0.7989583333333334,0.796795827123696,0.09120914415619993,0
vehicle,sigmoid/ce/gd,sigmoid,ce,gd,0.5,0.8671875,0.796875,0.7963932493818642,0.7991950757575758,0.7975340713862542,0.0208967474984962,0
vehicle,sigmoid/ce/gd,sigmoid,ce,gd,1,0.84375,0.78125,0.7762385762385763,0.7835700757575759,0.778192658676208,0.005658050481323744,0
vehicle,sigmoid/ce/gd,sigmoid,ce,gd,2,0.8515625,0.8203125,0.8225400557297109,0.822159090909091,0.8216089980345148,0.0021207143753460053,0
vehicle,sigmoid/ce/gd,sigmoid,ce,gd,4,0.8046875,0.8125,0.8204954954954955,0.8145833333333334,0.8165730606758832,0.0011492916456395802,0
vehicle,sigmoid/ce/gd,sigmoid,ce,gd,8,0.7734375,0.796875,0.7978517897872737,0.7997159090909091,0.7977461716235772,0.0005765311829405157,0
vehicle,sigmoid/ce/gd,sigmoid,ce,gd,16,0.7578125,0.7421875,0.752446780811275,0.7442234848484848,0.742570813114704,0.6779334923280833,0
vehicle,sigmoid/ce/gd,sigmoid,ce,gd,32,0.734375,0.7265625,0.7236577964519142,0.7303030303030303,0.7240324352264651,4.2190760026935745,0
vehicle,sigmoid/ce/gd,sigmoid,ce,gd,64,0.6640625,0.5859375,0.47340609840609843,0.5918560606060607,0.5230060875745496,7.125858473648086,0
vehicle,sigmoid/ce/gd,sigmoid,ce,gd,128,0.5546875,0.546875,0.5784632034632035,0.5553030303030303,0.5260987624412008,9.437112501309024,0
vehicle,sigmoid/ce/gd,sigmoid,ce,gd,256,0.578125,0.515625,0.571875,0.5118844696969697,0.5245817455785643,10.271714094985244,0
vehicle,sigmoid/ce/adam,sigmoid,ce,adam,1e-05,0.4765625,0.5390625,0.551643057403426,0.5449810606060607,0.5315885740043647,1.1566968963824376,0
vehicle,sigmoid/ce/adam,sigmoid,ce,adam,3e-05,0.6875,0.6484375,0.6394713699433261,0.6528409090909091,0.6344126761238669,0.90847909142546,0
vehicle,sigmoid/ce/adam,sigmoid,ce,adam,0.0001,0.7734375,0.7265625,0.7149240078806642,0.7293560606060606,0.7164837855908253,0.5445298519285868,0
vehicle,sigmoid/ce/adam,sigmoid,ce,adam,0.0003,0.8203125,0.765625,0.764390448261416,0.7677083333333334,0.7596592857768404,0.3519764473270566,0
vehicle,sigmoid/ce/adam,sigmoid,ce,adam,0.001,0.84375,0.78125,0.781457153486016,0.7833333333333334,0.7800320259257034,0.1922834799292425,0
vehicle,sigmoid/ce/adam,sigmoid,ce,adam,0.003,0.8125,0.7890625,0.7870158235581622,0.7918560606060606,0.7890319525904204,0.025643584030525853,0
vehicle,sigmoid/ce/adam,sigmoid,ce,adam,0.01,0.8515625,0.8125,0.8141537058371735,0.8145833333333334,0.8139273673102646,0.000379025952993993,0
vehicle,sigmoid/ce/adam,sigmoid,ce,adam,0.03,0.7734375,0.7734375,0.7778005900485739,0.7776988636363636,0.7758813531443611,4.174008741141847e-05,0
vehicle,sigmoid/ce/adam,sigmoid,ce,adam,0.1,0.84375,0.7890625,0.7838143338143339,0.7919034090909092,0.7861291666127159,1.0827408411620402e-05,0
vehicle,relu/mse/gd,relu,mse,gd,0.001953125,0.5078125,0.5390625,0.5225000000000001,0.5357954545454545,0.5005284838618171,0.19032015261458624,0
vehicle,relu/mse/gd,relu,mse,gd,0.00390625,0.7109375,0.6875,0.6779312400635931,0.6887310606060606,0.6698429200447302,0.10113410854426155,0
vehicle,relu/mse/gd,relu,mse,gd,0.0078125,0.796875,0.71875,0.7091740938799762,0.7220170454545455,0.7130019511248378,0.06680282178451048,0
vehicle,relu/mse/gd,relu,mse,gd,0.015625,0.8046875,0.7578125,0.7560606060606061,0.7601325757575759,0.7514446487049227,0.05216320870788742,0
vehicle,relu/mse/gd,relu,mse,gd,0.03125,0.84375,0.8125,0.8095874713521773,0.8145833333333334,0.810778359285822,0.038245992058016876,0
vehicle,relu/mse/gd,relu,mse,gd,0.0625,0.8125,0.84375,0.8436843487394958,0.8460700757575759,0.8431327808818989,0.02742703404063112,0
vehicle,relu/mse/gd,relu,mse,gd,0.125,0.796875,0.8515625,0.8563792226031316,0.8538825757575758,0.8513573632495917,0.022178947307899047,0
vehicle,relu/mse/gd,relu,mse,gd,0.25,0.734375,0.7734375,0.7947827001999369,0.7781250000000001,0.7755533435612703,0.09151988277611287,0
vehicle,relu/mse/gd,relu,mse,gd,0.5,0.5234375,0.5546875,0.4350965798334219,0.5435606060606061,0.4717836257309942,0.130707024964373,0
vehicle,relu/mse/gd,relu,mse,gd,1,0.25,0.2578125,0.064453125,0.25,0.10248447204968944,0.25,0
vehicle,relu/mse/gd,relu,mse,gd,2,0.2578125,0.2578125,0.064453125,0.25,0.10248447204968944,0.25,0
vehicle,relu/mse/gd,relu,mse,gd,4,0.2578125,0.2578125,0.064453125,0.25,0.10248447204968944,0.25,0
vehicle,relu/mse/gd,relu,mse,gd,8,0.265625,0.265625,0.31496062992125984,0.25757575757575757,0.11783088235294117,0.25,0
vehicle,relu/mse/gd,relu,mse,gd,16,0.2578125,0.2578125,0.064453125,0.25,0.10248447204968944,0.25,0
vehicle,relu/mse/gd,relu,mse,gd,32,0.2578125,0.2578125,0.064453125,0.25,0.10248447204968944,0.25,0
vehicle,relu/mse/gd,relu,mse,gd,64,0.2578125,0.2578125,0.064453125,0.25,0.10248447204968944,0.25,0
vehicle,relu/mse/gd,relu,mse,gd,128,0.2578125,0.2578125,0.064453125,0.25,0.10248447204968944,0.25,0
vehicle,relu/mse/gd,relu,mse,gd,256,0.2578125,0.2578125,0.064453125,0.25,0.10248447204968944,0.25,0
vehicle,relu/mse/adam,relu,mse,adam,1e-05,0.484375,0.4296875,0.35890151515151514,0.42727272727272725,0.3692474192474193,0.1930993607044618,0
vehicle,relu/mse/adam,relu,mse,adam,3e-05,0.6953125,0.703125,0.6857944901423162,0.7057291666666667,0.6604753592201149,0.10682709786730069,0
vehicle,relu/mse/adam,relu,mse,adam,0.0001,0.8125,0.734375,0.7303808620222282,0.7374526515151516,0.7258569182389937,0.05628474895436279,0
vehicle,relu/mse/adam,relu,mse,adam,0.0003,0.8125,0.8125,0.8125463698993112,0.8141098484848486,0.811586438268705,0.03135758472997809,0
vehicle,relu/mse/adam,relu,mse,adam,0.001,0.8046875,0.859375,0.8590032428742106,0.8605113636363637,0.8579691254106533,0.013207411556007926,0
vehicle,relu/mse/adam,relu,mse,adam,0.003,0.75,0.7890625,0.794537701823575,0.7905776515151515,0.792016719656724,0.0059767260069359986,0
vehicle,relu/mse/adam,relu,mse,adam,0.01,0.8125,0.8203125,0.8197751322751323,0.8219223484848486,0.819137153756123,0.008441262328617265,0
vehicle,relu/mse/adam,relu,mse,adam,0.03,0.2578125,0.2578125,0.064453125,0.25,0.10248447204968944,0.25,0
vehicle,relu/mse/adam,relu,mse,adam,0.1,0.2578125,0.2578125,0.064453125,0.25,0.10248447204968944,0.25,0
vehicle,relu/ce/gd,relu,ce,gd,0.001953125,0.78125,0.7109375,0.6966810966810967,0.7142045454545455,0.6997038057140359,0.46525062738273626,0
vehicle,relu/ce/gd,relu,ce,gd,0.00390625,0.8046875,0.7578125,0.7522727272727273,0.7598958333333334,0.7497611470214209,0.35509823709066796,0
vehicle,relu/ce/gd,relu,ce,gd,0.0078125,0.828125,0.7578125,0.7546802156177157,0.7601325757575759,0.7534416748126426,0.26541779027909557,0
vehicle,relu/ce/gd,relu,ce,gd,0.015625,0.828125,0.8203125,0.8183446086114697,0.8229166666666667,0.8195956803982252,0.18177294803942298,0
vehicle,relu/ce/gd,relu,ce,gd,0.03125,0.8046875,0.8359375,0.8391774891774892,0.8385416666666667,0.8374333604409505,0.0987179858330959,0
vehicle,relu/ce/gd,relu,ce,gd,0.0625,0.8203125,0.828125,0.8305294322535702,0.8307291666666667,0.8287909128964013,0.03715394229431894,0
vehicle,relu/ce/gd,relu,ce,gd,0.125,0.8046875,0.8125,0.8149642981539533,0.8153409090909092,0.8133478147733315,0.012440454805856326,0
vehicle,relu/ce/gd,relu,ce,gd,0.25,0.8046875,0.78125,0.7842415381889066,0.7843276515151516,0.78133584937118,0.0035737883657214484,0
vehicle,relu/ce/gd,relu,ce,gd,0.5,0.78125,0.8125,0.8135642974352653,0.814346590909091,0.8121417806052428,0.0013083155497136088,0
vehicle,relu/ce/gd,relu,ce,gd,1,0.8125,0.8125,0.8083787950664136,0.8153409090909091,0.8113466127503802,0.0004908908465766287,0
vehicle,relu/ce/gd,relu,ce,gd,2,0.46875,0.4609375,0.38183465085639,0.46917613636363636,0.3528351429990774,0.8708909308644791,0
vehicle,relu/ce/gd,relu,ce,gd,4,0.2578125,0.2578125,0.064453125,0.25,0.10248447204968944,nan,1
vehicle,relu/ce/gd,relu,ce,gd,8,0.2578125,0.2578125,0.064453125,0.25,0.10248447204968944,nan,1
vehicle,relu/ce/gd,relu,ce,gd,16,0.2578125,0.2578125,0.064453125,0.25,0.10248447204968944,nan,1
vehicle,relu/ce/gd,relu,ce,gd,32,0.2578125,0.2578125,0.064453125,0.25,0.10248447204968944,nan,1
vehicle,relu/ce/gd,relu,ce,gd,64,0.2578125,0.2578125,0.064453125,0.25,0.10248447204968944,nan,1
vehicle,relu/ce/gd,relu,ce,gd,128,0.2578125,0.2578125,0.064453125,0.25,0.10248447204968944,nan,1
vehicle,relu/ce/gd,relu,ce,gd,256,0.2578125,0.2578125,0.064453125,0.25,0.10248447204968944,nan,1
vehicle,relu/ce/adam,relu,ce,adam,1e-05,0.546875,0.5625,0.5556192233154442,0.5687973484848485,0.5529281491668304,0.9634845646289265,0
vehicle,relu/ce/adam,relu,ce,adam,3e-05,0.75,0.65625,0.6282872157872158,0.6602272727272728,0.6371176284620572,0.5911365084866744,0
vehicle,relu/ce/adam,relu,ce,adam,0.0001,0.8359375,0.7421875,0.7400568181818181,0.7447916666666667,0.7335938255293094,0.3219407552790234,0
vehicle,relu/ce/adam,relu,ce,adam,0.0003,0.8046875,0.8125,0.8124538177339902,0.8151041666666667,0.8129446820016701,0.1787599757855853,0
vehicle,relu/ce/adam,relu,ce,adam,0.001,0.84375,0.84375,0.8474834552420759,0.8461174242424243,0.8449241421443845,0.04709540261344146,0
vehicle,relu/ce/adam,relu,ce,adam,0.003,0.84375,0.8359375,0.8359069525904204,0.8380208333333334,0.8368562874966564,0.0019016174694025747,0
vehicle,relu/ce/adam,relu,ce,adam,0.01,0.8125,0.828125,0.830557588118072,0.8304924242424243,0.8286914362519201,0.000276483103411601,0
vehicle,relu/ce/adam,relu,ce,adam,0.03,0.8046875,0.8359375,0.83730135199241,0.837784090909091,0.8373367952766044,1.553985559958978e-05,0
vehicle,relu/ce/adam,relu,ce,adam,0.1,0.7578125,0.7734375,0.7829230983173411,0.773816287878788,0.7605082662750258,0.6231682543188991,0
