coefficient,method,mse,accuracy,diverged,output_0,output_1,output_2,output_3
0.4,KarciFANN,4.233640337193428e-11,1.0,0,0.0,1.0,1.0,0.0
0.4,classical ANN,0.0004658256392273069,1.0,0,0.01,0.979,0.976,0.027
0.6,KarciFANN,1.9152639984378805e-07,1.0,0,0.0,1.0,1.0,0.001
0.6,classical ANN,0.0002854730984079743,1.0,0,0.007,0.983,0.981,0.021
0.8,KarciFANN,1.3216054735568522e-05,1.0,0,0.001,0.996,0.996,0.005
0.8,classical ANN,0.0002046602908760791,1.0,0,0.006,0.986,0.984,0.018
1.0,KarciFANN,0.00015905035512069348,1.0,0,0.005,0.988,0.986,0.016
1.0,classical ANN,0.00015905035512069348,1.0,0,0.005,0.988,0.986,0.016
1.2,KarciFANN,0.0008418136139563008,1.0,0,0.013,0.971,0.968,0.037
1.2,classical ANN,0.00012981728363665294,1.0,0,0.005,0.989,0.987,0.015
1.4,KarciFANN,0.0023681128678013706,1.0,0,0.026,0.95,0.949,0.06
1.4,classical ANN,0.00010949168974783154,1.0,0,0.004,0.99,0.988,0.013
1.6,KarciFANN,0.006939488825211904,1.0,0,0.039,0.92,0.907,0.106
1.6,classical ANN,9.4526304361841e-05,1.0,0,0.004,0.99,0.989,0.012
1.8,KarciFANN,0.014030416401905854,1.0,0,0.059,0.887,0.868,0.15
1.8,classical ANN,8.301857118022432e-05,1.0,0,0.004,0.991,0.99,0.012
2.0,KarciFANN,0.025473433766575675,1.0,0,0.082,0.848,0.832,0.209
2.0,classical ANN,7.385065938967174e-05,1.0,0,0.003,0.991,0.99,0.011
2.2,KarciFANN,0.03060061503662817,1.0,0,0.159,0.83,0.82,0.189
2.2,classical ANN,6.631411110425808e-05,1.0,0,0.003,0.992,0.991,0.01
